Date,Open,High,Low,Close,Adj Close,Volume
2020-09-09,810.0,810.0,780.0,795.0,688.5482177734375,109624500
2020-09-10,785.0,790.0,740.0,740.0,640.9127807617188,121922400
2020-09-11,710.0,780.0,700.0,775.0,671.2262573242188,114696400
2020-09-14,780.0,805.0,780.0,800.0,692.8787231445312,61791200
2020-09-15,810.0,820.0,785.0,805.0,697.209228515625,66313200
2020-09-16,805.0,810.0,785.0,795.0,688.5482177734375,31285000
2020-09-17,805.0,805.0,765.0,775.0,671.2262573242188,47543300
2020-09-18,780.0,795.0,775.0,790.0,684.2177124023438,28855300
2020-09-21,785.0,790.0,760.0,765.0,662.5653076171875,34817700
2020-09-22,750.0,755.0,725.0,735.0,636.5823364257812,52789600
2020-09-23,755.0,780.0,735.0,750.0,649.5737915039062,95405500
2020-09-24,750.0,750.0,705.0,720.0,623.5908813476562,69787900
2020-09-25,735.0,735.0,715.0,730.0,632.2518310546875,42231400
2020-09-28,730.0,740.0,715.0,725.0,627.9213256835938,23365500
2020-09-29,735.0,740.0,715.0,715.0,619.2603759765625,47576900
2020-09-30,720.0,730.0,695.0,705.0,610.5994262695312,40688700
2020-10-01,710.0,740.0,710.0,735.0,636.5823364257812,45502700
2020-10-02,735.0,735.0,705.0,725.0,627.9213256835938,56903300
2020-10-05,735.0,735.0,715.0,720.0,623.5908813476562,20089800
2020-10-06,730.0,735.0,715.0,720.0,623.5908813476562,39918300
2020-10-07,715.0,720.0,710.0,715.0,619.2603759765625,22001600
2020-10-08,720.0,730.0,715.0,720.0,623.5908813476562,28843100
2020-10-09,730.0,775.0,725.0,765.0,662.5653076171875,175465400
2020-10-12,780.0,790.0,765.0,780.0,675.5567626953125,108451600
2020-10-13,780.0,780.0,760.0,765.0,662.5653076171875,47798000
2020-10-14,775.0,955.0,775.0,955.0,827.1240234375,1116793100
2020-10-15,1020.0,1180.0,920.0,935.0,809.802001953125,1510069900
2020-10-16,960.0,995.0,920.0,940.0,814.132568359375,638756000
2020-10-19,970.0,1055.0,950.0,1055.0,913.7338256835938,1158293800
2020-10-20,1055.0,1065.0,1020.0,1035.0,896.4118041992188,789265700
2020-10-21,1050.0,1145.0,1050.0,1100.0,952.708251953125,1370011500
2020-10-22,1100.0,1120.0,1075.0,1085.0,939.716796875,465407900
2020-10-23,1095.0,1120.0,1060.0,1085.0,939.716796875,392722300
2020-10-26,1090.0,1095.0,1060.0,1060.0,918.0643310546875,183290100
2020-10-27,1050.0,1095.0,1050.0,1055.0,913.7338256835938,333734100
2020-11-02,1065.0,1125.0,1055.0,1100.0,952.708251953125,571253300
2020-11-03,1115.0,1130.0,1105.0,1110.0,961.369140625,317572700
2020-11-04,1125.0,1145.0,1100.0,1105.0,957.0387573242188,410216500
2020-11-05,1130.0,1145.0,1115.0,1125.0,974.3606567382812,240422000
2020-11-06,1140.0,1140.0,1115.0,1125.0,974.3606567382812,202159600
2020-11-09,1140.0,1245.0,1135.0,1240.0,1073.9619140625,846313500
2020-11-10,1250.0,1255.0,1195.0,1200.0,1039.3179931640625,604934300
2020-11-11,1210.0,1240.0,1185.0,1195.0,1034.987548828125,628878500
2020-11-12,1190.0,1205.0,1165.0,1170.0,1013.3350219726562,200055900
2020-11-13,1160.0,1180.0,1155.0,1170.0,1013.3350219726562,172842400
2020-11-16,1200.0,1210.0,1180.0,1185.0,1026.3265380859375,213486900
2020-11-17,1185.0,1215.0,1175.0,1190.0,1030.6571044921875,300731400
2020-11-18,1220.0,1280.0,1215.0,1240.0,1073.9619140625,853419900
2020-11-19,1240.0,1245.0,1220.0,1235.0,1069.6314697265625,286394100
2020-11-20,1235.0,1240.0,1200.0,1210.0,1047.97900390625,220936900
2020-11-23,1225.0,1255.0,1215.0,1255.0,1086.95361328125,371401400
2020-11-24,1255.0,1255.0,1220.0,1235.0,1069.6314697265625,351292500
2020-11-25,1235.0,1240.0,1195.0,1205.0,1043.6485595703125,303117600
2020-11-26,1200.0,1225.0,1195.0,1210.0,1047.97900390625,147126800
2020-11-27,1230.0,1250.0,1215.0,1230.0,1065.3009033203125,308954300
2020-11-30,1225.0,1225.0,1145.0,1145.0,991.6826782226562,446062400
2020-12-01,1150.0,1180.0,1105.0,1155.0,1000.3435668945312,240765000
2020-12-02,1170.0,1260.0,1170.0,1245.0,1078.2926025390625,803420400
2020-12-03,1245.0,1300.0,1235.0,1255.0,1086.95361328125,615002200
2020-12-04,1265.0,1270.0,1235.0,1245.0,1078.2926025390625,155578400
2020-12-07,1270.0,1295.0,1260.0,1280.0,1108.6060791015625,367250700
2020-12-08,1295.0,1320.0,1285.0,1300.0,1125.9278564453125,377826500
2020-12-10,1330.0,1425.0,1330.0,1395.0,1208.2073974609375,686885600
2020-12-11,1475.0,1500.0,1435.0,1450.0,1255.8426513671875,487755900
2020-12-14,1500.0,1540.0,1490.0,1525.0,1320.8001708984375,417804400
2020-12-15,1525.0,1565.0,1495.0,1560.0,1351.113525390625,462918300
2020-12-16,1595.0,1925.0,1590.0,1815.0,1571.9686279296875,1272844700
2020-12-17,1840.0,1880.0,1775.0,1815.0,1571.9686279296875,542949200
2020-12-18,1845.0,1960.0,1810.0,1950.0,1688.891845703125,1083731700
2020-12-21,1965.0,2020.0,1925.0,1965.0,1701.8834228515625,627035000
2020-12-22,1950.0,1960.0,1830.0,1835.0,1589.2906494140625,678922000
2020-12-23,1830.0,1850.0,1720.0,1790.0,1550.316162109375,659296400
2020-12-28,1825.0,2000.0,1780.0,2000.0,1732.1968994140625,992175000
2020-12-29,2050.0,2070.0,1935.0,1945.0,1684.5614013671875,739754900
2020-12-30,1945.0,1985.0,1905.0,1935.0,1675.9005126953125,535943500
2021-01-04,1970.0,2200.0,1940.0,2190.0,1896.75537109375,1040753400
2021-01-05,2190.0,2340.0,2130.0,2230.0,1931.3994140625,1139014700
2021-01-06,2270.0,2290.0,2130.0,2220.0,1922.73828125,629211500
2021-01-07,2250.0,2740.0,2240.0,2600.0,2251.855712890625,1982112200
2021-01-08,2640.0,2750.0,2560.0,2600.0,2251.855712890625,1052618000
2021-01-11,2560.0,2650.0,2530.0,2580.0,2234.5341796875,521301600
2021-01-12,2580.0,2780.0,2550.0,2770.0,2399.092529296875,1147172800
2021-01-13,2850.0,3130.0,2850.0,3120.0,2702.22705078125,1280852600
2021-01-14,3140.0,3440.0,3060.0,3180.0,2754.19287109375,1499058400
2021-01-15,3300.0,3380.0,3040.0,3120.0,2702.22705078125,915912100
2021-01-18,3000.0,3140.0,2910.0,2910.0,2520.3466796875,930618200
2021-01-19,2810.0,2850.0,2710.0,2710.0,2347.126708984375,360498600
2021-01-20,2540.0,3200.0,2530.0,3190.0,2762.853759765625,1983213100
2021-01-21,3290.0,3340.0,3030.0,3090.0,2676.244140625,1273877400
2021-01-22,3090.0,3090.0,2880.0,2880.0,2494.363525390625,894766800
2021-01-25,2760.0,2960.0,2680.0,2870.0,2485.702392578125,1222991300
2021-01-26,2900.0,2930.0,2670.0,2670.0,2312.48291015625,786819300
2021-01-27,2620.0,2740.0,2490.0,2550.0,2208.55126953125,1341364800
2021-01-28,2470.0,2570.0,2380.0,2380.0,2061.314208984375,731854900
2021-01-29,2370.0,2440.0,2220.0,2220.0,1922.73828125,450321200
2021-02-01,2090.0,2640.0,2070.0,2600.0,2251.855712890625,2186652700
2021-02-02,2600.0,2630.0,2420.0,2420.0,2095.9580078125,942434300
2021-02-03,2390.0,2520.0,2290.0,2330.0,2018.00927734375,948031000
2021-02-04,2400.0,2520.0,2270.0,2400.0,2078.635986328125,874173400
2021-02-05,2450.0,2690.0,2370.0,2660.0,2303.82177734375,1157647700
2021-02-08,2770.0,2830.0,2700.0,2830.0,2451.05859375,977135300
2021-02-09,2850.0,2860.0,2640.0,2730.0,2364.448974609375,877784900
2021-02-10,2790.0,2970.0,2720.0,2930.0,2537.668212890625,1401720500
2021-02-11,2940.0,2960.0,2850.0,2870.0,2485.702392578125,620114900
2021-02-15,2900.0,2950.0,2880.0,2900.0,2511.685302734375,361594300
2021-02-16,2910.0,2940.0,2860.0,2870.0,2485.702392578125,349266100
2021-02-17,2870.0,2890.0,2720.0,2750.0,2381.770751953125,443154100
2021-02-18,2700.0,2820.0,2670.0,2780.0,2407.75341796875,349948000
2021-02-19,2800.0,2910.0,2730.0,2880.0,2494.363525390625,482821700
2021-02-22,2940.0,3040.0,2910.0,2950.0,2554.990234375,834610300
2021-02-23,2940.0,3010.0,2920.0,2940.0,2546.329345703125,327105100
2021-02-24,2930.0,2970.0,2820.0,2910.0,2520.3466796875,386381000
2021-02-25,2970.0,3010.0,2940.0,2960.0,2563.651123046875,346787800
2021-02-26,2840.0,2890.0,2780.0,2840.0,2459.71923828125,1305042600
2021-03-01,2850.0,2880.0,2810.0,2840.0,2459.71923828125,166782500
2021-03-02,2840.0,2850.0,2720.0,2730.0,2364.448974609375,298489400
2021-03-03,2770.0,2770.0,2670.0,2700.0,2338.4658203125,192152700
2021-03-04,2520.0,2590.0,2520.0,2520.0,2182.56787109375,466387000
2021-03-05,2370.0,2520.0,2350.0,2420.0,2095.9580078125,745024700
2021-03-08,2490.0,2500.0,2270.0,2280.0,1974.7042236328125,476947100
2021-03-09,2280.0,2360.0,2180.0,2230.0,1931.3994140625,515109500
2021-03-10,2260.0,2280.0,2170.0,2230.0,1931.3994140625,193024600
2021-03-12,2280.0,2440.0,2280.0,2420.0,2095.9580078125,537855700
2021-03-15,2430.0,2450.0,2280.0,2340.0,2026.6700439453125,371987500
2021-03-16,2350.0,2350.0,2240.0,2270.0,1966.0433349609375,231241100
2021-03-17,2290.0,2330.0,2260.0,2300.0,1992.0262451171875,147188700
2021-03-18,2350.0,2350.0,2270.0,2290.0,1983.3653564453125,149549500
2021-03-19,2270.0,2280.0,2210.0,2250.0,1948.7213134765625,123414100
2021-03-22,2260.0,2340.0,2250.0,2260.0,1957.38232421875,125924600
2021-03-23,2300.0,2310.0,2220.0,2270.0,1966.0433349609375,141239100
2021-03-24,2250.0,2250.0,2170.0,2170.0,1879.43359375,156928900
2021-03-25,2170.0,2230.0,2100.0,2180.0,1888.094482421875,191883200
2021-03-26,2230.0,2440.0,2200.0,2430.0,2104.619140625,652293400
2021-03-29,2430.0,2430.0,2260.0,2260.0,1957.38232421875,454909500
2021-03-30,2270.0,2320.0,2160.0,2210.0,1914.0775146484375,282270900
2021-03-31,2180.0,2250.0,2130.0,2250.0,1948.7213134765625,268981300
2021-04-01,2290.0,2300.0,2200.0,2240.0,1940.0604248046875,160897600
2021-04-05,2280.0,2280.0,2190.0,2200.0,1905.41650390625,107349400
2021-04-06,2250.0,2340.0,2210.0,2330.0,2018.00927734375,323980600
2021-04-07,2330.0,2370.0,2270.0,2360.0,2043.9920654296875,237921000
2021-04-08,2360.0,2480.0,2340.0,2470.0,2139.262939453125,327839300
2021-04-09,2450.0,2490.0,2340.0,2340.0,2026.6700439453125,264837100
2021-04-12,2310.0,2310.0,2210.0,2250.0,1948.7213134765625,194738500
2021-04-13,2250.0,2300.0,2220.0,2270.0,1966.0433349609375,111017700
2021-04-14,2280.0,2340.0,2280.0,2330.0,2018.00927734375,143891700
2021-04-15,2340.0,2350.0,2300.0,2320.0,2009.3482666015625,109175800
2021-04-16,2340.0,2420.0,2310.0,2390.0,2085.01953125,173387400
2021-04-19,2350.0,2370.0,2300.0,2340.0,2041.3997802734375,91552300
2021-04-20,2330.0,2360.0,2300.0,2350.0,2050.1240234375,60372200
2021-04-21,2320.0,2400.0,2300.0,2370.0,2067.571533203125,112742900
2021-04-22,2380.0,2440.0,2350.0,2350.0,2050.1240234375,119644900
2021-04-23,2320.0,2340.0,2310.0,2320.0,2023.9521484375,41022800
2021-04-26,2350.0,2420.0,2340.0,2390.0,2085.01953125,139616000
2021-04-27,2410.0,2430.0,2360.0,2390.0,2085.01953125,96606300
2021-04-28,2380.0,2430.0,2350.0,2430.0,2119.915283203125,138325400
2021-04-29,2460.0,2540.0,2460.0,2510.0,2189.70703125,325392600
2021-04-30,2490.0,2500.0,2440.0,2490.0,2172.259033203125,124672100
2021-05-03,2500.0,2560.0,2480.0,2520.0,2198.4306640625,171047200
2021-05-04,2540.0,2640.0,2500.0,2620.0,2285.670166015625,284137700
2021-05-05,2620.0,2640.0,2560.0,2630.0,2294.39404296875,180649900
2021-05-06,2610.0,2670.0,2580.0,2620.0,2285.670166015625,150793800
2021-05-07,2630.0,2650.0,2610.0,2620.0,2285.670166015625,133080200
2021-05-10,2640.0,2700.0,2620.0,2680.0,2338.013671875,157887500
2021-05-11,2600.0,2690.0,2600.0,2670.0,2329.289794921875,164247600
2021-05-17,2670.0,2670.0,2500.0,2510.0,2189.70703125,185205000
2021-05-18,2560.0,2640.0,2540.0,2600.0,2268.22216796875,179403400
2021-05-19,2580.0,2640.0,2530.0,2550.0,2224.602783203125,111892800
2021-05-20,2510.0,2520.0,2420.0,2420.0,2111.19140625,214175900
2021-05-21,2420.0,2440.0,2310.0,2330.0,2032.676025390625,147528900
2021-05-24,2360.0,2390.0,2250.0,2270.0,1980.3323974609375,128408600
2021-05-25,2310.0,2410.0,2310.0,2330.0,2032.676025390625,186483800
2021-05-27,2340.0,2390.0,2330.0,2390.0,2085.01953125,148943500
2021-05-28,2470.0,2500.0,2430.0,2460.0,2146.0869140625,118544200
2021-05-31,2480.0,2480.0,2410.0,2450.0,2137.363037109375,57366900
2021-06-02,2460.0,2550.0,2440.0,2550.0,2224.602783203125,125654300
2021-06-03,2540.0,2600.0,2500.0,2520.0,2198.4306640625,131141700
2021-06-04,2480.0,2480.0,2410.0,2430.0,2119.915283203125,160479400
2021-06-07,2450.0,2450.0,2370.0,2380.0,2076.295654296875,62115900
2021-06-08,2390.0,2420.0,2350.0,2350.0,2050.1240234375,58838700
2021-06-09,2380.0,2480.0,2370.0,2460.0,2146.0869140625,117338500
2021-06-10,2440.0,2480.0,2420.0,2420.0,2111.19140625,79751900
2021-06-11,2460.0,2500.0,2440.0,2480.0,2163.534912109375,94696000
2021-06-14,2470.0,2470.0,2400.0,2410.0,2102.467529296875,64557400
2021-06-15,2390.0,2390.0,2340.0,2360.0,2058.84765625,84189100
2021-06-16,2330.0,2360.0,2300.0,2320.0,2023.9521484375,77248800
2021-06-17,2290.0,2350.0,2260.0,2330.0,2032.676025390625,74868000
2021-06-18,2300.0,2320.0,2210.0,2230.0,1945.436767578125,125507700
2021-06-21,2190.0,2250.0,2130.0,2200.0,1919.2650146484375,100386700
2021-06-22,2250.0,2300.0,2220.0,2260.0,1971.6085205078125,97671600
2021-06-23,2280.0,2310.0,2240.0,2250.0,1962.884521484375,64275900
2021-06-24,2280.0,2290.0,2240.0,2250.0,1962.884521484375,59257500
2021-06-25,2310.0,2340.0,2280.0,2300.0,2006.504150390625,90478300
2021-06-28,2310.0,2310.0,2230.0,2240.0,1954.16064453125,65985000
2021-06-29,2230.0,2250.0,2210.0,2220.0,1936.712646484375,55524500
2021-06-30,2240.0,2310.0,2230.0,2300.0,2006.504150390625,95174800
2021-07-01,2280.0,2310.0,2200.0,2230.0,1945.436767578125,89606900
2021-07-02,2230.0,2250.0,2190.0,2220.0,1936.712646484375,57200500
2021-07-05,2230.0,2260.0,2220.0,2240.0,1954.16064453125,60698700
2021-07-06,2250.0,2510.0,2240.0,2480.0,2163.534912109375,365880400
2021-07-07,2450.0,2470.0,2380.0,2460.0,2146.0869140625,146473200
2021-07-08,2460.0,2610.0,2460.0,2550.0,2224.602783203125,227835500
2021-07-09,2560.0,2630.0,2530.0,2590.0,2259.49853515625,185723500
2021-07-12,2610.0,2670.0,2520.0,2550.0,2224.602783203125,176941700
2021-07-13,2560.0,2610.0,2500.0,2540.0,2215.878662109375,128321100
2021-07-14,2540.0,2600.0,2500.0,2590.0,2259.49853515625,73148100
2021-07-15,2580.0,2630.0,2560.0,2610.0,2276.9462890625,107128500
2021-07-16,2630.0,2690.0,2610.0,2620.0,2285.670166015625,171972500
2021-07-19,2630.0,2670.0,2610.0,2640.0,2303.1181640625,74138600
2021-07-21,2620.0,2640.0,2540.0,2560.0,2233.32666015625,99038100
2021-07-22,2560.0,2600.0,2560.0,2570.0,2242.050537109375,59407500
2021-07-23,2600.0,2670.0,2600.0,2620.0,2285.670166015625,130437900
2021-07-26,2660.0,2730.0,2610.0,2630.0,2294.39404296875,223203900
2021-07-27,2670.0,2680.0,2510.0,2530.0,2207.15478515625,126951200
2021-07-28,2540.0,2590.0,2500.0,2520.0,2198.4306640625,64034100
2021-07-29,2550.0,2600.0,2500.0,2590.0,2259.49853515625,90764300
2021-07-30,2590.0,2590.0,2510.0,2520.0,2198.4306640625,90628600
2021-08-02,2520.0,2520.0,2440.0,2510.0,2189.70703125,79180000
2021-08-03,2490.0,2520.0,2440.0,2470.0,2154.81103515625,79440900
2021-08-04,2460.0,2460.0,2410.0,2420.0,2111.19140625,75331700
2021-08-05,2420.0,2430.0,2340.0,2370.0,2067.571533203125,105003300
2021-08-06,2380.0,2410.0,2320.0,2330.0,2032.676025390625,73813800
2021-08-09,2300.0,2310.0,2250.0,2260.0,1971.6085205078125,118970000
2021-08-10,2270.0,2370.0,2240.0,2340.0,2041.3997802734375,131980200
2021-08-12,2400.0,2430.0,2380.0,2400.0,2093.743408203125,127108900
2021-08-13,2410.0,2410.0,2350.0,2380.0,2076.295654296875,66587000
2021-08-16,2370.0,2400.0,2350.0,2390.0,2085.01953125,48998000
2021-08-18,2390.0,2420.0,2360.0,2400.0,2093.743408203125,85335000
2021-08-19,2380.0,2380.0,2270.0,2270.0,1980.3323974609375,131304600
2021-08-20,2240.0,2320.0,2240.0,2280.0,1989.0562744140625,71969400
2021-08-23,2310.0,2330.0,2280.0,2290.0,1997.7803955078125,65261800
2021-08-24,2330.0,2330.0,2270.0,2270.0,1980.3323974609375,43554200
2021-08-25,2290.0,2340.0,2280.0,2300.0,2006.504150390625,61473600
2021-08-26,2300.0,2310.0,2270.0,2270.0,1980.3323974609375,30446800
2021-08-27,2270.0,2290.0,2250.0,2260.0,1971.6085205078125,31806000
2021-08-30,2280.0,2320.0,2280.0,2310.0,2015.22802734375,37542900
2021-08-31,2350.0,2400.0,2320.0,2390.0,2085.01953125,117729600
2021-09-01,2390.0,2430.0,2370.0,2390.0,2085.01953125,81067300
2021-09-02,2390.0,2390.0,2320.0,2320.0,2023.9521484375,44419100
2021-09-03,2320.0,2350.0,2300.0,2350.0,2050.1240234375,29176500
2021-09-06,2380.0,2400.0,2340.0,2380.0,2076.295654296875,65055100
2021-09-07,2400.0,2410.0,2350.0,2350.0,2050.1240234375,33406100
2021-09-08,2350.0,2380.0,2300.0,2320.0,2023.9521484375,58229900
2021-09-09,2330.0,2450.0,2290.0,2440.0,2128.63916015625,150815700
2021-09-10,2470.0,2630.0,2470.0,2590.0,2259.49853515625,423200100
2021-09-13,2570.0,2590.0,2480.0,2520.0,2198.4306640625,131318700
2021-09-14,2500.0,2500.0,2440.0,2470.0,2154.81103515625,139289700
2021-09-15,2470.0,2530.0,2460.0,2490.0,2172.259033203125,110525900
2021-09-16,2520.0,2550.0,2390.0,2410.0,2102.467529296875,163306000
2021-09-17,2370.0,2430.0,2370.0,2400.0,2093.743408203125,61535600
2021-09-20,2380.0,2390.0,2330.0,2350.0,2050.1240234375,82487500
2021-09-21,2350.0,2370.0,2300.0,2360.0,2058.84765625,66014000
2021-09-22,2370.0,2410.0,2330.0,2340.0,2041.3997802734375,88209700
2021-09-23,2370.0,2370.0,2290.0,2290.0,1997.7803955078125,153137400
2021-09-24,2290.0,2340.0,2280.0,2290.0,1997.7803955078125,159085400
2021-09-27,2310.0,2330.0,2280.0,2290.0,1997.7803955078125,52714300
2021-09-28,2310.0,2330.0,2260.0,2270.0,1980.3323974609375,99767900
2021-09-29,2260.0,2320.0,2250.0,2310.0,2015.22802734375,97068300
2021-09-30,2310.0,2340.0,2270.0,2290.0,1997.7803955078125,125415100
2021-10-01,2280.0,2280.0,2220.0,2220.0,1936.712646484375,199919600
2021-10-04,2230.0,2320.0,2230.0,2310.0,2015.22802734375,143892700
2021-10-05,2290.0,2420.0,2290.0,2300.0,2006.504150390625,297763700
2021-10-06,2320.0,2340.0,2300.0,2300.0,2006.504150390625,98305700
2021-10-07,2320.0,2350.0,2300.0,2330.0,2032.676025390625,106183800
2021-10-08,2380.0,2410.0,2330.0,2340.0,2041.3997802734375,159593300
2021-10-11,2390.0,2430.0,2370.0,2420.0,2111.19140625,233370800
2021-10-12,2410.0,2410.0,2350.0,2370.0,2067.571533203125,131463700
2021-10-13,2360.0,2370.0,2330.0,2340.0,2041.3997802734375,70802000
2021-10-14,2350.0,2420.0,2340.0,2420.0,2111.19140625,189624300
2021-10-15,2450.0,2480.0,2410.0,2470.0,2154.81103515625,260095700
2021-10-18,2500.0,2570.0,2500.0,2510.0,2189.70703125,237360500
2021-10-19,2530.0,2540.0,2460.0,2530.0,2207.15478515625,153636200
2021-10-21,2600.0,2630.0,2420.0,2450.0,2137.363037109375,346789000
2021-10-22,2400.0,2460.0,2370.0,2430.0,2119.915283203125,124149100
2021-10-25,2450.0,2460.0,2410.0,2420.0,2111.19140625,50651600
2021-10-26,2450.0,2460.0,2400.0,2400.0,2093.743408203125,64791500
2021-10-27,2400.0,2410.0,2340.0,2350.0,2050.1240234375,75548400
2021-10-28,2320.0,2340.0,2300.0,2320.0,2023.9521484375,77309100
2021-10-29,2340.0,2370.0,2330.0,2340.0,2041.3997802734375,52556000
2021-11-01,2360.0,2360.0,2320.0,2330.0,2032.676025390625,34622200
2021-11-02,2340.0,2350.0,2310.0,2310.0,2015.22802734375,27322900
2021-11-03,2320.0,2340.0,2310.0,2320.0,2023.9521484375,21938100
2021-11-04,2320.0,2390.0,2320.0,2380.0,2076.295654296875,67025700
2021-11-05,2390.0,2400.0,2340.0,2360.0,2058.84765625,40241200
2021-11-08,2380.0,2400.0,2350.0,2370.0,2067.571533203125,46985500
2021-11-09,2380.0,2390.0,2330.0,2340.0,2041.3997802734375,44444800
2021-11-10,2330.0,2350.0,2320.0,2340.0,2041.3997802734375,38322000
2021-11-11,2350.0,2370.0,2340.0,2370.0,2067.571533203125,41526700
2021-11-12,2380.0,2420.0,2370.0,2400.0,2093.743408203125,80769500
2021-11-15,2420.0,2430.0,2340.0,2390.0,2085.01953125,100184600
2021-11-16,2390.0,2410.0,2370.0,2380.0,2076.295654296875,47663300
2021-11-17,2380.0,2390.0,2340.0,2350.0,2050.1240234375,50176400
2021-11-18,2350.0,2370.0,2320.0,2330.0,2032.676025390625,52679900
2021-11-19,2350.0,2400.0,2340.0,2390.0,2085.01953125,93539700
2021-11-22,2400.0,2400.0,2350.0,2370.0,2067.571533203125,46485000
2021-11-23,2390.0,2460.0,2370.0,2400.0,2093.743408203125,159836400
2021-11-24,2400.0,2450.0,2380.0,2440.0,2128.63916015625,73287900
2021-11-25,2470.0,2490.0,2430.0,2440.0,2128.63916015625,109033700
2021-11-26,2410.0,2410.0,2330.0,2340.0,2041.3997802734375,162294600
2021-11-29,2330.0,2360.0,2320.0,2330.0,2032.676025390625,82567700
2021-11-30,2340.0,2370.0,2300.0,2300.0,2006.504150390625,151186400
2021-12-01,2300.0,2320.0,2250.0,2270.0,1980.3323974609375,83612700
2021-12-02,2270.0,2370.0,2260.0,2340.0,2041.3997802734375,89010800
2021-12-03,2350.0,2370.0,2320.0,2340.0,2041.3997802734375,38757200
2021-12-06,2340.0,2360.0,2310.0,2320.0,2023.9521484375,31951700
2021-12-07,2340.0,2350.0,2330.0,2340.0,2041.3997802734375,21542900
2021-12-08,2360.0,2360.0,2320.0,2330.0,2032.676025390625,24204300
2021-12-09,2330.0,2340.0,2320.0,2330.0,2032.676025390625,20800100
2021-12-10,2330.0,2330.0,2310.0,2320.0,2023.9521484375,13962600
2021-12-13,2330.0,2350.0,2320.0,2320.0,2023.9521484375,15212500
2021-12-14,2320.0,2320.0,2280.0,2290.0,1997.7803955078125,28618000
2021-12-15,2290.0,2300.0,2270.0,2280.0,1989.0562744140625,34080000
2021-12-16,2290.0,2300.0,2260.0,2290.0,1997.7803955078125,35249800
2021-12-17,2310.0,2310.0,2250.0,2250.0,1962.884521484375,50857800
2021-12-20,2250.0,2260.0,2220.0,2220.0,1936.712646484375,53770200
2021-12-21,2220.0,2280.0,2220.0,2260.0,1971.6085205078125,37964200
2021-12-22,2270.0,2300.0,2250.0,2250.0,1962.884521484375,28786500
2021-12-23,2260.0,2270.0,2240.0,2240.0,1954.16064453125,19005000
2021-12-24,2260.0,2300.0,2250.0,2280.0,1989.0562744140625,30712000
2021-12-27,2300.0,2300.0,2280.0,2300.0,2006.504150390625,18193100
2021-12-28,2310.0,2320.0,2260.0,2260.0,1971.6085205078125,29787500
2021-12-29,2270.0,2290.0,2260.0,2270.0,1980.3323974609375,14304600
2021-12-30,2280.0,2300.0,2250.0,2250.0,1962.884521484375,27319000
2022-01-03,2260.0,2350.0,2260.0,2340.0,2041.3997802734375,74416700
2022-01-04,2340.0,2350.0,2290.0,2300.0,2006.504150390625,32222200
2022-01-05,2310.0,2340.0,2250.0,2270.0,1980.3323974609375,51315000
2022-01-06,2260.0,2270.0,2230.0,2230.0,1945.436767578125,45325800
2022-01-07,2250.0,2260.0,2230.0,2230.0,1945.436767578125,26661900
2022-01-10,2250.0,2250.0,2220.0,2220.0,1936.712646484375,35421200
2022-01-11,2220.0,2230.0,2080.0,2080.0,1814.5777587890625,170397900
2022-01-12,2120.0,2150.0,1935.0,1935.0,1688.080810546875,394745900
2022-01-13,1935.0,1995.0,1840.0,1965.0,1714.2525634765625,284219000
2022-01-14,1965.0,1975.0,1930.0,1950.0,1701.1666259765625,106442100
2022-01-17,1950.0,1955.0,1840.0,1855.0,1618.289306640625,183492900
2022-01-18,1850.0,1875.0,1765.0,1780.0,1552.85986328125,219496200
2022-01-19,1780.0,1810.0,1705.0,1725.0,1504.878173828125,230606700
2022-01-20,1765.0,1935.0,1750.0,1935.0,1688.080810546875,368848100
2022-01-21,1935.0,1965.0,1890.0,1945.0,1696.8046875,169331400
2022-01-24,1950.0,1955.0,1875.0,1885.0,1644.461181640625,70289800
2022-01-25,1840.0,1840.0,1755.0,1760.0,1535.4119873046875,201603100
2022-01-26,1780.0,1815.0,1735.0,1805.0,1574.6697998046875,162799900
2022-01-27,1775.0,1790.0,1750.0,1765.0,1539.7740478515625,133831800
2022-01-28,1770.0,1790.0,1755.0,1770.0,1544.135986328125,49925500
2022-01-31,1785.0,1810.0,1770.0,1770.0,1544.135986328125,81820500
2022-02-02,1805.0,1830.0,1775.0,1780.0,1552.85986328125,158843900
2022-02-03,1785.0,1860.0,1765.0,1840.0,1605.2034912109375,125115700
2022-02-04,1830.0,1835.0,1805.0,1810.0,1579.03173828125,80295500
2022-02-07,1810.0,1835.0,1805.0,1810.0,1579.03173828125,74469900
2022-02-08,1820.0,1825.0,1785.0,1790.0,1561.583740234375,90880800
2022-02-09,1790.0,1800.0,1770.0,1780.0,1552.85986328125,73968100
2022-02-10,1795.0,1905.0,1790.0,1880.0,1640.0992431640625,255038700
2022-02-11,1890.0,1900.0,1830.0,1845.0,1609.5654296875,112845700
2022-02-14,1840.0,1900.0,1810.0,1890.0,1648.8231201171875,126046500
2022-02-15,1890.0,1910.0,1865.0,1880.0,1640.0992431640625,80643100
2022-02-16,1890.0,1895.0,1870.0,1880.0,1640.0992431640625,48783800
2022-02-17,1885.0,1945.0,1855.0,1945.0,1696.8046875,118149300
2022-02-18,1955.0,2140.0,1955.0,2090.0,1823.3017578125,412835800
2022-02-21,2100.0,2190.0,2100.0,2170.0,1893.09326171875,210845000
2022-02-22,2150.0,2200.0,2100.0,2180.0,1901.8170166015625,215581800
2022-02-23,2200.0,2230.0,2170.0,2200.0,1919.2650146484375,140926300
2022-02-24,2190.0,2240.0,2120.0,2220.0,1936.712646484375,303802600
2022-02-25,2220.0,2270.0,2200.0,2220.0,1936.712646484375,189907800
2022-03-01,2240.0,2300.0,2230.0,2260.0,1971.6085205078125,137694700
2022-03-02,2300.0,2340.0,2280.0,2290.0,1997.7803955078125,152871500
2022-03-04,2350.0,2460.0,2340.0,2450.0,2137.363037109375,320796500
2022-03-07,2520.0,2830.0,2480.0,2820.0,2460.14892578125,642031000
2022-03-08,2990.0,3170.0,2830.0,2840.0,2477.596435546875,1404951500
2022-03-09,2650.0,2740.0,2650.0,2650.0,2311.842041015625,706107000
2022-03-10,2530.0,2660.0,2490.0,2570.0,2242.050537109375,489605600
2022-03-11,2590.0,2660.0,2520.0,2520.0,2198.4306640625,359113700
2022-03-14,2520.0,2540.0,2360.0,2400.0,2093.743408203125,394132400
2022-03-15,2400.0,2460.0,2350.0,2370.0,2067.571533203125,170695100
2022-03-16,2370.0,2410.0,2270.0,2390.0,2085.01953125,235835100
2022-03-17,2400.0,2410.0,2330.0,2350.0,2050.1240234375,153546800
2022-03-18,2350.0,2400.0,2320.0,2390.0,2085.01953125,173667600
2022-03-21,2380.0,2390.0,2330.0,2360.0,2058.84765625,92728200
2022-03-22,2380.0,2560.0,2370.0,2550.0,2224.602783203125,321561500
2022-03-23,2550.0,2560.0,2460.0,2500.0,2180.98291015625,177608500
2022-03-24,2600.0,2650.0,2540.0,2640.0,2303.1181640625,269047800
2022-03-25,2660.0,2690.0,2610.0,2660.0,2320.56591796875,200436800
2022-03-28,2650.0,2660.0,2590.0,2630.0,2294.39404296875,121087900
2022-03-29,2590.0,2600.0,2510.0,2530.0,2207.15478515625,144731100
2022-03-30,2530.0,2570.0,2470.0,2510.0,2189.70703125,131170000
2022-03-31,2530.0,2540.0,2430.0,2440.0,2128.63916015625,97395700
2022-04-01,2450.0,2550.0,2420.0,2510.0,2189.70703125,107947200
2022-04-04,2530.0,2650.0,2520.0,2640.0,2303.1181640625,138741900
2022-04-05,2630.0,2700.0,2610.0,2670.0,2329.289794921875,141698900
2022-04-06,2670.0,2690.0,2640.0,2650.0,2311.842041015625,98442600
2022-04-07,2670.0,2820.0,2660.0,2760.0,2407.80517578125,286617900
2022-04-08,2790.0,2820.0,2740.0,2800.0,2442.700927734375,189362100
2022-04-11,2800.0,2810.0,2630.0,2630.0,2294.39404296875,163864600
2022-04-12,2620.0,2680.0,2580.0,2670.0,2329.289794921875,88390900
2022-04-13,2690.0,2800.0,2670.0,2790.0,2433.97705078125,143822800
2022-04-14,2790.0,2870.0,2750.0,2780.0,2425.2529296875,201698200
2022-04-18,2800.0,2930.0,2790.0,2900.0,2529.940185546875,190855400
2022-04-19,2910.0,2940.0,2830.0,2850.0,2486.320556640625,190460400
2022-04-20,2880.0,2880.0,2740.0,2820.0,2460.14892578125,137086000
2022-04-21,2830.0,2840.0,2760.0,2790.0,2433.97705078125,69884500
2022-04-22,2770.0,2810.0,2740.0,2740.0,2390.357421875,82088900
2022-04-25,2690.0,2700.0,2600.0,2620.0,2285.670166015625,171951100
2022-04-26,2630.0,2640.0,2450.0,2500.0,2180.98291015625,229686600
2022-04-27,2500.0,2610.0,2500.0,2560.0,2233.32666015625,161589400
2022-04-28,2580.0,2650.0,2570.0,2600.0,2268.22216796875,115518800
2022-05-09,2500.0,2550.0,2460.0,2530.0,2207.15478515625,165439100
2022-05-10,2470.0,2490.0,2360.0,2420.0,2111.19140625,146403900
2022-05-11,2420.0,2530.0,2400.0,2400.0,2093.743408203125,110097300
2022-05-12,2400.0,2460.0,2290.0,2330.0,2032.676025390625,183788200
2022-05-13,2360.0,2380.0,2300.0,2330.0,2032.676025390625,81842400
2022-05-17,2350.0,2410.0,2340.0,2390.0,2085.01953125,94097400
2022-05-18,2420.0,2420.0,2360.0,2400.0,2093.743408203125,79223300
2022-05-19,2380.0,2490.0,2340.0,2460.0,2146.0869140625,122968900
2022-05-20,2520.0,2520.0,2460.0,2490.0,2172.259033203125,125630800
2022-05-23,2560.0,2670.0,2520.0,2530.0,2207.15478515625,244871700
2022-05-24,2550.0,2600.0,2530.0,2570.0,2242.050537109375,110538500
2022-05-25,2560.0,2580.0,2460.0,2490.0,2172.259033203125,115849600
2022-05-27,2510.0,2530.0,2460.0,2470.0,2154.81103515625,76174000
2022-05-30,2500.0,2570.0,2470.0,2560.0,2233.32666015625,125203400
2022-05-31,2570.0,2570.0,2500.0,2510.0,2189.70703125,168242000
2022-06-02,2500.0,2560.0,2470.0,2510.0,2189.70703125,116209300
2022-06-03,2520.0,2550.0,2500.0,2500.0,2180.98291015625,71245700
2022-06-06,2460.0,2490.0,2400.0,2450.0,2171.002197265625,93793800
2022-06-07,2450.0,2470.0,2420.0,2420.0,2144.41845703125,64431900
2022-06-08,2430.0,2440.0,2400.0,2420.0,2144.41845703125,57669200
2022-06-09,2420.0,2450.0,2380.0,2400.0,2126.696044921875,59980800
2022-06-10,2370.0,2380.0,2280.0,2290.0,2029.2225341796875,131007700
2022-06-13,2240.0,2280.0,2200.0,2260.0,2002.638671875,113102900
2022-06-14,2240.0,2260.0,2160.0,2180.0,1931.7489013671875,140882200
2022-06-15,2180.0,2240.0,2120.0,2170.0,1922.8876953125,94872500
2022-06-16,2200.0,2230.0,2140.0,2150.0,1905.1651611328125,99487000
2022-06-17,2120.0,2140.0,2100.0,2110.0,1869.72021484375,70818600
2022-06-20,2110.0,2130.0,2050.0,2070.0,1834.275390625,78282700
2022-06-21,2080.0,2150.0,2070.0,2150.0,1905.1651611328125,83298700
2022-06-22,2140.0,2140.0,2020.0,2020.0,1789.96923828125,171508200
2022-06-23,2020.0,2020.0,1955.0,1965.0,1741.232421875,127468500
2022-06-24,1950.0,2000.0,1950.0,1970.0,1745.6629638671875,73717900
2022-06-27,1970.0,1970.0,1885.0,1890.0,1674.7730712890625,172003400
2022-06-28,1890.0,1905.0,1860.0,1865.0,1652.6199951171875,106446700
2022-06-29,1855.0,1890.0,1835.0,1835.0,1626.036376953125,118684300
2022-06-30,1850.0,1860.0,1800.0,1800.0,1595.0220947265625,77824200
2022-07-01,1795.0,1810.0,1750.0,1750.0,1550.7159423828125,114976000
2022-07-04,1750.0,1770.0,1700.0,1720.0,1524.132080078125,101952600
2022-07-05,1740.0,1820.0,1740.0,1790.0,1586.1607666015625,123382000
2022-07-06,1775.0,1780.0,1710.0,1720.0,1524.132080078125,96872200
2022-07-07,1715.0,1735.0,1700.0,1720.0,1524.132080078125,73058900
2022-07-08,1725.0,1755.0,1710.0,1715.0,1519.7015380859375,83303200
2022-07-11,1720.0,1730.0,1705.0,1720.0,1524.132080078125,49575300
2022-07-12,1720.0,1770.0,1720.0,1740.0,1541.8546142578125,88165200
2022-07-13,1740.0,1755.0,1715.0,1720.0,1524.132080078125,50792800
2022-07-14,1720.0,1725.0,1640.0,1650.0,1462.1033935546875,165952800
2022-07-15,1600.0,1605.0,1535.0,1540.0,1364.6298828125,227657100
2022-07-18,1575.0,1595.0,1550.0,1560.0,1382.3524169921875,137279400
2022-07-19,1580.0,1665.0,1575.0,1655.0,1466.5340576171875,159974800
2022-07-20,1680.0,1700.0,1670.0,1695.0,1501.9791259765625,110080500
2022-07-21,1695.0,1710.0,1665.0,1675.0,1484.256591796875,49659100
2022-07-22,1690.0,1785.0,1690.0,1780.0,1577.299560546875,129865600
2022-07-25,1800.0,1825.0,1735.0,1755.0,1555.1463623046875,105812300
2022-07-26,1755.0,1800.0,1755.0,1790.0,1586.1607666015625,63350000
2022-07-27,1780.0,1790.0,1770.0,1785.0,1581.7301025390625,33964700
2022-07-28,1815.0,2030.0,1805.0,2000.0,1772.2467041015625,342364100
2022-07-29,2020.0,2070.0,1945.0,1955.0,1732.37109375,152840800
2022-08-01,2030.0,2100.0,1990.0,2080.0,1843.136474609375,243188600
2022-08-02,2080.0,2080.0,1990.0,1995.0,1767.8160400390625,150196700
2022-08-03,1975.0,1990.0,1915.0,1970.0,1745.6629638671875,102367400
2022-08-04,1980.0,2020.0,1950.0,1970.0,1745.6629638671875,76571800
2022-08-05,2000.0,2030.0,1970.0,2020.0,1789.96923828125,85399300
2022-08-08,2010.0,2070.0,1985.0,2060.0,1825.4140625,130808300
2022-08-09,2080.0,2230.0,2070.0,2180.0,1931.7489013671875,405818700
2022-08-10,2180.0,2180.0,2110.0,2120.0,1878.58154296875,148697800
2022-08-11,2200.0,2270.0,2180.0,2240.0,1984.916259765625,278414000
2022-08-12,2240.0,2270.0,2210.0,2220.0,1967.1937255859375,121265600
2022-08-15,2230.0,2240.0,2120.0,2130.0,1887.442626953125,111112000
2022-08-16,2130.0,2140.0,2070.0,2080.0,1843.136474609375,117043800
2022-08-18,2070.0,2110.0,2030.0,2050.0,1816.5528564453125,116651400
2022-08-19,2050.0,2090.0,2030.0,2060.0,1825.4140625,101507400
2022-08-22,2060.0,2070.0,1980.0,1985.0,1758.954833984375,140299600
2022-08-23,1985.0,2050.0,1965.0,2030.0,1798.830322265625,87682800
2022-08-24,2020.0,2040.0,2000.0,2010.0,1781.10791015625,54617900
2022-08-25,2010.0,2040.0,1985.0,1995.0,1767.8160400390625,90209100
2022-08-26,1995.0,2000.0,1955.0,1955.0,1732.37109375,135647800
2022-08-29,1920.0,1925.0,1865.0,1900.0,1683.6343994140625,117016500
2022-08-30,1920.0,2010.0,1910.0,1985.0,1758.954833984375,139215000
2022-08-31,1985.0,1990.0,1925.0,1990.0,1763.3853759765625,134229100
2022-09-01,1985.0,1985.0,1930.0,1935.0,1714.648681640625,63085900
2022-09-02,1930.0,1930.0,1900.0,1900.0,1683.6343994140625,105457000
2022-09-05,1880.0,1985.0,1870.0,1970.0,1745.6629638671875,131398400
2022-09-06,2010.0,2040.0,1975.0,1990.0,1763.3853759765625,138906100
2022-09-07,1975.0,1990.0,1940.0,1950.0,1727.9405517578125,81794000
2022-09-08,1970.0,1975.0,1920.0,1920.0,1701.3568115234375,78962000
2022-09-09,1940.0,1985.0,1920.0,1975.0,1750.093505859375,75063600
2022-09-12,2010.0,2020.0,1980.0,1980.0,1754.524169921875,96249700
2022-09-13,2030.0,2100.0,2030.0,2070.0,1834.275390625,282112800
2022-09-14,2010.0,2120.0,1990.0,2120.0,1878.58154296875,230625300
2022-09-15,2130.0,2150.0,2060.0,2070.0,1834.275390625,147893600
2022-09-16,2030.0,2050.0,2000.0,2040.0,1807.6915283203125,97988100
2022-09-19,2080.0,2090.0,2020.0,2050.0,1816.5528564453125,80428100
2022-09-20,2080.0,2080.0,2040.0,2050.0,1816.5528564453125,46000700
2022-09-21,2060.0,2100.0,2020.0,2080.0,1843.136474609375,122337200
2022-09-22,2050.0,2090.0,2040.0,2080.0,1843.136474609375,56857200
2022-09-23,2080.0,2090.0,2030.0,2040.0,1807.6915283203125,54897400
2022-09-26,1995.0,2000.0,1970.0,1970.0,1745.6629638671875,95293700
2022-09-27,1955.0,1975.0,1930.0,1965.0,1741.232421875,75589600
2022-09-28,1945.0,1950.0,1925.0,1925.0,1705.787353515625,70315600
2022-09-29,1945.0,1960.0,1910.0,1920.0,1701.3568115234375,48688700
2022-09-30,1925.0,1940.0,1885.0,1940.0,1719.0792236328125,61879600
2022-10-03,1900.0,1920.0,1890.0,1890.0,1674.7730712890625,57708700
2022-10-04,1920.0,1935.0,1910.0,1925.0,1705.787353515625,73564600
2022-10-05,1945.0,1975.0,1940.0,1940.0,1719.0792236328125,84847500
2022-10-06,1955.0,1965.0,1925.0,1930.0,1710.218017578125,46688800
2022-10-07,1935.0,1950.0,1925.0,1935.0,1714.648681640625,28671100
2022-10-10,1920.0,1925.0,1895.0,1910.0,1692.49560546875,29237400
2022-10-11,1910.0,1915.0,1890.0,1895.0,1679.2037353515625,23307600
2022-10-12,1895.0,1915.0,1860.0,1880.0,1665.911865234375,45420900
2022-10-13,1890.0,1895.0,1820.0,1830.0,1621.605712890625,61806000
2022-10-14,1855.0,1865.0,1820.0,1820.0,1612.744384765625,35742200
2022-10-17,1810.0,1810.0,1765.0,1805.0,1599.45263671875,44920200
2022-10-18,1810.0,1830.0,1790.0,1795.0,1590.5914306640625,29114900
2022-10-19,1800.0,1840.0,1765.0,1825.0,1617.175048828125,50663500
2022-10-20,1815.0,1835.0,1805.0,1820.0,1612.744384765625,55821200
2022-10-21,1825.0,1830.0,1795.0,1800.0,1595.0220947265625,53313900
2022-10-24,1805.0,1825.0,1790.0,1795.0,1590.5914306640625,42005500
2022-10-25,1800.0,1810.0,1760.0,1770.0,1568.438232421875,61312200
2022-10-26,1775.0,1830.0,1775.0,1810.0,1603.8831787109375,93571200
2022-10-27,1820.0,1880.0,1815.0,1840.0,1630.4669189453125,117436400
2022-10-28,1845.0,1850.0,1805.0,1835.0,1626.036376953125,48489400
2022-10-31,1840.0,1850.0,1825.0,1845.0,1634.8975830078125,32276200
2022-11-01,1845.0,1845.0,1805.0,1810.0,1603.8831787109375,27067000
2022-11-02,1865.0,1895.0,1850.0,1865.0,1652.6199951171875,112301800
2022-11-03,1865.0,1875.0,1825.0,1830.0,1621.605712890625,55063600
2022-11-04,1830.0,1915.0,1805.0,1915.0,1696.9261474609375,94024700
2022-11-07,1930.0,2010.0,1930.0,2000.0,1772.2467041015625,213462800
2022-11-08,2010.0,2040.0,1970.0,1985.0,1758.954833984375,102934900
2022-11-09,2010.0,2060.0,1995.0,2000.0,1772.2467041015625,109456900
2022-11-10,2000.0,2020.0,1985.0,2000.0,1772.2467041015625,111703400
2022-11-11,2080.0,2130.0,2050.0,2120.0,1878.58154296875,262785800
2022-11-14,2150.0,2170.0,2100.0,2120.0,1878.58154296875,148342000
2022-11-15,2160.0,2220.0,2130.0,2160.0,1914.0263671875,165401200
2022-11-16,2180.0,2180.0,2020.0,2030.0,1798.830322265625,174441800
2022-11-17,1985.0,1995.0,1940.0,1975.0,1750.093505859375,149717300
2022-11-18,1955.0,1985.0,1950.0,1960.0,1736.8017578125,59274700
2022-11-21,1980.0,2000.0,1955.0,1960.0,1736.8017578125,54986700
2022-11-22,1960.0,1970.0,1930.0,1935.0,1714.648681640625,56464900
2022-11-23,1970.0,1985.0,1955.0,1975.0,1750.093505859375,55881800
2022-11-24,1975.0,1990.0,1960.0,1970.0,1745.6629638671875,35329400
2022-11-25,1970.0,1975.0,1945.0,1950.0,1727.9405517578125,30261700
2022-11-28,1945.0,1945.0,1910.0,1915.0,1696.9261474609375,64871100
2022-11-29,1935.0,1965.0,1925.0,1965.0,1741.232421875,56748100
2022-11-30,1980.0,1990.0,1965.0,1985.0,1758.954833984375,119645000
2022-12-01,2000.0,2060.0,1985.0,2040.0,1807.6915283203125,119554800
2022-12-02,2050.0,2060.0,2020.0,2040.0,1807.6915283203125,71325000
2022-12-05,2070.0,2080.0,2040.0,2060.0,1825.4140625,61782900
2022-12-06,2050.0,2050.0,1945.0,1965.0,1741.232421875,67396800
2022-12-07,1965.0,1985.0,1900.0,1920.0,1701.3568115234375,81990800
2022-12-08,1960.0,1995.0,1920.0,1990.0,1763.3853759765625,67037700
2022-12-09,1960.0,1980.0,1930.0,1935.0,1714.648681640625,49685200
2022-12-12,1930.0,1960.0,1915.0,1950.0,1727.9405517578125,31247700
2022-12-13,1960.0,1965.0,1930.0,1930.0,1710.218017578125,57151100
2022-12-14,1930.0,1945.0,1915.0,1940.0,1719.0792236328125,47643500
2022-12-15,1940.0,1940.0,1920.0,1935.0,1714.648681640625,33879300
2022-12-16,1915.0,2030.0,1915.0,2020.0,1789.96923828125,96998400
2022-12-19,2030.0,2060.0,2000.0,2040.0,1807.6915283203125,84860900
2022-12-20,2030.0,2030.0,1985.0,2010.0,1781.10791015625,52011600
2022-12-21,2020.0,2070.0,2020.0,2040.0,1807.6915283203125,63043600
2022-12-22,2070.0,2080.0,2020.0,2030.0,1798.830322265625,38430500
2022-12-23,2030.0,2030.0,1995.0,2000.0,1772.2467041015625,33726500
2022-12-26,2010.0,2030.0,1995.0,2000.0,1772.2467041015625,15934600
2022-12-27,2010.0,2040.0,1985.0,1990.0,1763.3853759765625,36854400
2022-12-28,1990.0,2010.0,1940.0,2010.0,1781.10791015625,62750900
2022-12-29,2000.0,2020.0,1970.0,2010.0,1781.10791015625,43604000
2022-12-30,2010.0,2020.0,1985.0,1985.0,1758.954833984375,23123000
2023-01-02,1990.0,2010.0,1975.0,1980.0,1754.524169921875,15045200
2023-01-03,1980.0,2020.0,1975.0,2000.0,1772.2467041015625,45001200
2023-01-04,2020.0,2100.0,2010.0,2050.0,1816.5528564453125,142169900
2023-01-05,2020.0,2050.0,1935.0,1965.0,1741.232421875,130118600
2023-01-06,1950.0,1985.0,1930.0,1985.0,1758.954833984375,55673400
2023-01-09,2010.0,2070.0,2010.0,2060.0,1825.4140625,118054500
2023-01-10,2040.0,2060.0,2000.0,2040.0,1807.6915283203125,57625700
2023-01-11,2050.0,2070.0,2020.0,2070.0,1834.275390625,48480600
2023-01-12,2060.0,2140.0,2040.0,2130.0,1887.442626953125,185136300
2023-01-13,2150.0,2170.0,2090.0,2150.0,1905.1651611328125,148853000
2023-01-16,2160.0,2200.0,2150.0,2180.0,1931.7489013671875,92259000
2023-01-17,2200.0,2290.0,2180.0,2270.0,2011.5,242582700
2023-01-18,2260.0,2270.0,2210.0,2260.0,2002.638671875,122109900
2023-01-19,2290.0,2320.0,2270.0,2270.0,2011.5,132011300
2023-01-20,2300.0,2340.0,2280.0,2320.0,2055.805908203125,113403800
2023-01-24,2320.0,2350.0,2280.0,2320.0,2055.805908203125,65599100
2023-01-25,2340.0,2350.0,2250.0,2290.0,2029.2225341796875,55275800
2023-01-26,2330.0,2370.0,2300.0,2320.0,2055.805908203125,91463800
2023-01-27,2330.0,2330.0,2290.0,2300.0,2038.083740234375,36469600
2023-01-30,2300.0,2310.0,2250.0,2290.0,2029.2225341796875,58533200
2023-01-31,2300.0,2340.0,2290.0,2310.0,2046.9449462890625,56896100
2023-02-01,2340.0,2390.0,2320.0,2370.0,2100.1123046875,134564600
2023-02-02,2350.0,2380.0,2320.0,2350.0,2082.389892578125,55219600
2023-02-03,2380.0,2380.0,2280.0,2330.0,2064.667236328125,69916100
2023-02-06,2280.0,2320.0,2260.0,2270.0,2011.5,60509800
2023-02-07,2250.0,2260.0,2190.0,2250.0,1993.7774658203125,130229800
2023-02-08,2260.0,2280.0,2220.0,2240.0,1984.916259765625,52970000
2023-02-09,2240.0,2260.0,2220.0,2220.0,1967.1937255859375,50507500
2023-02-10,2250.0,2250.0,2180.0,2220.0,1967.1937255859375,77590000
2023-02-13,2210.0,2240.0,2200.0,2240.0,1984.916259765625,27137900
2023-02-14,2240.0,2250.0,2200.0,2210.0,1958.3323974609375,47466500
2023-02-15,2200.0,2230.0,2160.0,2200.0,1949.471435546875,66560400
2023-02-16,2200.0,2210.0,2100.0,2110.0,1869.72021484375,130493400
2023-02-17,2100.0,2140.0,2060.0,2090.0,1851.9976806640625,90798900
2023-02-20,2080.0,2090.0,2020.0,2080.0,1843.136474609375,99587300
2023-02-21,2110.0,2130.0,2070.0,2080.0,1843.136474609375,70008500
2023-02-22,2080.0,2090.0,2030.0,2050.0,1816.5528564453125,74407800
2023-02-23,2050.0,2060.0,2000.0,2030.0,1798.830322265625,74657800
2023-02-24,2020.0,2040.0,2000.0,2000.0,1772.2467041015625,48747500
2023-02-27,2000.0,2040.0,1985.0,2010.0,1781.10791015625,60281100
2023-02-28,2030.0,2040.0,1990.0,1990.0,1763.3853759765625,99649100
2023-03-01,1990.0,2020.0,1975.0,2000.0,1772.2467041015625,49985200
2023-03-02,2010.0,2040.0,2000.0,2010.0,1781.10791015625,57745800
2023-03-03,2010.0,2040.0,1985.0,1995.0,1767.8160400390625,63901300
2023-03-06,2000.0,2020.0,1955.0,1960.0,1736.8017578125,74031000
2023-03-07,1960.0,1970.0,1930.0,1940.0,1719.0792236328125,76557300
2023-03-08,1920.0,1930.0,1870.0,1885.0,1670.342529296875,144493200
2023-03-09,1885.0,1910.0,1870.0,1875.0,1661.481201171875,75244200
2023-03-10,1865.0,1895.0,1850.0,1880.0,1665.911865234375,96320400
2023-03-13,1890.0,1890.0,1850.0,1850.0,1639.3282470703125,60375200
2023-03-14,1865.0,1885.0,1810.0,1815.0,1608.3138427734375,107452200
2023-03-15,1825.0,1865.0,1825.0,1855.0,1643.7587890625,67314600
2023-03-16,1850.0,1855.0,1770.0,1795.0,1590.5914306640625,98076300
2023-03-17,1815.0,1895.0,1810.0,1895.0,1679.2037353515625,109506100
2023-03-20,1905.0,1930.0,1875.0,1900.0,1683.6343994140625,60151400
2023-03-21,1910.0,1915.0,1885.0,1885.0,1670.342529296875,36252300
2023-03-24,1895.0,1940.0,1885.0,1895.0,1679.2037353515625,78590800
2023-03-27,1935.0,2010.0,1935.0,1960.0,1736.8017578125,128759700
2023-03-28,1970.0,2010.0,1970.0,1995.0,1767.8160400390625,71821100
2023-03-29,2000.0,2090.0,2000.0,2080.0,1843.136474609375,147076200
2023-03-30,2070.0,2090.0,2040.0,2090.0,1851.9976806640625,83062700
2023-03-31,2080.0,2100.0,2050.0,2090.0,1851.9976806640625,63907600
2023-04-03,2100.0,2110.0,2070.0,2090.0,1851.9976806640625,48072300
2023-04-04,2090.0,2100.0,2040.0,2050.0,1816.5528564453125,64915300
2023-04-05,2070.0,2150.0,2070.0,2100.0,1860.8590087890625,112473600
2023-04-06,2100.0,2120.0,2080.0,2100.0,1860.8590087890625,73515100
2023-04-10,2100.0,2100.0,2010.0,2020.0,1789.96923828125,50599000
2023-04-11,2030.0,2110.0,2030.0,2110.0,1869.72021484375,86677500
2023-04-12,2120.0,2140.0,2100.0,2110.0,1869.72021484375,61352700
2023-04-13,2110.0,2130.0,2100.0,2130.0,1887.442626953125,46749000
2023-04-14,2140.0,2160.0,2110.0,2110.0,1869.72021484375,96329700
2023-04-17,2130.0,2140.0,2100.0,2120.0,1878.58154296875,45802200
2023-04-18,2120.0,2130.0,2080.0,2100.0,1860.8590087890625,41960600
2023-04-26,2080.0,2110.0,2060.0,2110.0,1869.72021484375,53065900
2023-04-27,2120.0,2120.0,2080.0,2080.0,1843.136474609375,24606800
2023-04-28,2090.0,2110.0,2070.0,2100.0,1860.8590087890625,38485900
2023-05-02,2090.0,2100.0,2030.0,2060.0,1825.4140625,45566000
2023-05-03,2110.0,2150.0,2100.0,2120.0,1878.58154296875,84879600
2023-05-04,2140.0,2150.0,2110.0,2130.0,1887.442626953125,56925500
2023-05-05,2130.0,2130.0,2020.0,2040.0,1807.6915283203125,65433100
2023-05-08,2060.0,2090.0,2040.0,2070.0,1834.275390625,29706800
2023-05-09,2080.0,2120.0,2070.0,2110.0,1869.72021484375,38860300
2023-05-10,2110.0,2120.0,2070.0,2100.0,1860.8590087890625,29596100
2023-05-11,2080.0,2080.0,2030.0,2040.0,1807.6915283203125,60984800
2023-05-12,2030.0,2030.0,1990.0,2000.0,1772.2467041015625,55827200
2023-05-15,2000.0,2020.0,1970.0,1990.0,1763.3853759765625,52156000
2023-05-16,1990.0,2000.0,1955.0,1970.0,1745.6629638671875,46780700
2023-05-17,1960.0,1965.0,1915.0,1935.0,1714.648681640625,57535100
2023-05-19,1935.0,1970.0,1920.0,1955.0,1732.37109375,45974800
2023-05-22,1960.0,1990.0,1935.0,1940.0,1719.0792236328125,51978000
2023-05-23,1940.0,1970.0,1940.0,1945.0,1723.5098876953125,50066400
2023-05-24,1950.0,1960.0,1945.0,1950.0,1727.9405517578125,25578300
2023-05-25,1950.0,1965.0,1940.0,1945.0,1723.5098876953125,30649800
2023-05-26,1945.0,1950.0,1920.0,1920.0,1701.3568115234375,35480500
2023-05-29,1920.0,1935.0,1905.0,1935.0,1714.648681640625,33236600
2023-05-30,1935.0,1960.0,1930.0,1940.0,1719.0792236328125,20104800
2023-05-31,1940.0,1945.0,1895.0,1895.0,1679.2037353515625,112564800
2023-06-05,1905.0,1995.0,1905.0,1975.0,1750.093505859375,65371800
2023-06-06,1985.0,2030.0,1985.0,2010.0,1781.10791015625,49988100
2023-06-07,2010.0,2030.0,1990.0,2020.0,1789.96923828125,33846900
2023-06-08,2040.0,2040.0,1985.0,1985.0,1758.954833984375,36123800
2023-06-09,1985.0,1995.0,1970.0,1975.0,1750.093505859375,24991800
2023-06-12,1980.0,2000.0,1975.0,1995.0,1767.8160400390625,23090500
2023-06-13,1995.0,2020.0,1980.0,2010.0,1781.10791015625,27907100
2023-06-14,2040.0,2050.0,2010.0,2030.0,1798.830322265625,54535600
2023-06-15,2040.0,2050.0,2010.0,2040.0,1807.6915283203125,44386500
2023-06-16,2060.0,2060.0,2020.0,2060.0,1825.4140625,34334100
2023-06-19,2060.0,2060.0,2020.0,2030.0,1798.830322265625,11742200
2023-06-20,2030.0,2040.0,2010.0,2020.0,1789.96923828125,16397800
2023-06-21,2010.0,2030.0,2000.0,2010.0,1781.10791015625,19148800
2023-06-22,2010.0,2060.0,2010.0,2010.0,1781.10791015625,40103700
2023-06-23,2020.0,2030.0,2000.0,2010.0,1781.10791015625,30401200
2023-06-26,1950.0,1975.0,1935.0,1950.0,1799.100341796875,42017600
2023-06-27,1955.0,1965.0,1950.0,1950.0,1799.100341796875,18194100
2023-07-03,1955.0,1990.0,1955.0,1965.0,1812.9395751953125,20374900
2023-07-04,1970.0,1980.0,1960.0,1970.0,1817.552734375,16313500
2023-07-05,1970.0,1990.0,1960.0,1985.0,1831.3919677734375,35622000
2023-07-06,1995.0,2050.0,1990.0,2020.0,1863.6834716796875,88546800
2023-07-07,2020.0,2020.0,1975.0,1975.0,1822.165771484375,40420700
2023-07-10,1985.0,1995.0,1980.0,1980.0,1826.77880859375,14134300
2023-07-11,1985.0,2000.0,1980.0,2000.0,1845.231201171875,19295300
2023-07-12,2010.0,2010.0,1990.0,1990.0,1836.0050048828125,21168800
2023-07-13,2010.0,2030.0,1990.0,1990.0,1836.0050048828125,36336200
2023-07-14,1995.0,2020.0,1995.0,2000.0,1845.231201171875,21060000
2023-07-17,2010.0,2020.0,1990.0,1990.0,1836.0050048828125,21903600
2023-07-18,2000.0,2010.0,1975.0,1990.0,1836.0050048828125,25067900
2023-07-20,2000.0,2010.0,1980.0,1990.0,1836.0050048828125,31137300
2023-07-21,2000.0,2000.0,1975.0,1975.0,1822.165771484375,30200700
2023-07-24,1975.0,1990.0,1975.0,1975.0,1822.165771484375,19326300
2023-07-25,1985.0,2000.0,1975.0,1975.0,1822.165771484375,25532000
2023-07-26,1995.0,2010.0,1980.0,1985.0,1831.3919677734375,35649600
2023-07-27,1985.0,1990.0,1970.0,1970.0,1817.552734375,21145100
2023-07-28,1970.0,1975.0,1955.0,1960.0,1808.3265380859375,36810200
2023-07-31,1965.0,1990.0,1960.0,1985.0,1831.3919677734375,33449700
2023-08-01,2000.0,2060.0,1990.0,2040.0,1882.1357421875,136288500
2023-08-02,2050.0,2050.0,1990.0,2010.0,1854.457275390625,78406600
2023-08-03,2000.0,2020.0,1990.0,2010.0,1854.457275390625,38816800
2023-08-04,2010.0,2040.0,2000.0,2020.0,1863.6834716796875,40798600
2023-08-07,2030.0,2050.0,2020.0,2040.0,1882.1357421875,41290300
2023-08-08,2050.0,2050.0,2000.0,2010.0,1854.457275390625,22252100
2023-08-09,2010.0,2020.0,1990.0,2010.0,1854.457275390625,28570200
2023-08-10,2000.0,2020.0,1990.0,1990.0,1836.0050048828125,25992700
2023-08-11,1995.0,2000.0,1980.0,1990.0,1836.0050048828125,24628600
2023-08-14,1990.0,2000.0,1970.0,2000.0,1845.231201171875,28640500
2023-08-15,1995.0,2000.0,1985.0,1990.0,1836.0050048828125,23413100
2023-08-16,1985.0,1990.0,1960.0,1960.0,1808.3265380859375,62356300
2023-08-18,1960.0,1970.0,1945.0,1950.0,1799.100341796875,42360900
2023-08-21,1950.0,1965.0,1950.0,1950.0,1799.100341796875,18371900
2023-08-22,1950.0,1960.0,1935.0,1945.0,1794.4873046875,36188400
2023-08-23,1950.0,1965.0,1950.0,1955.0,1803.7135009765625,35653600
2023-08-24,1975.0,2020.0,1975.0,1995.0,1840.6180419921875,81402400
2023-08-25,1995.0,2010.0,1980.0,1990.0,1836.0050048828125,34868200
2023-08-28,1995.0,2010.0,1980.0,1995.0,1840.6180419921875,20521600
2023-08-29,1995.0,2000.0,1980.0,1995.0,1840.6180419921875,23010600
2023-08-30,2010.0,2010.0,1995.0,1995.0,1840.6180419921875,31964100
2023-08-31,1995.0,2010.0,1975.0,1990.0,1836.0050048828125,34775700
2023-09-01,1925.0,1970.0,1925.0,1955.0,1803.7135009765625,89347300
2023-09-04,1975.0,1980.0,1950.0,1950.0,1799.100341796875,50595200
2023-09-05,1950.0,1970.0,1945.0,1950.0,1799.100341796875,30663500
2023-09-06,1950.0,1965.0,1945.0,1945.0,1794.4873046875,46818400
2023-09-07,1945.0,1955.0,1940.0,1955.0,1803.7135009765625,29131200
2023-09-08,1955.0,1960.0,1940.0,1945.0,1794.4873046875,28062400
2023-09-11,1945.0,1955.0,1930.0,1955.0,1803.7135009765625,28507500
2023-09-12,1960.0,1960.0,1940.0,1945.0,1794.4873046875,19270100
2023-09-13,1950.0,1950.0,1910.0,1915.0,1766.808837890625,42991700
2023-09-14,1920.0,1935.0,1895.0,1900.0,1752.9696044921875,53126700
2023-09-15,1900.0,1920.0,1895.0,1900.0,1752.9696044921875,46983300
2023-09-18,1900.0,1910.0,1845.0,1845.0,1702.2257080078125,55122100
2023-09-19,1835.0,1870.0,1815.0,1840.0,1697.6126708984375,50949200
2023-09-20,1845.0,1875.0,1845.0,1860.0,1716.06494140625,30863900
2023-09-21,1860.0,1875.0,1830.0,1835.0,1692.9996337890625,39716700
2023-09-22,1835.0,1865.0,1835.0,1850.0,1706.8388671875,20902800
2023-09-25,1855.0,1865.0,1845.0,1850.0,1706.8388671875,15640300
2023-09-26,1850.0,1855.0,1830.0,1840.0,1697.6126708984375,23825200
2023-09-27,1840.0,1845.0,1820.0,1820.0,1679.160400390625,17418400
2023-09-29,1820.0,1830.0,1815.0,1815.0,1674.5472412109375,23052100
2023-10-02,1815.0,1825.0,1800.0,1805.0,1665.3211669921875,25415600
2023-10-03,1805.0,1810.0,1765.0,1765.0,1628.41650390625,42107800
2023-10-04,1780.0,1780.0,1735.0,1740.0,1605.35107421875,34753800
2023-10-05,1745.0,1760.0,1705.0,1705.0,1573.0595703125,44516900
2023-10-06,1705.0,1740.0,1705.0,1715.0,1582.2857666015625,33650000
2023-10-09,1735.0,1835.0,1735.0,1810.0,1669.9342041015625,63728500
2023-10-10,1830.0,1860.0,1815.0,1815.0,1674.5472412109375,36959900
2023-10-11,1825.0,1850.0,1815.0,1815.0,1674.5472412109375,27092400
2023-10-12,1825.0,1835.0,1775.0,1775.0,1637.6427001953125,41983500
2023-10-13,1775.0,1775.0,1750.0,1755.0,1619.1903076171875,32334300
2023-10-16,1785.0,1820.0,1785.0,1805.0,1665.3211669921875,47543000
2023-10-17,1810.0,1820.0,1790.0,1810.0,1669.9342041015625,22543800
2023-10-18,1815.0,1850.0,1815.0,1850.0,1706.8388671875,28110900
2023-10-19,1850.0,1850.0,1795.0,1815.0,1674.5472412109375,32542000
2023-10-20,1825.0,1845.0,1805.0,1825.0,1683.7734375,17059500
2023-10-23,1825.0,1825.0,1745.0,1750.0,1614.5772705078125,37513800
2023-10-24,1745.0,1780.0,1735.0,1765.0,1628.41650390625,18292500
2023-10-25,1770.0,1780.0,1730.0,1730.0,1596.125,30552900
2023-10-26,1735.0,1755.0,1730.0,1730.0,1596.125,16159400
2023-10-27,1735.0,1745.0,1725.0,1725.0,1591.5118408203125,11293000
2023-10-30,1730.0,1745.0,1715.0,1725.0,1591.5118408203125,14473600
2023-10-31,1725.0,1740.0,1705.0,1705.0,1573.0595703125,34363300
2023-11-01,1705.0,1715.0,1650.0,1650.0,1522.315673828125,43647900
2023-11-02,1655.0,1685.0,1650.0,1650.0,1522.315673828125,31660400
2023-11-03,1660.0,1675.0,1650.0,1655.0,1526.9288330078125,27879000
2023-11-06,1665.0,1700.0,1660.0,1700.0,1568.446533203125,36428600
2023-11-07,1710.0,1715.0,1675.0,1690.0,1559.2203369140625,22153500
2023-11-08,1680.0,1685.0,1650.0,1660.0,1531.5418701171875,29121500
2023-11-09,1660.0,1670.0,1650.0,1655.0,1526.9288330078125,15805800
2023-11-10,1655.0,1665.0,1625.0,1625.0,1499.2503662109375,22031500
2023-11-13,1625.0,1635.0,1610.0,1620.0,1494.63720703125,25305600
2023-11-14,1620.0,1640.0,1610.0,1620.0,1494.63720703125,22911400
2023-11-15,1630.0,1675.0,1630.0,1640.0,1513.089599609375,63104500
2023-11-16,1640.0,1655.0,1625.0,1650.0,1522.315673828125,18218200
2023-11-17,1645.0,1650.0,1620.0,1635.0,1508.4764404296875,26463700
2023-11-20,1635.0,1640.0,1600.0,1610.0,1485.4111328125,32144100
2023-11-21,1615.0,1640.0,1610.0,1620.0,1494.63720703125,23501100
2023-11-22,1635.0,1635.0,1605.0,1605.0,1480.7979736328125,24708100
2023-11-23,1600.0,1615.0,1580.0,1600.0,1476.1849365234375,24227300
2023-11-24,1600.0,1620.0,1600.0,1605.0,1480.7979736328125,13563500
2023-11-27,1610.0,1625.0,1610.0,1620.0,1494.63720703125,23279700
2023-11-28,1630.0,1670.0,1620.0,1655.0,1526.9288330078125,42651500
2023-11-29,1680.0,1735.0,1680.0,1700.0,1568.446533203125,89761900
2023-11-30,1705.0,1740.0,1675.0,1740.0,1605.35107421875,75641800
2023-12-01,1710.0,1725.0,1695.0,1705.0,1573.0595703125,41222800
2023-12-04,1740.0,1810.0,1735.0,1750.0,1614.5772705078125,108764700
2023-12-05,1745.0,1745.0,1720.0,1745.0,1609.9642333984375,36711700
2023-12-06,1740.0,1740.0,1700.0,1700.0,1568.446533203125,38302400
2023-12-07,1700.0,1705.0,1635.0,1635.0,1508.4764404296875,50450100
2023-12-08,1650.0,1690.0,1645.0,1685.0,1554.6072998046875,41337300
2023-12-11,1675.0,1675.0,1640.0,1655.0,1526.9288330078125,29210100
2023-12-12,1655.0,1655.0,1610.0,1625.0,1499.2503662109375,29865200
2023-12-13,1625.0,1625.0,1590.0,1595.0,1471.5718994140625,33258000
2023-12-14,1625.0,1650.0,1625.0,1640.0,1513.089599609375,42144600
2023-12-15,1650.0,1670.0,1640.0,1670.0,1540.76806640625,34436800
2023-12-18,1670.0,1675.0,1620.0,1665.0,1536.1549072265625,34081200
2023-12-19,1650.0,1650.0,1625.0,1640.0,1513.089599609375,10954000
2023-12-20,1640.0,1665.0,1635.0,1635.0,1508.4764404296875,33524500
2023-12-21,1635.0,1645.0,1625.0,1635.0,1508.4764404296875,14967800
2023-12-22,1640.0,1665.0,1640.0,1665.0,1536.1549072265625,24415400
2023-12-27,1675.0,1745.0,1675.0,1735.0,1600.738037109375,86013100
2023-12-28,1750.0,1800.0,1705.0,1715.0,1582.2857666015625,115723900
2023-12-29,1720.0,1785.0,1705.0,1705.0,1573.0595703125,83597900
2024-01-02,1715.0,1735.0,1710.0,1735.0,1600.738037109375,24718300
2024-01-03,1735.0,1735.0,1700.0,1700.0,1568.446533203125,37300200
2024-01-04,1700.0,1725.0,1680.0,1685.0,1554.6072998046875,50670900
2024-01-05,1690.0,1695.0,1675.0,1675.0,1545.381103515625,27724900
2024-01-08,1680.0,1710.0,1650.0,1650.0,1522.315673828125,38882100
2024-01-09,1650.0,1670.0,1630.0,1645.0,1517.70263671875,35557300
2024-01-10,1650.0,1670.0,1635.0,1655.0,1526.9288330078125,23255700
2024-01-11,1660.0,1670.0,1635.0,1635.0,1508.4764404296875,23738400
2024-01-12,1635.0,1645.0,1620.0,1625.0,1499.2503662109375,37633100
2024-01-15,1630.0,1640.0,1605.0,1605.0,1480.7979736328125,41059100
2024-01-16,1610.0,1625.0,1600.0,1605.0,1480.7979736328125,28690900
2024-01-17,1620.0,1620.0,1600.0,1605.0,1480.7979736328125,22340500
2024-01-18,1605.0,1635.0,1600.0,1620.0,1494.63720703125,42791800
2024-01-19,1670.0,1705.0,1640.0,1645.0,1517.70263671875,138276200
2024-01-22,1645.0,1665.0,1640.0,1645.0,1517.70263671875,40064300
2024-01-23,1645.0,1650.0,1605.0,1610.0,1485.4111328125,45771000
2024-01-24,1610.0,1620.0,1525.0,1535.0,1416.2149658203125,100907600
2024-01-25,1535.0,1590.0,1535.0,1555.0,1434.667236328125,53174200
2024-01-26,1560.0,1580.0,1555.0,1575.0,1453.1195068359375,36596700
2024-01-29,1575.0,1595.0,1550.0,1565.0,1443.8934326171875,25068100
2024-01-30,1565.0,1570.0,1560.0,1565.0,1443.8934326171875,21896800
2024-01-31,1565.0,1585.0,1550.0,1550.0,1430.05419921875,23365800
2024-02-01,1550.0,1570.0,1535.0,1535.0,1416.2149658203125,21202800
2024-02-02,1535.0,1550.0,1525.0,1525.0,1406.98876953125,46157600
2024-02-05,1525.0,1540.0,1440.0,1440.0,1328.56640625,109746600
2024-02-06,1445.0,1470.0,1410.0,1425.0,1314.7271728515625,59462600
2024-02-07,1430.0,1440.0,1405.0,1410.0,1300.887939453125,51571600
2024-02-12,1415.0,1470.0,1415.0,1465.0,1351.6318359375,38567300
2024-02-13,1515.0,1580.0,1485.0,1545.0,1425.4410400390625,140446400
2024-02-15,1570.0,1580.0,1535.0,1540.0,1420.8280029296875,62446100
2024-02-16,1545.0,1560.0,1530.0,1530.0,1411.601806640625,27133500
2024-02-19,1545.0,1545.0,1505.0,1515.0,1397.7625732421875,25251500
2024-02-20,1515.0,1525.0,1505.0,1505.0,1388.5364990234375,29689600
2024-02-21,1505.0,1515.0,1455.0,1470.0,1356.244873046875,49738700
2024-02-22,1480.0,1520.0,1480.0,1500.0,1383.92333984375,46945600
2024-02-23,1525.0,1550.0,1505.0,1550.0,1430.05419921875,58962900
2024-02-26,1555.0,1565.0,1510.0,1515.0,1397.7625732421875,26407900
2024-02-27,1515.0,1515.0,1470.0,1480.0,1365.4710693359375,45781700
2024-02-28,1490.0,1500.0,1470.0,1490.0,1374.697265625,22569900
2024-02-29,1495.0,1505.0,1460.0,1460.0,1347.018798828125,48482200
2024-03-01,1465.0,1490.0,1465.0,1480.0,1365.4710693359375,27751500
2024-03-04,1495.0,1500.0,1460.0,1460.0,1347.018798828125,31713700
2024-03-05,1470.0,1485.0,1460.0,1460.0,1347.018798828125,37549800
2024-03-06,1465.0,1540.0,1465.0,1525.0,1406.98876953125,81197000
2024-03-07,1535.0,1580.0,1535.0,1575.0,1453.1195068359375,84824100
2024-03-08,1595.0,1600.0,1550.0,1565.0,1443.8934326171875,52659100
2024-03-13,1575.0,1635.0,1575.0,1620.0,1494.63720703125,116310700
2024-03-14,1630.0,1645.0,1610.0,1645.0,1517.70263671875,69006400
2024-03-15,1645.0,1645.0,1610.0,1615.0,1490.024169921875,51840100
2024-03-18,1615.0,1675.0,1605.0,1655.0,1526.9288330078125,66602000
2024-03-19,1665.0,1690.0,1660.0,1660.0,1531.5418701171875,49266200
2024-03-20,1660.0,1670.0,1645.0,1660.0,1531.5418701171875,38425600
2024-03-21,1685.0,1720.0,1680.0,1700.0,1568.446533203125,85481500
2024-03-22,1700.0,1700.0,1660.0,1670.0,1540.76806640625,42163600
2024-03-25,1685.0,1685.0,1650.0,1660.0,1531.5418701171875,51279200
2024-03-26,1675.0,1675.0,1650.0,1665.0,1536.1549072265625,35072600
2024-03-27,1665.0,1675.0,1625.0,1635.0,1508.4764404296875,34509200
2024-03-28,1640.0,1655.0,1580.0,1600.0,1476.1849365234375,62687900
2024-04-01,1615.0,1635.0,1545.0,1580.0,1457.732666015625,61273100
2024-04-02,1580.0,1640.0,1575.0,1640.0,1513.089599609375,46410200
2024-04-03,1650.0,1660.0,1630.0,1645.0,1517.70263671875,55402400
2024-04-04,1660.0,1675.0,1650.0,1660.0,1531.5418701171875,47280700
2024-04-05,1665.0,1675.0,1645.0,1670.0,1540.76806640625,35349900
2024-04-16,1685.0,1810.0,1680.0,1810.0,1669.9342041015625,201068200
2024-04-17,1815.0,1845.0,1775.0,1795.0,1656.094970703125,97314200
2024-04-18,1800.0,1815.0,1710.0,1725.0,1591.5118408203125,105257300
2024-04-19,1765.0,1770.0,1725.0,1760.0,1623.803466796875,86892700
2024-04-22,1780.0,1800.0,1760.0,1770.0,1633.029541015625,70463000
2024-04-23,1770.0,1775.0,1730.0,1740.0,1605.35107421875,53092100
2024-04-24,1745.0,1750.0,1680.0,1680.0,1549.994140625,42661100
2024-04-25,1680.0,1695.0,1585.0,1590.0,1466.958740234375,77798400
2024-04-26,1600.0,1615.0,1575.0,1595.0,1471.5718994140625,45105100
2024-04-29,1600.0,1620.0,1570.0,1615.0,1490.024169921875,44759600
2024-04-30,1625.0,1640.0,1600.0,1640.0,1513.089599609375,42746700
2024-05-02,1605.0,1610.0,1510.0,1510.0,1393.1495361328125,100915200
2024-05-03,1515.0,1535.0,1475.0,1490.0,1374.697265625,70316700
2024-05-06,1505.0,1530.0,1490.0,1515.0,1397.7625732421875,41690800
2024-05-07,1530.0,1540.0,1500.0,1505.0,1388.5364990234375,40340300
2024-05-08,1505.0,1575.0,1480.0,1535.0,1416.2149658203125,109109000
2024-05-13,1540.0,1550.0,1515.0,1525.0,1406.98876953125,36491800
2024-05-14,1520.0,1545.0,1515.0,1525.0,1406.98876953125,31675400
2024-05-15,1535.0,1575.0,1535.0,1565.0,1443.8934326171875,51245200
2024-05-16,1585.0,1590.0,1560.0,1565.0,1443.8934326171875,52891500
2024-05-17,1585.0,1635.0,1585.0,1620.0,1494.63720703125,88081100
2024-05-20,1645.0,1670.0,1645.0,1655.0,1526.9288330078125,113540600
2024-05-21,1545.0,1595.0,1545.0,1565.0,1565.0,58009600
2024-05-22,1565.0,1580.0,1520.0,1525.0,1525.0,42177500
2024-05-27,1525.0,1535.0,1490.0,1495.0,1495.0,34506000
2024-05-28,1500.0,1535.0,1500.0,1515.0,1515.0,33679300
2024-05-29,1525.0,1540.0,1505.0,1525.0,1525.0,27076800
2024-05-30,1525.0,1525.0,1490.0,1490.0,1490.0,38241900
2024-05-31,1490.0,1510.0,1465.0,1465.0,1465.0,81505200
2024-06-03,1465.0,1490.0,1465.0,1470.0,1470.0,29619200
2024-06-04,1470.0,1485.0,1435.0,1440.0,1440.0,60287600
2024-06-05,1440.0,1445.0,1340.0,1340.0,1340.0,104191600
2024-06-06,1345.0,1380.0,1305.0,1315.0,1315.0,73528000
2024-06-07,1320.0,1350.0,1300.0,1300.0,1300.0,77512800
2024-06-10,1290.0,1300.0,1215.0,1240.0,1240.0,98034100
2024-06-11,1240.0,1280.0,1240.0,1255.0,1255.0,64084300
2024-06-12,1255.0,1270.0,1240.0,1270.0,1270.0,35959900
2024-06-13,1270.0,1285.0,1255.0,1255.0,1255.0,40672000
2024-06-14,1255.0,1260.0,1205.0,1210.0,1210.0,48922900
2024-06-19,1215.0,1225.0,1175.0,1215.0,1215.0,36744000
2024-06-20,1215.0,1225.0,1200.0,1215.0,1215.0,33480600
2024-06-21,1220.0,1255.0,1220.0,1230.0,1230.0,55789200
2024-06-24,1235.0,1260.0,1235.0,1250.0,1250.0,22559600
2024-06-25,1255.0,1260.0,1220.0,1225.0,1225.0,29652400
2024-06-26,1230.0,1235.0,1210.0,1215.0,1215.0,29664300
2024-06-27,1200.0,1230.0,1200.0,1230.0,1230.0,24220600
2024-06-28,1235.0,1265.0,1230.0,1250.0,1250.0,54955600
2024-07-01,1255.0,1305.0,1250.0,1305.0,1305.0,69300100
2024-07-02,1310.0,1315.0,1280.0,1295.0,1295.0,58443100
2024-07-03,1295.0,1315.0,1280.0,1315.0,1315.0,40057600
2024-07-04,1325.0,1335.0,1320.0,1325.0,1325.0,46070600
2024-07-05,1325.0,1330.0,1305.0,1310.0,1310.0,21984500
2024-07-08,1315.0,1365.0,1315.0,1365.0,1365.0,61088000
2024-07-09,1365.0,1375.0,1340.0,1345.0,1345.0,39832500
2024-07-10,1350.0,1365.0,1345.0,1345.0,1345.0,25808000
2024-07-11,1345.0,1365.0,1320.0,1360.0,1360.0,36563500
2024-07-12,1365.0,1380.0,1350.0,1360.0,1360.0,34695000
2024-07-15,1360.0,1370.0,1330.0,1350.0,1350.0,27711000
2024-07-16,1350.0,1365.0,1335.0,1340.0,1340.0,30321900
2024-07-17,1360.0,1395.0,1355.0,1380.0,1380.0,65083200
2024-07-18,1395.0,1405.0,1375.0,1375.0,1375.0,53937000
2024-07-19,1375.0,1380.0,1330.0,1350.0,1350.0,60206400
2024-07-22,1350.0,1360.0,1330.0,1340.0,1340.0,35890600
2024-07-23,1340.0,1350.0,1305.0,1315.0,1315.0,48954700
2024-07-24,1315.0,1325.0,1305.0,1310.0,1310.0,28205300
2024-07-25,1305.0,1310.0,1275.0,1280.0,1280.0,44789300
2024-07-26,1285.0,1300.0,1280.0,1295.0,1295.0,33791400
2024-07-29,1325.0,1350.0,1310.0,1310.0,1310.0,62519500
2024-07-30,1320.0,1330.0,1300.0,1300.0,1300.0,30531700
2024-07-31,1310.0,1325.0,1305.0,1315.0,1315.0,34840100
2024-08-01,1340.0,1355.0,1325.0,1345.0,1345.0,54534700
2024-08-02,1335.0,1350.0,1320.0,1345.0,1345.0,32243400
2024-08-05,1330.0,1330.0,1265.0,1285.0,1285.0,65319000
2024-08-06,1290.0,1305.0,1280.0,1295.0,1295.0,27910200
2024-08-07,1295.0,1315.0,1295.0,1295.0,1295.0,20663100
2024-08-08,1295.0,1300.0,1270.0,1270.0,1270.0,46868600
2024-08-09,1285.0,1300.0,1280.0,1285.0,1285.0,26308700
2024-08-12,1290.0,1310.0,1290.0,1310.0,1310.0,38054700
2024-08-13,1320.0,1330.0,1280.0,1310.0,1310.0,109937300
2024-08-14,1310.0,1320.0,1290.0,1305.0,1305.0,46923100
2024-08-15,1310.0,1390.0,1305.0,1385.0,1385.0,177044200
2024-08-16,1405.0,1510.0,1400.0,1460.0,1460.0,377536100
2024-08-19,1475.0,1510.0,1460.0,1470.0,1470.0,179600100
2024-08-20,1480.0,1495.0,1455.0,1475.0,1475.0,88428900
2024-08-21,1485.0,1525.0,1465.0,1470.0,1470.0,133225200
2024-08-22,1470.0,1475.0,1430.0,1440.0,1440.0,73634500
2024-08-23,1445.0,1465.0,1445.0,1450.0,1450.0,45814100
2024-08-26,1460.0,1480.0,1450.0,1480.0,1480.0,75022900
2024-08-27,1480.0,1485.0,1450.0,1470.0,1470.0,37690700
2024-08-28,1480.0,1485.0,1450.0,1450.0,1450.0,41278000
2024-08-29,1450.0,1455.0,1400.0,1410.0,1410.0,111056900
2024-08-30,1415.0,1420.0,1390.0,1390.0,1390.0,764070300
2024-09-02,1400.0,1415.0,1385.0,1395.0,1395.0,116937200
2024-09-03,1400.0,1405.0,1365.0,1370.0,1370.0,87618500
2024-09-04,1350.0,1370.0,1340.0,1345.0,1345.0,98870900
2024-09-05,1350.0,1370.0,1330.0,1345.0,1345.0,106245300
