NO;Tanggal;Kurs;
1;8/30/2024 12:00:00 AM;15473;
2;8/29/2024 12:00:00 AM;15409;
3;8/28/2024 12:00:00 AM;15476;
4;8/27/2024 12:00:00 AM;15509;
5;8/26/2024 12:00:00 AM;15380;
6;8/23/2024 12:00:00 AM;15554;
7;8/22/2024 12:00:00 AM;15579;
8;8/21/2024 12:00:00 AM;15456;
9;8/20/2024 12:00:00 AM;15480;
10;8/19/2024 12:00:00 AM;15591;
11;8/16/2024 12:00:00 AM;15716;
12;8/15/2024 12:00:00 AM;15687;
13;8/14/2024 12:00:00 AM;15691;
14;8/13/2024 12:00:00 AM;15885;
15;8/12/2024 12:00:00 AM;15963;
16;8/9/2024 12:00:00 AM;15914;
17;8/8/2024 12:00:00 AM;15952;
18;8/7/2024 12:00:00 AM;16100;
19;8/6/2024 12:00:00 AM;16183;
20;8/5/2024 12:00:00 AM;16154;
21;8/2/2024 12:00:00 AM;16234;
22;8/1/2024 12:00:00 AM;16243;
23;7/31/2024 12:00:00 AM;16294;
24;7/30/2024 12:00:00 AM;16320;
25;7/29/2024 12:00:00 AM;16286;
26;7/26/2024 12:00:00 AM;16294;
27;7/25/2024 12:00:00 AM;16268;
28;7/24/2024 12:00:00 AM;16224;
29;7/23/2024 12:00:00 AM;16204;
30;7/22/2024 12:00:00 AM;16228;
31;7/19/2024 12:00:00 AM;16199;
32;7/18/2024 12:00:00 AM;16160;
33;7/17/2024 12:00:00 AM;16129;
34;7/16/2024 12:00:00 AM;16203;
35;7/15/2024 12:00:00 AM;16174;
36;7/12/2024 12:00:00 AM;16154;
37;7/11/2024 12:00:00 AM;16200;
38;7/10/2024 12:00:00 AM;16256;
39;7/9/2024 12:00:00 AM;16281;
40;7/8/2024 12:00:00 AM;16265;
41;7/5/2024 12:00:00 AM;16312;
42;7/4/2024 12:00:00 AM;16341;
43;7/3/2024 12:00:00 AM;16387;
44;7/2/2024 12:00:00 AM;16384;
45;7/1/2024 12:00:00 AM;16355;
46;6/28/2024 12:00:00 AM;16394;
47;6/27/2024 12:00:00 AM;16421;
48;6/26/2024 12:00:00 AM;16435;
49;6/25/2024 12:00:00 AM;16379;
50;6/24/2024 12:00:00 AM;16431;
51;6/21/2024 12:00:00 AM;16458;
52;6/20/2024 12:00:00 AM;16420;
53;6/19/2024 12:00:00 AM;16368;
54;6/14/2024 12:00:00 AM;16374;
55;6/13/2024 12:00:00 AM;16286;
56;6/12/2024 12:00:00 AM;16297;
57;6/11/2024 12:00:00 AM;16295;
58;6/10/2024 12:00:00 AM;16290;
59;6/7/2024 12:00:00 AM;16218;
60;6/6/2024 12:00:00 AM;16279;
61;6/5/2024 12:00:00 AM;16282;
62;6/4/2024 12:00:00 AM;16220;
63;6/3/2024 12:00:00 AM;16225;
64;5/31/2024 12:00:00 AM;16251;
65;5/30/2024 12:00:00 AM;16253;
66;5/29/2024 12:00:00 AM;16160;
67;5/28/2024 12:00:00 AM;16095;
68;5/27/2024 12:00:00 AM;16064;
69;5/22/2024 12:00:00 AM;15995;
70;5/21/2024 12:00:00 AM;16024;
71;5/20/2024 12:00:00 AM;15980;
72;5/17/2024 12:00:00 AM;15978;
73;5/16/2024 12:00:00 AM;15944;
74;5/15/2024 12:00:00 AM;16070;
75;5/14/2024 12:00:00 AM;16131;
76;5/13/2024 12:00:00 AM;16085;
77;5/8/2024 12:00:00 AM;16081;
78;5/7/2024 12:00:00 AM;16054;
79;5/6/2024 12:00:00 AM;16025;
80;5/3/2024 12:00:00 AM;16094;
81;5/2/2024 12:00:00 AM;16202;
82;4/30/2024 12:00:00 AM;16276;
83;4/29/2024 12:00:00 AM;16249;
84;4/26/2024 12:00:00 AM;16222;
85;4/25/2024 12:00:00 AM;16208;
86;4/24/2024 12:00:00 AM;16161;
87;4/23/2024 12:00:00 AM;16244;
88;4/22/2024 12:00:00 AM;16224;
89;4/19/2024 12:00:00 AM;16280;
90;4/18/2024 12:00:00 AM;16177;
91;4/17/2024 12:00:00 AM;16240;
92;4/16/2024 12:00:00 AM;16176;
93;4/5/2024 12:00:00 AM;15873;
94;4/4/2024 12:00:00 AM;15907;
95;4/3/2024 12:00:00 AM;15923;
96;4/2/2024 12:00:00 AM;15934;
97;4/1/2024 12:00:00 AM;15909;
98;3/28/2024 12:00:00 AM;15873;
99;3/27/2024 12:00:00 AM;15853;
100;3/26/2024 12:00:00 AM;15797;
101;3/25/2024 12:00:00 AM;15795;
102;3/22/2024 12:00:00 AM;15773;
103;3/21/2024 12:00:00 AM;15662;
104;3/20/2024 12:00:00 AM;15727;
105;3/19/2024 12:00:00 AM;15712;
106;3/18/2024 12:00:00 AM;15672;
107;3/15/2024 12:00:00 AM;15624;
108;3/14/2024 12:00:00 AM;15582;
109;3/13/2024 12:00:00 AM;15576;
110;3/8/2024 12:00:00 AM;15603;
111;3/7/2024 12:00:00 AM;15658;
112;3/6/2024 12:00:00 AM;15723;
113;3/5/2024 12:00:00 AM;15756;
114;3/4/2024 12:00:00 AM;15723;
115;3/1/2024 12:00:00 AM;15696;
116;2/29/2024 12:00:00 AM;15715;
117;2/28/2024 12:00:00 AM;15673;
118;2/27/2024 12:00:00 AM;15655;
119;2/26/2024 12:00:00 AM;15635;
120;2/23/2024 12:00:00 AM;15589;
121;2/22/2024 12:00:00 AM;15630;
122;2/21/2024 12:00:00 AM;15658;
123;2/20/2024 12:00:00 AM;15659;
124;2/19/2024 12:00:00 AM;15630;
125;2/16/2024 12:00:00 AM;15654;
126;2/15/2024 12:00:00 AM;15606;
127;2/13/2024 12:00:00 AM;15585;
128;2/12/2024 12:00:00 AM;15612;
129;2/7/2024 12:00:00 AM;15685;
130;2/6/2024 12:00:00 AM;15734;
131;2/5/2024 12:00:00 AM;15705;
132;2/2/2024 12:00:00 AM;15688;
133;2/1/2024 12:00:00 AM;15775;
134;1/31/2024 12:00:00 AM;15803;
135;1/30/2024 12:00:00 AM;15796;
136;1/29/2024 12:00:00 AM;15825;
137;1/26/2024 12:00:00 AM;15829;
138;1/25/2024 12:00:00 AM;15767;
139;1/24/2024 12:00:00 AM;15719;
140;1/23/2024 12:00:00 AM;15656;
141;1/22/2024 12:00:00 AM;15627;
142;1/19/2024 12:00:00 AM;15628;
143;1/18/2024 12:00:00 AM;15630;
144;1/17/2024 12:00:00 AM;15639;
145;1/16/2024 12:00:00 AM;15592;
146;1/15/2024 12:00:00 AM;15555;
147;1/12/2024 12:00:00 AM;15559;
148;1/11/2024 12:00:00 AM;15558;
149;1/10/2024 12:00:00 AM;15568;
150;1/9/2024 12:00:00 AM;15518;
151;1/8/2024 12:00:00 AM;15522;
152;1/5/2024 12:00:00 AM;15518;
153;1/4/2024 12:00:00 AM;15525;
154;1/3/2024 12:00:00 AM;15495;
155;1/2/2024 12:00:00 AM;15473;
156;12/29/2023 12:00:00 AM;15439;
157;12/28/2023 12:00:00 AM;15416;
158;12/27/2023 12:00:00 AM;15414;
159;12/22/2023 12:00:00 AM;15489;
160;12/21/2023 12:00:00 AM;15533;
161;12/20/2023 12:00:00 AM;15512;
162;12/19/2023 12:00:00 AM;15506;
163;12/18/2023 12:00:00 AM;15516;
164;12/15/2023 12:00:00 AM;15503;
165;12/14/2023 12:00:00 AM;15493;
166;12/13/2023 12:00:00 AM;15629;
167;12/12/2023 12:00:00 AM;15631;
168;12/11/2023 12:00:00 AM;15614;
169;12/8/2023 12:00:00 AM;15500;
170;12/7/2023 12:00:00 AM;15536;
171;12/6/2023 12:00:00 AM;15504;
172;12/5/2023 12:00:00 AM;15504;
173;12/4/2023 12:00:00 AM;15446;
174;12/1/2023 12:00:00 AM;15524;
175;11/30/2023 12:00:00 AM;15484;
176;11/29/2023 12:00:00 AM;15384;
177;11/28/2023 12:00:00 AM;15450;
178;11/27/2023 12:00:00 AM;15527;
179;11/24/2023 12:00:00 AM;15587;
180;11/23/2023 12:00:00 AM;15593;
181;11/22/2023 12:00:00 AM;15584;
182;11/21/2023 12:00:00 AM;15436;
183;11/20/2023 12:00:00 AM;15419;
184;11/17/2023 12:00:00 AM;15504;
185;11/16/2023 12:00:00 AM;15595;
186;11/15/2023 12:00:00 AM;15503;
187;11/14/2023 12:00:00 AM;15699;
188;11/13/2023 12:00:00 AM;15713;
189;11/10/2023 12:00:00 AM;15693;
190;11/9/2023 12:00:00 AM;15649;
191;11/8/2023 12:00:00 AM;15629;
192;11/7/2023 12:00:00 AM;15593;
193;11/6/2023 12:00:00 AM;15550;
194;11/3/2023 12:00:00 AM;15771;
195;11/2/2023 12:00:00 AM;15861;
196;11/1/2023 12:00:00 AM;15946;
197;10/31/2023 12:00:00 AM;15897;
198;10/30/2023 12:00:00 AM;15916;
199;10/27/2023 12:00:00 AM;15941;
200;10/26/2023 12:00:00 AM;15933;
201;10/25/2023 12:00:00 AM;15871;
202;10/24/2023 12:00:00 AM;15869;
203;10/23/2023 12:00:00 AM;15943;
204;10/20/2023 12:00:00 AM;15856;
205;10/19/2023 12:00:00 AM;15838;
206;10/18/2023 12:00:00 AM;15731;
207;10/17/2023 12:00:00 AM;15718;
208;10/16/2023 12:00:00 AM;15716;
209;10/13/2023 12:00:00 AM;15709;
210;10/12/2023 12:00:00 AM;15702;
211;10/11/2023 12:00:00 AM;15710;
212;10/10/2023 12:00:00 AM;15708;
213;10/9/2023 12:00:00 AM;15675;
214;10/6/2023 12:00:00 AM;15628;
215;10/5/2023 12:00:00 AM;15601;
216;10/4/2023 12:00:00 AM;15636;
217;10/3/2023 12:00:00 AM;15600;
218;10/2/2023 12:00:00 AM;15519;
219;9/29/2023 12:00:00 AM;15487;
220;9/27/2023 12:00:00 AM;15526;
221;9/26/2023 12:00:00 AM;15464;
222;9/25/2023 12:00:00 AM;15399;
223;9/22/2023 12:00:00 AM;15383;
224;9/21/2023 12:00:00 AM;15397;
225;9/20/2023 12:00:00 AM;15396;
226;9/19/2023 12:00:00 AM;15381;
227;9/18/2023 12:00:00 AM;15373;
228;9/15/2023 12:00:00 AM;15367;
229;9/14/2023 12:00:00 AM;15357;
230;9/13/2023 12:00:00 AM;15367;
231;9/12/2023 12:00:00 AM;15344;
232;9/11/2023 12:00:00 AM;15352;
233;9/8/2023 12:00:00 AM;15341;
234;9/7/2023 12:00:00 AM;15334;
235;9/6/2023 12:00:00 AM;15307;
236;9/5/2023 12:00:00 AM;15260;
237;9/4/2023 12:00:00 AM;15247;
238;9/1/2023 12:00:00 AM;15252;
239;8/31/2023 12:00:00 AM;15237;
240;8/30/2023 12:00:00 AM;15239;
241;8/29/2023 12:00:00 AM;15263;
242;8/28/2023 12:00:00 AM;15294;
243;8/25/2023 12:00:00 AM;15297;
244;8/24/2023 12:00:00 AM;15253;
245;8/23/2023 12:00:00 AM;15319;
246;8/22/2023 12:00:00 AM;15326;
247;8/21/2023 12:00:00 AM;15329;
248;8/18/2023 12:00:00 AM;15308;
249;8/16/2023 12:00:00 AM;15308;
250;8/15/2023 12:00:00 AM;15346;
251;8/14/2023 12:00:00 AM;15323;
252;8/11/2023 12:00:00 AM;15225;
253;8/10/2023 12:00:00 AM;15204;
254;8/9/2023 12:00:00 AM;15206;
255;8/8/2023 12:00:00 AM;15229;
256;8/7/2023 12:00:00 AM;15178;
257;8/4/2023 12:00:00 AM;15168;
258;8/3/2023 12:00:00 AM;15198;
259;8/2/2023 12:00:00 AM;15171;
260;8/1/2023 12:00:00 AM;15117;
261;7/31/2023 12:00:00 AM;15092;
262;7/28/2023 12:00:00 AM;15083;
263;7/27/2023 12:00:00 AM;15003;
264;7/26/2023 12:00:00 AM;15032;
265;7/25/2023 12:00:00 AM;15007;
266;7/24/2023 12:00:00 AM;15028;
267;7/21/2023 12:00:00 AM;15026;
268;7/20/2023 12:00:00 AM;14991;
269;7/18/2023 12:00:00 AM;14994;
270;7/17/2023 12:00:00 AM;15007;
271;7/14/2023 12:00:00 AM;14945;
272;7/13/2023 12:00:00 AM;14978;
273;7/12/2023 12:00:00 AM;15084;
274;7/11/2023 12:00:00 AM;15162;
275;7/10/2023 12:00:00 AM;15192;
276;7/7/2023 12:00:00 AM;15136;
277;7/6/2023 12:00:00 AM;15062;
278;7/5/2023 12:00:00 AM;15013;
279;7/4/2023 12:00:00 AM;15018;
280;7/3/2023 12:00:00 AM;15034;
281;6/27/2023 12:00:00 AM;15000;
282;6/26/2023 12:00:00 AM;15026;
283;6/23/2023 12:00:00 AM;14998;
284;6/22/2023 12:00:00 AM;14918;
285;6/21/2023 12:00:00 AM;14982;
286;6/20/2023 12:00:00 AM;15040;
287;6/19/2023 12:00:00 AM;14994;
288;6/16/2023 12:00:00 AM;14945;
289;6/15/2023 12:00:00 AM;14943;
290;6/14/2023 12:00:00 AM;14895;
291;6/13/2023 12:00:00 AM;14868;
292;6/12/2023 12:00:00 AM;14874;
293;6/9/2023 12:00:00 AM;14853;
294;6/8/2023 12:00:00 AM;14903;
295;6/7/2023 12:00:00 AM;14875;
296;6/6/2023 12:00:00 AM;14839;
297;6/5/2023 12:00:00 AM;14888;
298;5/31/2023 12:00:00 AM;15003;
299;5/30/2023 12:00:00 AM;14969;
300;5/29/2023 12:00:00 AM;14973;
301;5/26/2023 12:00:00 AM;14959;
302;5/25/2023 12:00:00 AM;14952;
303;5/24/2023 12:00:00 AM;14905;
304;5/23/2023 12:00:00 AM;14878;
305;5/22/2023 12:00:00 AM;14897;
306;5/19/2023 12:00:00 AM;14936;
307;5/17/2023 12:00:00 AM;14875;
308;5/16/2023 12:00:00 AM;14810;
309;5/15/2023 12:00:00 AM;14812;
310;5/12/2023 12:00:00 AM;14752;
311;5/11/2023 12:00:00 AM;14722;
312;5/10/2023 12:00:00 AM;14746;
313;5/9/2023 12:00:00 AM;14757;
314;5/8/2023 12:00:00 AM;14709;
315;5/5/2023 12:00:00 AM;14674;
316;5/4/2023 12:00:00 AM;14632;
317;5/3/2023 12:00:00 AM;14706;
318;5/2/2023 12:00:00 AM;14703;
319;4/28/2023 12:00:00 AM;14661;
320;4/27/2023 12:00:00 AM;14751;
321;4/26/2023 12:00:00 AM;14882;
322;4/18/2023 12:00:00 AM;14855;
323;4/17/2023 12:00:00 AM;14773;
324;4/14/2023 12:00:00 AM;14666;
325;4/13/2023 12:00:00 AM;14792;
326;4/12/2023 12:00:00 AM;14866;
327;4/11/2023 12:00:00 AM;14888;
328;4/10/2023 12:00:00 AM;14905;
329;4/6/2023 12:00:00 AM;14943;
330;4/5/2023 12:00:00 AM;14933;
331;4/4/2023 12:00:00 AM;14913;
332;4/3/2023 12:00:00 AM;14990;
333;3/31/2023 12:00:00 AM;14977;
334;3/30/2023 12:00:00 AM;15062;
335;3/29/2023 12:00:00 AM;15094;
336;3/28/2023 12:00:00 AM;15088;
337;3/27/2023 12:00:00 AM;15174;
338;3/24/2023 12:00:00 AM;15189;
339;3/21/2023 12:00:00 AM;15349;
340;3/20/2023 12:00:00 AM;15372;
341;3/17/2023 12:00:00 AM;15364;
342;3/16/2023 12:00:00 AM;15418;
343;3/15/2023 12:00:00 AM;15365;
344;3/14/2023 12:00:00 AM;15380;
345;3/13/2023 12:00:00 AM;15374;
346;3/10/2023 12:00:00 AM;15468;
347;3/9/2023 12:00:00 AM;15438;
348;3/8/2023 12:00:00 AM;15451;
349;3/7/2023 12:00:00 AM;15359;
350;3/6/2023 12:00:00 AM;15301;
351;3/3/2023 12:00:00 AM;15306;
352;3/2/2023 12:00:00 AM;15273;
353;3/1/2023 12:00:00 AM;15250;
354;2/28/2023 12:00:00 AM;15240;
355;2/27/2023 12:00:00 AM;15274;
356;2/24/2023 12:00:00 AM;15216;
357;2/23/2023 12:00:00 AM;15187;
358;2/22/2023 12:00:00 AM;15218;
359;2/21/2023 12:00:00 AM;15179;
360;2/20/2023 12:00:00 AM;15168;
361;2/17/2023 12:00:00 AM;15199;
362;2/16/2023 12:00:00 AM;15176;
363;2/15/2023 12:00:00 AM;15194;
364;2/14/2023 12:00:00 AM;15168;
365;2/13/2023 12:00:00 AM;15216;
366;2/10/2023 12:00:00 AM;15140;
367;2/9/2023 12:00:00 AM;15120;
368;2/8/2023 12:00:00 AM;15122;
369;2/7/2023 12:00:00 AM;15139;
370;2/6/2023 12:00:00 AM;15055;
371;2/3/2023 12:00:00 AM;14898;
372;2/2/2023 12:00:00 AM;14868;
373;2/1/2023 12:00:00 AM;14991;
374;1/31/2023 12:00:00 AM;14992;
375;1/30/2023 12:00:00 AM;14979;
376;1/27/2023 12:00:00 AM;14978;
377;1/26/2023 12:00:00 AM;14964;
378;1/25/2023 12:00:00 AM;14958;
379;1/24/2023 12:00:00 AM;14930;
380;1/20/2023 12:00:00 AM;15121;
381;1/19/2023 12:00:00 AM;15113;
382;1/18/2023 12:00:00 AM;15137;
383;1/17/2023 12:00:00 AM;15154;
384;1/16/2023 12:00:00 AM;15019;
385;1/13/2023 12:00:00 AM;15177;
386;1/12/2023 12:00:00 AM;15366;
387;1/11/2023 12:00:00 AM;15527;
388;1/10/2023 12:00:00 AM;15589;
389;1/9/2023 12:00:00 AM;15574;
390;1/6/2023 12:00:00 AM;15635;
391;1/5/2023 12:00:00 AM;15610;
392;1/4/2023 12:00:00 AM;15615;
393;1/3/2023 12:00:00 AM;15590;
394;1/2/2023 12:00:00 AM;15572;
395;12/30/2022 12:00:00 AM;15592;
396;12/29/2022 12:00:00 AM;15731;
397;12/28/2022 12:00:00 AM;15703;
398;12/27/2022 12:00:00 AM;15659;
399;12/26/2022 12:00:00 AM;15636;
400;12/23/2022 12:00:00 AM;15605;
401;12/22/2022 12:00:00 AM;15594;
402;12/21/2022 12:00:00 AM;15601;
403;12/20/2022 12:00:00 AM;15608;
404;12/19/2022 12:00:00 AM;15621;
405;12/16/2022 12:00:00 AM;15617;
406;12/15/2022 12:00:00 AM;15630;
407;12/14/2022 12:00:00 AM;15619;
408;12/13/2022 12:00:00 AM;15661;
409;12/12/2022 12:00:00 AM;15642;
410;12/9/2022 12:00:00 AM;15587;
411;12/8/2022 12:00:00 AM;15624;
412;12/7/2022 12:00:00 AM;15619;
413;12/6/2022 12:00:00 AM;15576;
414;12/5/2022 12:00:00 AM;15409;
415;12/2/2022 12:00:00 AM;15429;
416;12/1/2022 12:00:00 AM;15617;
417;11/30/2022 12:00:00 AM;15742;
418;11/29/2022 12:00:00 AM;15737;
419;11/28/2022 12:00:00 AM;15729;
420;11/25/2022 12:00:00 AM;15668;
421;11/24/2022 12:00:00 AM;15647;
422;11/23/2022 12:00:00 AM;15700;
423;11/22/2022 12:00:00 AM;15716;
424;11/21/2022 12:00:00 AM;15707;
425;11/18/2022 12:00:00 AM;15692;
426;11/17/2022 12:00:00 AM;15687;
427;11/16/2022 12:00:00 AM;15610;
428;11/15/2022 12:00:00 AM;15564;
429;11/14/2022 12:00:00 AM;15499;
430;11/11/2022 12:00:00 AM;15493;
431;11/10/2022 12:00:00 AM;15701;
432;11/9/2022 12:00:00 AM;15654;
433;11/8/2022 12:00:00 AM;15684;
434;11/7/2022 12:00:00 AM;15692;
435;11/4/2022 12:00:00 AM;15736;
436;11/3/2022 12:00:00 AM;15681;
437;11/2/2022 12:00:00 AM;15652;
438;11/1/2022 12:00:00 AM;15647;
439;10/31/2022 12:00:00 AM;15596;
440;10/28/2022 12:00:00 AM;15542;
441;10/27/2022 12:00:00 AM;15573;
442;10/26/2022 12:00:00 AM;15596;
443;10/25/2022 12:00:00 AM;15616;
444;10/24/2022 12:00:00 AM;15590;
445;10/21/2022 12:00:00 AM;15610;
446;10/20/2022 12:00:00 AM;15579;
447;10/19/2022 12:00:00 AM;15491;
448;10/18/2022 12:00:00 AM;15469;
449;10/17/2022 12:00:00 AM;15480;
450;10/14/2022 12:00:00 AM;15390;
451;10/13/2022 12:00:00 AM;15357;
452;10/12/2022 12:00:00 AM;15373;
453;10/11/2022 12:00:00 AM;15362;
454;10/10/2022 12:00:00 AM;15299;
455;10/7/2022 12:00:00 AM;15246;
456;10/6/2022 12:00:00 AM;15197;
457;10/5/2022 12:00:00 AM;15196;
458;10/4/2022 12:00:00 AM;15276;
459;10/3/2022 12:00:00 AM;15293;
460;9/30/2022 12:00:00 AM;15232;
461;9/29/2022 12:00:00 AM;15247;
462;9/28/2022 12:00:00 AM;15243;
463;9/27/2022 12:00:00 AM;15155;
464;9/26/2022 12:00:00 AM;15119;
465;9/23/2022 12:00:00 AM;15035;
466;9/22/2022 12:00:00 AM;15033;
467;9/21/2022 12:00:00 AM;15011;
468;9/20/2022 12:00:00 AM;14975;
469;9/19/2022 12:00:00 AM;14980;
470;9/16/2022 12:00:00 AM;14939;
471;9/15/2022 12:00:00 AM;14899;
472;9/14/2022 12:00:00 AM;14923;
473;9/13/2022 12:00:00 AM;14861;
474;9/12/2022 12:00:00 AM;14839;
475;9/9/2022 12:00:00 AM;14846;
476;9/8/2022 12:00:00 AM;14905;
477;9/7/2022 12:00:00 AM;14927;
478;9/6/2022 12:00:00 AM;14885;
479;9/5/2022 12:00:00 AM;14920;
480;9/2/2022 12:00:00 AM;14900;
481;9/1/2022 12:00:00 AM;14884;
482;8/31/2022 12:00:00 AM;14853;
483;8/30/2022 12:00:00 AM;14875;
484;8/29/2022 12:00:00 AM;14887;
485;8/26/2022 12:00:00 AM;14814;
486;8/25/2022 12:00:00 AM;14827;
487;8/24/2022 12:00:00 AM;14851;
488;8/23/2022 12:00:00 AM;14893;
489;8/22/2022 12:00:00 AM;14882;
490;8/19/2022 12:00:00 AM;14858;
491;8/18/2022 12:00:00 AM;14822;
492;8/16/2022 12:00:00 AM;14767;
493;8/15/2022 12:00:00 AM;14727;
494;8/12/2022 12:00:00 AM;14688;
495;8/11/2022 12:00:00 AM;14799;
496;8/10/2022 12:00:00 AM;14875;
497;8/9/2022 12:00:00 AM;14862;
498;8/8/2022 12:00:00 AM;14915;
499;8/5/2022 12:00:00 AM;14904;
500;8/4/2022 12:00:00 AM;14929;
501;8/3/2022 12:00:00 AM;14917;
502;8/2/2022 12:00:00 AM;14888;
503;8/1/2022 12:00:00 AM;14874;
504;7/29/2022 12:00:00 AM;14860;
505;7/28/2022 12:00:00 AM;14958;
506;7/27/2022 12:00:00 AM;15020;
507;7/26/2022 12:00:00 AM;14984;
508;7/25/2022 12:00:00 AM;14992;
509;7/22/2022 12:00:00 AM;15024;
510;7/21/2022 12:00:00 AM;15017;
511;7/20/2022 12:00:00 AM;14984;
512;7/19/2022 12:00:00 AM;14992;
513;7/18/2022 12:00:00 AM;14986;
514;7/15/2022 12:00:00 AM;14999;
515;7/14/2022 12:00:00 AM;14999;
516;7/13/2022 12:00:00 AM;14985;
517;7/12/2022 12:00:00 AM;14993;
518;7/11/2022 12:00:00 AM;14969;
519;7/8/2022 12:00:00 AM;14981;
520;7/7/2022 12:00:00 AM;14986;
521;7/6/2022 12:00:00 AM;15015;
522;7/5/2022 12:00:00 AM;14990;
523;7/4/2022 12:00:00 AM;14960;
524;7/1/2022 12:00:00 AM;14956;
525;6/30/2022 12:00:00 AM;14882;
526;6/29/2022 12:00:00 AM;14848;
527;6/28/2022 12:00:00 AM;14837;
528;6/27/2022 12:00:00 AM;14802;
529;6/24/2022 12:00:00 AM;14846;
530;6/23/2022 12:00:00 AM;14835;
531;6/22/2022 12:00:00 AM;14860;
532;6/21/2022 12:00:00 AM;14804;
533;6/20/2022 12:00:00 AM;14836;
534;6/17/2022 12:00:00 AM;14828;
535;6/16/2022 12:00:00 AM;14741;
536;6/15/2022 12:00:00 AM;14746;
537;6/14/2022 12:00:00 AM;14729;
538;6/13/2022 12:00:00 AM;14672;
539;6/10/2022 12:00:00 AM;14569;
540;6/9/2022 12:00:00 AM;14555;
541;6/8/2022 12:00:00 AM;14477;
542;6/7/2022 12:00:00 AM;14464;
543;6/6/2022 12:00:00 AM;14462;
544;6/3/2022 12:00:00 AM;14431;
545;6/2/2022 12:00:00 AM;14526;
546;5/31/2022 12:00:00 AM;14592;
547;5/30/2022 12:00:00 AM;14544;
548;5/27/2022 12:00:00 AM;14578;
549;5/25/2022 12:00:00 AM;14645;
550;5/24/2022 12:00:00 AM;14653;
551;5/23/2022 12:00:00 AM;14665;
552;5/20/2022 12:00:00 AM;14661;
553;5/19/2022 12:00:00 AM;14731;
554;5/18/2022 12:00:00 AM;14682;
555;5/17/2022 12:00:00 AM;14651;
556;5/13/2022 12:00:00 AM;14619;
557;5/12/2022 12:00:00 AM;14585;
558;5/11/2022 12:00:00 AM;14546;
559;5/10/2022 12:00:00 AM;14546;
560;5/9/2022 12:00:00 AM;14534;
561;4/28/2022 12:00:00 AM;14480;
562;4/27/2022 12:00:00 AM;14418;
563;4/26/2022 12:00:00 AM;14412;
564;4/25/2022 12:00:00 AM;14452;
565;4/22/2022 12:00:00 AM;14361;
566;4/21/2022 12:00:00 AM;14348;
567;4/20/2022 12:00:00 AM;14351;
568;4/19/2022 12:00:00 AM;14347;
569;4/18/2022 12:00:00 AM;14356;
570;4/14/2022 12:00:00 AM;14349;
571;4/13/2022 12:00:00 AM;14359;
572;4/12/2022 12:00:00 AM;14364;
573;4/11/2022 12:00:00 AM;14370;
574;4/8/2022 12:00:00 AM;14365;
575;4/7/2022 12:00:00 AM;14359;
576;4/6/2022 12:00:00 AM;14364;
577;4/5/2022 12:00:00 AM;14348;
578;4/4/2022 12:00:00 AM;14362;
579;4/1/2022 12:00:00 AM;14364;
580;3/31/2022 12:00:00 AM;14357;
581;3/30/2022 12:00:00 AM;14349;
582;3/29/2022 12:00:00 AM;14364;
583;3/28/2022 12:00:00 AM;14360;
584;3/25/2022 12:00:00 AM;14341;
585;3/24/2022 12:00:00 AM;14361;
586;3/23/2022 12:00:00 AM;14351;
587;3/22/2022 12:00:00 AM;14358;
588;3/21/2022 12:00:00 AM;14341;
589;3/18/2022 12:00:00 AM;14340;
590;3/17/2022 12:00:00 AM;14290;
591;3/16/2022 12:00:00 AM;14311;
592;3/15/2022 12:00:00 AM;14321;
593;3/14/2022 12:00:00 AM;14328;
594;3/11/2022 12:00:00 AM;14306;
595;3/10/2022 12:00:00 AM;14298;
596;3/9/2022 12:00:00 AM;14371;
597;3/8/2022 12:00:00 AM;14394;
598;3/7/2022 12:00:00 AM;14411;
599;3/4/2022 12:00:00 AM;14383;
600;3/2/2022 12:00:00 AM;14373;
601;3/1/2022 12:00:00 AM;14350;
602;2/25/2022 12:00:00 AM;14369;
603;2/24/2022 12:00:00 AM;14371;
604;2/23/2022 12:00:00 AM;14355;
605;2/22/2022 12:00:00 AM;14362;
606;2/21/2022 12:00:00 AM;14329;
607;2/18/2022 12:00:00 AM;14339;
608;2/17/2022 12:00:00 AM;14301;
609;2/16/2022 12:00:00 AM;14278;
610;2/15/2022 12:00:00 AM;14292;
611;2/14/2022 12:00:00 AM;14338;
612;2/11/2022 12:00:00 AM;14359;
613;2/10/2022 12:00:00 AM;14344;
614;2/9/2022 12:00:00 AM;14366;
615;2/8/2022 12:00:00 AM;14385;
616;2/7/2022 12:00:00 AM;14404;
617;2/4/2022 12:00:00 AM;14376;
618;2/3/2022 12:00:00 AM;14381;
619;2/2/2022 12:00:00 AM;14347;
620;1/31/2022 12:00:00 AM;14392;
621;1/28/2022 12:00:00 AM;14381;
622;1/27/2022 12:00:00 AM;14385;
623;1/26/2022 12:00:00 AM;14346;
624;1/25/2022 12:00:00 AM;14358;
625;1/24/2022 12:00:00 AM;14327;
626;1/21/2022 12:00:00 AM;14347;
627;1/20/2022 12:00:00 AM;14354;
628;1/19/2022 12:00:00 AM;14370;
629;1/18/2022 12:00:00 AM;14325;
630;1/17/2022 12:00:00 AM;14323;
631;1/14/2022 12:00:00 AM;14310;
632;1/13/2022 12:00:00 AM;14311;
633;1/12/2022 12:00:00 AM;14302;
634;1/11/2022 12:00:00 AM;14299;
635;1/10/2022 12:00:00 AM;14323;
636;1/7/2022 12:00:00 AM;14360;
637;1/6/2022 12:00:00 AM;14396;
638;1/5/2022 12:00:00 AM;14365;
639;1/4/2022 12:00:00 AM;14310;
640;1/3/2022 12:00:00 AM;14270;
641;12/31/2021 12:00:00 AM;14278;
642;12/30/2021 12:00:00 AM;14269;
643;12/29/2021 12:00:00 AM;14265;
644;12/28/2021 12:00:00 AM;14237;
645;12/27/2021 12:00:00 AM;14225;
646;12/24/2021 12:00:00 AM;14219;
647;12/23/2021 12:00:00 AM;14251;
648;12/22/2021 12:00:00 AM;14264;
649;12/21/2021 12:00:00 AM;14349;
650;12/20/2021 12:00:00 AM;14384;
651;12/17/2021 12:00:00 AM;14343;
652;12/16/2021 12:00:00 AM;14343;
653;12/15/2021 12:00:00 AM;14337;
654;12/14/2021 12:00:00 AM;14348;
655;12/13/2021 12:00:00 AM;14346;
656;12/10/2021 12:00:00 AM;14378;
657;12/9/2021 12:00:00 AM;14351;
658;12/8/2021 12:00:00 AM;14348;
659;12/7/2021 12:00:00 AM;14408;
660;12/6/2021 12:00:00 AM;14441;
661;12/3/2021 12:00:00 AM;14408;
662;12/2/2021 12:00:00 AM;14378;
663;12/1/2021 12:00:00 AM;14353;
664;11/30/2021 12:00:00 AM;14320;
665;11/29/2021 12:00:00 AM;14340;
666;11/26/2021 12:00:00 AM;14280;
667;11/25/2021 12:00:00 AM;14280;
668;11/24/2021 12:00:00 AM;14272;
669;11/23/2021 12:00:00 AM;14272;
670;11/22/2021 12:00:00 AM;14255;
671;11/19/2021 12:00:00 AM;14237;
672;11/18/2021 12:00:00 AM;14231;
673;11/17/2021 12:00:00 AM;14259;
674;11/16/2021 12:00:00 AM;14211;
675;11/15/2021 12:00:00 AM;14206;
676;11/12/2021 12:00:00 AM;14243;
677;11/11/2021 12:00:00 AM;14288;
678;11/10/2021 12:00:00 AM;14253;
679;11/9/2021 12:00:00 AM;14233;
680;11/8/2021 12:00:00 AM;14268;
681;11/5/2021 12:00:00 AM;14374;
682;11/4/2021 12:00:00 AM;14327;
683;11/3/2021 12:00:00 AM;14301;
684;11/2/2021 12:00:00 AM;14261;
685;11/1/2021 12:00:00 AM;14235;
686;10/29/2021 12:00:00 AM;14171;
687;10/28/2021 12:00:00 AM;14199;
688;10/27/2021 12:00:00 AM;14184;
689;10/26/2021 12:00:00 AM;14165;
690;10/25/2021 12:00:00 AM;14183;
691;10/22/2021 12:00:00 AM;14162;
692;10/21/2021 12:00:00 AM;14133;
693;10/19/2021 12:00:00 AM;14080;
694;10/18/2021 12:00:00 AM;14096;
695;10/15/2021 12:00:00 AM;14084;
696;10/14/2021 12:00:00 AM;14155;
697;10/13/2021 12:00:00 AM;14221;
698;10/12/2021 12:00:00 AM;14217;
699;10/11/2021 12:00:00 AM;14210;
700;10/8/2021 12:00:00 AM;14225;
701;10/7/2021 12:00:00 AM;14238;
702;10/6/2021 12:00:00 AM;14245;
703;10/5/2021 12:00:00 AM;14260;
704;10/4/2021 12:00:00 AM;14276;
705;10/1/2021 12:00:00 AM;14315;
706;9/30/2021 12:00:00 AM;14321;
707;9/29/2021 12:00:00 AM;14307;
708;9/28/2021 12:00:00 AM;14269;
709;9/27/2021 12:00:00 AM;14258;
710;9/24/2021 12:00:00 AM;14250;
711;9/23/2021 12:00:00 AM;14256;
712;9/22/2021 12:00:00 AM;14249;
713;9/21/2021 12:00:00 AM;14244;
714;9/20/2021 12:00:00 AM;14251;
715;9/17/2021 12:00:00 AM;14233;
716;9/16/2021 12:00:00 AM;14238;
717;9/15/2021 12:00:00 AM;14252;
718;9/14/2021 12:00:00 AM;14257;
719;9/13/2021 12:00:00 AM;14260;
720;9/10/2021 12:00:00 AM;14225;
721;9/9/2021 12:00:00 AM;14272;
722;9/8/2021 12:00:00 AM;14266;
723;9/7/2021 12:00:00 AM;14195;
724;9/6/2021 12:00:00 AM;14239;
725;9/3/2021 12:00:00 AM;14261;
726;9/2/2021 12:00:00 AM;14281;
727;9/1/2021 12:00:00 AM;14284;
728;8/31/2021 12:00:00 AM;14306;
729;8/30/2021 12:00:00 AM;14374;
730;8/27/2021 12:00:00 AM;14431;
731;8/26/2021 12:00:00 AM;14423;
732;8/25/2021 12:00:00 AM;14408;
733;8/24/2021 12:00:00 AM;14391;
734;8/23/2021 12:00:00 AM;14415;
735;8/20/2021 12:00:00 AM;14464;
736;8/19/2021 12:00:00 AM;14414;
737;8/18/2021 12:00:00 AM;14384;
738;8/16/2021 12:00:00 AM;14383;
739;8/13/2021 12:00:00 AM;14388;
740;8/12/2021 12:00:00 AM;14389;
741;8/10/2021 12:00:00 AM;14397;
742;8/9/2021 12:00:00 AM;14378;
743;8/6/2021 12:00:00 AM;14369;
744;8/5/2021 12:00:00 AM;14342;
745;8/4/2021 12:00:00 AM;14324;
746;8/3/2021 12:00:00 AM;14362;
747;8/2/2021 12:00:00 AM;14456;
748;7/30/2021 12:00:00 AM;14462;
749;7/29/2021 12:00:00 AM;14491;
750;7/28/2021 12:00:00 AM;14498;
751;7/27/2021 12:00:00 AM;14489;
752;7/26/2021 12:00:00 AM;14494;
753;7/23/2021 12:00:00 AM;14501;
754;7/22/2021 12:00:00 AM;14508;
755;7/21/2021 12:00:00 AM;14554;
756;7/19/2021 12:00:00 AM;14524;
757;7/16/2021 12:00:00 AM;14517;
758;7/15/2021 12:00:00 AM;14503;
759;7/14/2021 12:00:00 AM;14493;
760;7/13/2021 12:00:00 AM;14486;
761;7/12/2021 12:00:00 AM;14486;
762;7/9/2021 12:00:00 AM;14548;
763;7/8/2021 12:00:00 AM;14548;
764;7/7/2021 12:00:00 AM;14500;
765;7/6/2021 12:00:00 AM;14468;
766;7/5/2021 12:00:00 AM;14482;
767;7/2/2021 12:00:00 AM;14564;
768;7/1/2021 12:00:00 AM;14539;
769;6/30/2021 12:00:00 AM;14542;
770;6/29/2021 12:00:00 AM;14496;
771;6/28/2021 12:00:00 AM;14472;
772;6/25/2021 12:00:00 AM;14447;
773;6/24/2021 12:00:00 AM;14462;
774;6/23/2021 12:00:00 AM;14454;
775;6/22/2021 12:00:00 AM;14421;
776;6/21/2021 12:00:00 AM;14453;
777;6/18/2021 12:00:00 AM;14403;
778;6/17/2021 12:00:00 AM;14378;
779;6/16/2021 12:00:00 AM;14257;
780;6/15/2021 12:00:00 AM;14244;
781;6/14/2021 12:00:00 AM;14222;
782;6/11/2021 12:00:00 AM;14206;
783;6/10/2021 12:00:00 AM;14240;
784;6/9/2021 12:00:00 AM;14262;
785;6/8/2021 12:00:00 AM;14262;
786;6/7/2021 12:00:00 AM;14271;
787;6/4/2021 12:00:00 AM;14316;
788;6/3/2021 12:00:00 AM;14297;
789;6/2/2021 12:00:00 AM;14276;
790;5/31/2021 12:00:00 AM;14292;
791;5/28/2021 12:00:00 AM;14310;
792;5/27/2021 12:00:00 AM;14312;
793;5/25/2021 12:00:00 AM;14335;
794;5/24/2021 12:00:00 AM;14362;
795;5/21/2021 12:00:00 AM;14375;
796;5/20/2021 12:00:00 AM;14396;
797;5/19/2021 12:00:00 AM;14313;
798;5/18/2021 12:00:00 AM;14300;
799;5/17/2021 12:00:00 AM;14284;
800;5/11/2021 12:00:00 AM;14203;
801;5/10/2021 12:00:00 AM;14198;
802;5/7/2021 12:00:00 AM;14289;
803;5/6/2021 12:00:00 AM;14364;
804;5/5/2021 12:00:00 AM;14439;
805;5/4/2021 12:00:00 AM;14431;
806;5/3/2021 12:00:00 AM;14467;
807;4/30/2021 12:00:00 AM;14453;
808;4/29/2021 12:00:00 AM;14468;
809;4/28/2021 12:00:00 AM;14510;
810;4/27/2021 12:00:00 AM;14497;
811;4/26/2021 12:00:00 AM;14489;
812;4/23/2021 12:00:00 AM;14548;
813;4/22/2021 12:00:00 AM;14530;
814;4/21/2021 12:00:00 AM;14549;
815;4/20/2021 12:00:00 AM;14508;
816;4/19/2021 12:00:00 AM;14568;
817;4/16/2021 12:00:00 AM;14592;
818;4/15/2021 12:00:00 AM;14646;
819;4/14/2021 12:00:00 AM;14633;
820;4/13/2021 12:00:00 AM;14648;
821;4/12/2021 12:00:00 AM;14631;
822;4/9/2021 12:00:00 AM;14580;
823;4/8/2021 12:00:00 AM;14580;
824;4/7/2021 12:00:00 AM;14513;
825;4/6/2021 12:00:00 AM;14519;
826;4/5/2021 12:00:00 AM;14533;
827;4/1/2021 12:00:00 AM;14577;
828;3/31/2021 12:00:00 AM;14572;
829;3/30/2021 12:00:00 AM;14481;
830;3/29/2021 12:00:00 AM;14434;
831;3/26/2021 12:00:00 AM;14446;
832;3/25/2021 12:00:00 AM;14464;
833;3/24/2021 12:00:00 AM;14455;
834;3/23/2021 12:00:00 AM;14421;
835;3/22/2021 12:00:00 AM;14456;
836;3/19/2021 12:00:00 AM;14476;
837;3/18/2021 12:00:00 AM;14412;
838;3/17/2021 12:00:00 AM;14459;
839;3/16/2021 12:00:00 AM;14424;
840;3/15/2021 12:00:00 AM;14418;
841;3/12/2021 12:00:00 AM;14371;
842;3/10/2021 12:00:00 AM;14421;
843;3/9/2021 12:00:00 AM;14468;
844;3/8/2021 12:00:00 AM;14390;
845;3/5/2021 12:00:00 AM;14371;
846;3/4/2021 12:00:00 AM;14299;
847;3/3/2021 12:00:00 AM;14334;
848;3/2/2021 12:00:00 AM;14307;
849;3/1/2021 12:00:00 AM;14300;
850;2/26/2021 12:00:00 AM;14229;
851;2/25/2021 12:00:00 AM;14104;
852;2/24/2021 12:00:00 AM;14089;
853;2/23/2021 12:00:00 AM;14126;
854;2/22/2021 12:00:00 AM;14098;
855;2/19/2021 12:00:00 AM;14085;
856;2/18/2021 12:00:00 AM;14059;
857;2/17/2021 12:00:00 AM;14019;
858;2/16/2021 12:00:00 AM;13875;
859;2/15/2021 12:00:00 AM;13946;
860;2/11/2021 12:00:00 AM;14011;
861;2/10/2021 12:00:00 AM;13989;
862;2/9/2021 12:00:00 AM;14000;
863;2/8/2021 12:00:00 AM;14000;
864;2/5/2021 12:00:00 AM;14062;
865;2/4/2021 12:00:00 AM;14036;
866;2/3/2021 12:00:00 AM;14017;
867;2/2/2021 12:00:00 AM;14044;
868;2/1/2021 12:00:00 AM;14042;
869;1/29/2021 12:00:00 AM;14084;
870;1/28/2021 12:00:00 AM;14119;
871;1/27/2021 12:00:00 AM;14091;
872;1/26/2021 12:00:00 AM;14086;
873;1/25/2021 12:00:00 AM;14082;
874;1/22/2021 12:00:00 AM;14054;
875;1/21/2021 12:00:00 AM;14039;
876;1/20/2021 12:00:00 AM;14065;
877;1/19/2021 12:00:00 AM;14086;
878;1/18/2021 12:00:00 AM;14080;
879;1/15/2021 12:00:00 AM;14068;
880;1/14/2021 12:00:00 AM;14119;
881;1/13/2021 12:00:00 AM;14109;
882;1/12/2021 12:00:00 AM;14231;
883;1/11/2021 12:00:00 AM;14155;
884;1/8/2021 12:00:00 AM;14058;
885;1/7/2021 12:00:00 AM;13938;
886;1/6/2021 12:00:00 AM;13926;
887;1/5/2021 12:00:00 AM;13945;
888;1/4/2021 12:00:00 AM;13903;
889;12/30/2020 12:00:00 AM;14105;
890;12/29/2020 12:00:00 AM;14169;
891;12/28/2020 12:00:00 AM;14184;
892;12/23/2020 12:00:00 AM;14282;
893;12/22/2020 12:00:00 AM;14218;
894;12/21/2020 12:00:00 AM;14180;
895;12/18/2020 12:00:00 AM;14146;
896;12/17/2020 12:00:00 AM;14152;
897;12/16/2020 12:00:00 AM;14151;
898;12/15/2020 12:00:00 AM;14171;
899;12/14/2020 12:00:00 AM;14158;
900;12/11/2020 12:00:00 AM;14102;
901;12/10/2020 12:00:00 AM;14130;
902;12/8/2020 12:00:00 AM;14164;
903;12/7/2020 12:00:00 AM;14135;
904;12/4/2020 12:00:00 AM;14182;
905;12/3/2020 12:00:00 AM;14177;
906;12/2/2020 12:00:00 AM;14164;
907;12/1/2020 12:00:00 AM;14178;
908;11/30/2020 12:00:00 AM;14128;
909;11/27/2020 12:00:00 AM;14145;
910;11/26/2020 12:00:00 AM;14130;
911;11/25/2020 12:00:00 AM;14169;
912;11/24/2020 12:00:00 AM;14196;
913;11/23/2020 12:00:00 AM;14164;
914;11/20/2020 12:00:00 AM;14228;
915;11/19/2020 12:00:00 AM;14167;
916;11/18/2020 12:00:00 AM;14118;
917;11/17/2020 12:00:00 AM;14073;
918;11/16/2020 12:00:00 AM;14139;
919;11/13/2020 12:00:00 AM;14222;
920;11/12/2020 12:00:00 AM;14187;
921;11/11/2020 12:00:00 AM;14076;
922;11/10/2020 12:00:00 AM;14015;
923;11/9/2020 12:00:00 AM;14172;
924;11/6/2020 12:00:00 AM;14321;
925;11/5/2020 12:00:00 AM;14439;
926;11/4/2020 12:00:00 AM;14557;
927;11/3/2020 12:00:00 AM;14609;
928;11/2/2020 12:00:00 AM;14718;
929;10/27/2020 12:00:00 AM;14690;
930;10/26/2020 12:00:00 AM;14697;
931;10/23/2020 12:00:00 AM;14738;
932;10/22/2020 12:00:00 AM;14697;
933;10/21/2020 12:00:00 AM;14658;
934;10/20/2020 12:00:00 AM;14729;
935;10/19/2020 12:00:00 AM;14741;
936;10/16/2020 12:00:00 AM;14766;
937;10/15/2020 12:00:00 AM;14760;
938;10/14/2020 12:00:00 AM;14780;
939;10/13/2020 12:00:00 AM;14793;
940;10/12/2020 12:00:00 AM;14746;
941;10/9/2020 12:00:00 AM;14737;
942;10/8/2020 12:00:00 AM;14750;
943;10/7/2020 12:00:00 AM;14784;
944;10/6/2020 12:00:00 AM;14712;
945;10/5/2020 12:00:00 AM;14867;
946;10/2/2020 12:00:00 AM;14890;
947;10/1/2020 12:00:00 AM;14876;
948;9/30/2020 12:00:00 AM;14918;
949;9/29/2020 12:00:00 AM;14920;
950;9/28/2020 12:00:00 AM;14959;
951;9/25/2020 12:00:00 AM;14951;
952;9/24/2020 12:00:00 AM;14949;
953;9/23/2020 12:00:00 AM;14835;
954;9/22/2020 12:00:00 AM;14782;
955;9/21/2020 12:00:00 AM;14723;
956;9/18/2020 12:00:00 AM;14768;
957;9/17/2020 12:00:00 AM;14878;
958;9/16/2020 12:00:00 AM;14844;
959;9/15/2020 12:00:00 AM;14870;
960;9/14/2020 12:00:00 AM;14974;
961;9/11/2020 12:00:00 AM;14979;
962;9/10/2020 12:00:00 AM;14871;
963;9/9/2020 12:00:00 AM;14853;
964;9/8/2020 12:00:00 AM;14798;
965;9/7/2020 12:00:00 AM;14754;
966;9/4/2020 12:00:00 AM;14792;
967;9/3/2020 12:00:00 AM;14818;
968;9/2/2020 12:00:00 AM;14804;
969;9/1/2020 12:00:00 AM;14615;
970;8/31/2020 12:00:00 AM;14554;
971;8/28/2020 12:00:00 AM;14702;
972;8/27/2020 12:00:00 AM;14714;
973;8/26/2020 12:00:00 AM;14636;
974;8/25/2020 12:00:00 AM;14632;
975;8/24/2020 12:00:00 AM;14794;
976;8/19/2020 12:00:00 AM;14786;
977;8/18/2020 12:00:00 AM;14907;
978;8/14/2020 12:00:00 AM;14917;
979;8/13/2020 12:00:00 AM;14877;
980;8/12/2020 12:00:00 AM;14777;
981;8/11/2020 12:00:00 AM;14728;
982;8/10/2020 12:00:00 AM;14750;
983;8/7/2020 12:00:00 AM;14647;
984;8/6/2020 12:00:00 AM;14587;
985;8/5/2020 12:00:00 AM;14623;
986;8/4/2020 12:00:00 AM;14697;
987;8/3/2020 12:00:00 AM;14713;
988;7/30/2020 12:00:00 AM;14653;
989;7/29/2020 12:00:00 AM;14570;
990;7/28/2020 12:00:00 AM;14543;
991;7/27/2020 12:00:00 AM;14605;
992;7/24/2020 12:00:00 AM;14614;
993;7/23/2020 12:00:00 AM;14669;
994;7/22/2020 12:00:00 AM;14655;
995;7/21/2020 12:00:00 AM;14813;
996;7/20/2020 12:00:00 AM;14832;
997;7/17/2020 12:00:00 AM;14780;
998;7/16/2020 12:00:00 AM;14632;
999;7/15/2020 12:00:00 AM;14616;
1000;7/14/2020 12:00:00 AM;14512;
1001;7/13/2020 12:00:00 AM;14486;
1002;7/10/2020 12:00:00 AM;14501;
1003;7/9/2020 12:00:00 AM;14446;
1004;7/8/2020 12:00:00 AM;14460;
1005;7/7/2020 12:00:00 AM;14456;
1006;7/6/2020 12:00:00 AM;14547;
1007;7/3/2020 12:00:00 AM;14566;
1008;7/2/2020 12:00:00 AM;14516;
1009;7/1/2020 12:00:00 AM;14341;
1010;6/30/2020 12:00:00 AM;14302;
1011;6/29/2020 12:00:00 AM;14369;
1012;6/26/2020 12:00:00 AM;14239;
1013;6/25/2020 12:00:00 AM;14231;
1014;6/24/2020 12:00:00 AM;14160;
1015;6/23/2020 12:00:00 AM;14265;
1016;6/22/2020 12:00:00 AM;14209;
1017;6/19/2020 12:00:00 AM;14242;
1018;6/18/2020 12:00:00 AM;14186;
1019;6/17/2020 12:00:00 AM;14234;
1020;6/16/2020 12:00:00 AM;14155;
1021;6/15/2020 12:00:00 AM;14228;
1022;6/12/2020 12:00:00 AM;14257;
1023;6/11/2020 12:00:00 AM;14014;
1024;6/10/2020 12:00:00 AM;14083;
1025;6/9/2020 12:00:00 AM;13973;
1026;6/8/2020 12:00:00 AM;13956;
1027;6/5/2020 12:00:00 AM;14100;
1028;6/4/2020 12:00:00 AM;14165;
1029;6/3/2020 12:00:00 AM;14245;
1030;6/2/2020 12:00:00 AM;14502;
1031;5/29/2020 12:00:00 AM;14733;
1032;5/28/2020 12:00:00 AM;14769;
1033;5/27/2020 12:00:00 AM;14761;
1034;5/26/2020 12:00:00 AM;14774;
1035;5/20/2020 12:00:00 AM;14785;
1036;5/19/2020 12:00:00 AM;14823;
1037;5/18/2020 12:00:00 AM;14885;
1038;5/15/2020 12:00:00 AM;14909;
1039;5/14/2020 12:00:00 AM;14946;
1040;5/13/2020 12:00:00 AM;14887;
1041;5/12/2020 12:00:00 AM;14978;
1042;5/11/2020 12:00:00 AM;14936;
1043;5/8/2020 12:00:00 AM;15009;
1044;5/6/2020 12:00:00 AM;15127;
1045;5/5/2020 12:00:00 AM;15104;
1046;5/4/2020 12:00:00 AM;15073;
1047;4/30/2020 12:00:00 AM;15157;
1048;4/29/2020 12:00:00 AM;15415;
1049;4/28/2020 12:00:00 AM;15488;
1050;4/27/2020 12:00:00 AM;15591;
1051;4/24/2020 12:00:00 AM;15553;
1052;4/23/2020 12:00:00 AM;15630;
1053;4/22/2020 12:00:00 AM;15567;
1054;4/21/2020 12:00:00 AM;15643;
1055;4/20/2020 12:00:00 AM;15543;
1056;4/17/2020 12:00:00 AM;15503;
1057;4/16/2020 12:00:00 AM;15787;
1058;4/15/2020 12:00:00 AM;15707;
1059;4/14/2020 12:00:00 AM;15722;
1060;4/13/2020 12:00:00 AM;15840;
1061;4/9/2020 12:00:00 AM;16241;
1062;4/8/2020 12:00:00 AM;16245;
1063;4/7/2020 12:00:00 AM;16410;
1064;4/6/2020 12:00:00 AM;16556;
1065;4/3/2020 12:00:00 AM;16464;
1066;4/2/2020 12:00:00 AM;16741;
1067;4/1/2020 12:00:00 AM;16413;
1068;3/31/2020 12:00:00 AM;16367;
1069;3/30/2020 12:00:00 AM;16336;
1070;3/27/2020 12:00:00 AM;16230;
1071;3/26/2020 12:00:00 AM;16328;
1072;3/24/2020 12:00:00 AM;16486;
1073;3/23/2020 12:00:00 AM;16608;
1074;3/20/2020 12:00:00 AM;16273;
1075;3/19/2020 12:00:00 AM;15712;
1076;3/18/2020 12:00:00 AM;15223;
1077;3/17/2020 12:00:00 AM;15083;
1078;3/16/2020 12:00:00 AM;14818;
1079;3/13/2020 12:00:00 AM;14815;
1080;3/12/2020 12:00:00 AM;14490;
1081;3/11/2020 12:00:00 AM;14323;
1082;3/10/2020 12:00:00 AM;14411;
1083;3/9/2020 12:00:00 AM;14342;
1084;3/6/2020 12:00:00 AM;14267;
1085;3/5/2020 12:00:00 AM;14168;
1086;3/4/2020 12:00:00 AM;14171;
1087;3/3/2020 12:00:00 AM;14222;
1088;3/2/2020 12:00:00 AM;14413;
1089;2/28/2020 12:00:00 AM;14234;
1090;2/27/2020 12:00:00 AM;14018;
1091;2/26/2020 12:00:00 AM;13966;
1092;2/25/2020 12:00:00 AM;13893;
1093;2/24/2020 12:00:00 AM;13863;
1094;2/21/2020 12:00:00 AM;13777;
1095;2/20/2020 12:00:00 AM;13735;
1096;2/19/2020 12:00:00 AM;13717;
1097;2/18/2020 12:00:00 AM;13676;
1098;2/17/2020 12:00:00 AM;13693;
1099;2/14/2020 12:00:00 AM;13707;
1100;2/13/2020 12:00:00 AM;13679;
1101;2/12/2020 12:00:00 AM;13659;
1102;2/11/2020 12:00:00 AM;13686;
1103;2/10/2020 12:00:00 AM;13708;
1104;2/7/2020 12:00:00 AM;13647;
1105;2/6/2020 12:00:00 AM;13662;
1106;2/5/2020 12:00:00 AM;13717;
1107;2/4/2020 12:00:00 AM;13760;
1108;2/3/2020 12:00:00 AM;13726;
1109;1/31/2020 12:00:00 AM;13662;
1110;1/30/2020 12:00:00 AM;13652;
1111;1/29/2020 12:00:00 AM;13634;
1112;1/28/2020 12:00:00 AM;13647;
1113;1/27/2020 12:00:00 AM;13612;
1114;1/24/2020 12:00:00 AM;13632;
1115;1/23/2020 12:00:00 AM;13626;
1116;1/22/2020 12:00:00 AM;13678;
1117;1/21/2020 12:00:00 AM;13658;
1118;1/20/2020 12:00:00 AM;13654;
1119;1/17/2020 12:00:00 AM;13648;
1120;1/16/2020 12:00:00 AM;13658;
1121;1/15/2020 12:00:00 AM;13706;
1122;1/14/2020 12:00:00 AM;13654;
1123;1/13/2020 12:00:00 AM;13708;
1124;1/10/2020 12:00:00 AM;13812;
1125;1/9/2020 12:00:00 AM;13860;
1126;1/8/2020 12:00:00 AM;13934;
1127;1/7/2020 12:00:00 AM;13919;
1128;1/6/2020 12:00:00 AM;13961;
1129;1/3/2020 12:00:00 AM;13899;
1130;1/2/2020 12:00:00 AM;13895;
1131;12/31/2019 12:00:00 AM;13901;
1132;12/30/2019 12:00:00 AM;13945;
1133;12/27/2019 12:00:00 AM;13956;
1134;12/26/2019 12:00:00 AM;13982;
1135;12/23/2019 12:00:00 AM;13978;
1136;12/20/2019 12:00:00 AM;13993;
1137;12/19/2019 12:00:00 AM;13983;
1138;12/18/2019 12:00:00 AM;14007;
1139;12/17/2019 12:00:00 AM;14018;
1140;12/16/2019 12:00:00 AM;14004;
1141;12/13/2019 12:00:00 AM;13982;
1142;12/12/2019 12:00:00 AM;14042;
1143;12/11/2019 12:00:00 AM;14025;
1144;12/10/2019 12:00:00 AM;14004;
1145;12/9/2019 12:00:00 AM;14021;
1146;12/6/2019 12:00:00 AM;14037;
1147;12/5/2019 12:00:00 AM;14094;
1148;12/4/2019 12:00:00 AM;14125;
1149;12/3/2019 12:00:00 AM;14130;
1150;12/2/2019 12:00:00 AM;14122;
1151;11/29/2019 12:00:00 AM;14102;
1152;11/28/2019 12:00:00 AM;14099;
1153;11/27/2019 12:00:00 AM;14096;
1154;11/26/2019 12:00:00 AM;14081;
1155;11/25/2019 12:00:00 AM;14091;
1156;11/22/2019 12:00:00 AM;14100;
1157;11/21/2019 12:00:00 AM;14112;
1158;11/20/2019 12:00:00 AM;14097;
1159;11/19/2019 12:00:00 AM;14091;
1160;11/18/2019 12:00:00 AM;14075;
1161;11/15/2019 12:00:00 AM;14069;
1162;11/14/2019 12:00:00 AM;14098;
1163;11/13/2019 12:00:00 AM;14082;
1164;11/12/2019 12:00:00 AM;14059;
1165;11/11/2019 12:00:00 AM;14040;
1166;11/8/2019 12:00:00 AM;14020;
1167;11/7/2019 12:00:00 AM;14040;
1168;11/6/2019 12:00:00 AM;13992;
1169;11/5/2019 12:00:00 AM;14031;
1170;11/4/2019 12:00:00 AM;14002;
1171;11/1/2019 12:00:00 AM;14066;
1172;10/31/2019 12:00:00 AM;14008;
1173;10/30/2019 12:00:00 AM;14044;
1174;10/29/2019 12:00:00 AM;14028;
1175;10/28/2019 12:00:00 AM;14023;
1176;10/25/2019 12:00:00 AM;14064;
1177;10/24/2019 12:00:00 AM;13996;
1178;10/23/2019 12:00:00 AM;14051;
1179;10/22/2019 12:00:00 AM;14058;
1180;10/21/2019 12:00:00 AM;14132;
1181;10/18/2019 12:00:00 AM;14140;
1182;10/17/2019 12:00:00 AM;14172;
1183;10/16/2019 12:00:00 AM;14187;
1184;10/15/2019 12:00:00 AM;14140;
1185;10/14/2019 12:00:00 AM;14126;
1186;10/11/2019 12:00:00 AM;14139;
1187;10/10/2019 12:00:00 AM;14157;
1188;10/9/2019 12:00:00 AM;14182;
1189;10/8/2019 12:00:00 AM;14170;
1190;10/7/2019 12:00:00 AM;14156;
1191;10/4/2019 12:00:00 AM;14135;
1192;10/3/2019 12:00:00 AM;14193;
1193;10/2/2019 12:00:00 AM;14207;
1194;10/1/2019 12:00:00 AM;14196;
1195;9/30/2019 12:00:00 AM;14174;
1196;9/27/2019 12:00:00 AM;14197;
1197;9/26/2019 12:00:00 AM;14162;
1198;9/25/2019 12:00:00 AM;14134;
1199;9/24/2019 12:00:00 AM;14099;
1200;9/23/2019 12:00:00 AM;14077;
1201;9/20/2019 12:00:00 AM;14085;
1202;9/19/2019 12:00:00 AM;14099;
1203;9/18/2019 12:00:00 AM;14080;
1204;9/17/2019 12:00:00 AM;14100;
1205;9/16/2019 12:00:00 AM;14020;
1206;9/13/2019 12:00:00 AM;13950;
1207;9/12/2019 12:00:00 AM;14052;
1208;9/11/2019 12:00:00 AM;14063;
1209;9/10/2019 12:00:00 AM;14031;
1210;9/9/2019 12:00:00 AM;14092;
1211;9/6/2019 12:00:00 AM;14140;
1212;9/5/2019 12:00:00 AM;14153;
1213;9/4/2019 12:00:00 AM;14218;
1214;9/3/2019 12:00:00 AM;14217;
1215;9/2/2019 12:00:00 AM;14190;
1216;8/30/2019 12:00:00 AM;14237;
1217;8/29/2019 12:00:00 AM;14254;
1218;8/28/2019 12:00:00 AM;14263;
1219;8/27/2019 12:00:00 AM;14235;
1220;8/26/2019 12:00:00 AM;14261;
1221;8/23/2019 12:00:00 AM;14249;
1222;8/22/2019 12:00:00 AM;14234;
1223;8/21/2019 12:00:00 AM;14259;
1224;8/20/2019 12:00:00 AM;14262;
1225;8/19/2019 12:00:00 AM;14203;
1226;8/16/2019 12:00:00 AM;14258;
1227;8/15/2019 12:00:00 AM;14296;
1228;8/14/2019 12:00:00 AM;14234;
1229;8/13/2019 12:00:00 AM;14283;
1230;8/12/2019 12:00:00 AM;14220;
1231;8/9/2019 12:00:00 AM;14195;
1232;8/8/2019 12:00:00 AM;14231;
1233;8/7/2019 12:00:00 AM;14275;
1234;8/6/2019 12:00:00 AM;14344;
1235;8/5/2019 12:00:00 AM;14231;
1236;8/2/2019 12:00:00 AM;14203;
1237;8/1/2019 12:00:00 AM;14098;
1238;7/31/2019 12:00:00 AM;14026;
1239;7/30/2019 12:00:00 AM;14034;
1240;7/29/2019 12:00:00 AM;14010;
1241;7/26/2019 12:00:00 AM;14001;
1242;7/25/2019 12:00:00 AM;13986;
1243;7/24/2019 12:00:00 AM;14011;
1244;7/23/2019 12:00:00 AM;13973;
1245;7/22/2019 12:00:00 AM;13963;
1246;7/19/2019 12:00:00 AM;13913;
1247;7/18/2019 12:00:00 AM;13976;
1248;7/17/2019 12:00:00 AM;13949;
1249;7/16/2019 12:00:00 AM;13925;
1250;7/15/2019 12:00:00 AM;13970;
1251;7/12/2019 12:00:00 AM;14085;
1252;7/11/2019 12:00:00 AM;14089;
1253;7/10/2019 12:00:00 AM;14152;
1254;7/9/2019 12:00:00 AM;14129;
1255;7/8/2019 12:00:00 AM;14147;
1256;7/5/2019 12:00:00 AM;14148;
1257;7/4/2019 12:00:00 AM;14106;
1258;7/3/2019 12:00:00 AM;14160;
1259;7/2/2019 12:00:00 AM;14140;
1260;7/1/2019 12:00:00 AM;14117;
1261;6/28/2019 12:00:00 AM;14141;
1262;6/27/2019 12:00:00 AM;14180;
1263;6/26/2019 12:00:00 AM;14174;
1264;6/25/2019 12:00:00 AM;14138;
1265;6/24/2019 12:00:00 AM;14165;
1266;6/21/2019 12:00:00 AM;14116;
1267;6/20/2019 12:00:00 AM;14236;
1268;6/19/2019 12:00:00 AM;14271;
1269;6/18/2019 12:00:00 AM;14334;
1270;6/17/2019 12:00:00 AM;14346;
1271;6/14/2019 12:00:00 AM;14304;
1272;6/13/2019 12:00:00 AM;14270;
1273;6/12/2019 12:00:00 AM;14234;
1274;6/11/2019 12:00:00 AM;14258;
1275;6/10/2019 12:00:00 AM;14231;
1276;5/31/2019 12:00:00 AM;14385;
1277;5/29/2019 12:00:00 AM;14417;
1278;5/28/2019 12:00:00 AM;14380;
1279;5/27/2019 12:00:00 AM;14360;
1280;5/24/2019 12:00:00 AM;14451;
1281;5/23/2019 12:00:00 AM;14513;
1282;5/22/2019 12:00:00 AM;14488;
1283;5/21/2019 12:00:00 AM;14462;
1284;5/20/2019 12:00:00 AM;14478;
1285;5/17/2019 12:00:00 AM;14469;
1286;5/16/2019 12:00:00 AM;14458;
1287;5/15/2019 12:00:00 AM;14448;
1288;5/14/2019 12:00:00 AM;14444;
1289;5/13/2019 12:00:00 AM;14362;
1290;5/10/2019 12:00:00 AM;14347;
1291;5/9/2019 12:00:00 AM;14338;
1292;5/8/2019 12:00:00 AM;14305;
1293;5/7/2019 12:00:00 AM;14309;
1294;5/6/2019 12:00:00 AM;14308;
1295;5/3/2019 12:00:00 AM;14282;
1296;5/2/2019 12:00:00 AM;14245;
1297;4/30/2019 12:00:00 AM;14215;
1298;4/29/2019 12:00:00 AM;14188;
1299;4/26/2019 12:00:00 AM;14188;
1300;4/25/2019 12:00:00 AM;14154;
1301;4/24/2019 12:00:00 AM;14112;
1302;4/23/2019 12:00:00 AM;14080;
1303;4/22/2019 12:00:00 AM;14056;
1304;4/18/2019 12:00:00 AM;14016;
1305;4/16/2019 12:00:00 AM;14066;
1306;4/15/2019 12:00:00 AM;14067;
1307;4/12/2019 12:00:00 AM;14153;
1308;4/11/2019 12:00:00 AM;14156;
1309;4/10/2019 12:00:00 AM;14155;
1310;4/9/2019 12:00:00 AM;14150;
1311;4/8/2019 12:00:00 AM;14145;
1312;4/5/2019 12:00:00 AM;14158;
1313;4/4/2019 12:00:00 AM;14182;
1314;4/2/2019 12:00:00 AM;14237;
1315;4/1/2019 12:00:00 AM;14231;
1316;3/29/2019 12:00:00 AM;14244;
1317;3/28/2019 12:00:00 AM;14255;
1318;3/27/2019 12:00:00 AM;14202;
1319;3/26/2019 12:00:00 AM;14171;
1320;3/25/2019 12:00:00 AM;14223;
1321;3/22/2019 12:00:00 AM;14157;
1322;3/21/2019 12:00:00 AM;14102;
1323;3/20/2019 12:00:00 AM;14231;
1324;3/19/2019 12:00:00 AM;14228;
1325;3/18/2019 12:00:00 AM;14242;
1326;3/15/2019 12:00:00 AM;14310;
1327;3/14/2019 12:00:00 AM;14253;
1328;3/13/2019 12:00:00 AM;14269;
1329;3/12/2019 12:00:00 AM;14251;
1330;3/11/2019 12:00:00 AM;14324;
1331;3/8/2019 12:00:00 AM;14223;
1332;3/6/2019 12:00:00 AM;14129;
1333;3/5/2019 12:00:00 AM;14146;
1334;3/4/2019 12:00:00 AM;14149;
1335;3/1/2019 12:00:00 AM;14111;
1336;2/28/2019 12:00:00 AM;14062;
1337;2/27/2019 12:00:00 AM;14004;
1338;2/26/2019 12:00:00 AM;13990;
1339;2/25/2019 12:00:00 AM;14007;
1340;2/22/2019 12:00:00 AM;14079;
1341;2/21/2019 12:00:00 AM;14057;
1342;2/20/2019 12:00:00 AM;14055;
1343;2/19/2019 12:00:00 AM;14119;
1344;2/18/2019 12:00:00 AM;14106;
1345;2/15/2019 12:00:00 AM;14116;
1346;2/14/2019 12:00:00 AM;14093;
1347;2/13/2019 12:00:00 AM;14027;
1348;2/12/2019 12:00:00 AM;14088;
1349;2/11/2019 12:00:00 AM;13995;
1350;2/8/2019 12:00:00 AM;13992;
1351;2/7/2019 12:00:00 AM;13978;
1352;2/6/2019 12:00:00 AM;13947;
1353;2/4/2019 12:00:00 AM;13976;
1354;2/1/2019 12:00:00 AM;13978;
1355;1/31/2019 12:00:00 AM;14072;
1356;1/30/2019 12:00:00 AM;14112;
1357;1/29/2019 12:00:00 AM;14098;
1358;1/28/2019 12:00:00 AM;14038;
1359;1/25/2019 12:00:00 AM;14163;
1360;1/24/2019 12:00:00 AM;14141;
1361;1/23/2019 12:00:00 AM;14188;
1362;1/22/2019 12:00:00 AM;14221;
1363;1/21/2019 12:00:00 AM;14212;
1364;1/18/2019 12:00:00 AM;14182;
1365;1/17/2019 12:00:00 AM;14158;
1366;1/16/2019 12:00:00 AM;14154;
1367;1/15/2019 12:00:00 AM;14084;
1368;1/14/2019 12:00:00 AM;14052;
1369;1/11/2019 12:00:00 AM;14076;
1370;1/10/2019 12:00:00 AM;14093;
1371;1/9/2019 12:00:00 AM;14120;
1372;1/8/2019 12:00:00 AM;14031;
1373;1/7/2019 12:00:00 AM;14105;
1374;1/4/2019 12:00:00 AM;14350;
1375;1/3/2019 12:00:00 AM;14474;
1376;1/2/2019 12:00:00 AM;14465;
1377;12/31/2018 12:00:00 AM;14481;
1378;12/28/2018 12:00:00 AM;14542;
1379;12/27/2018 12:00:00 AM;14563;
1380;12/26/2018 12:00:00 AM;14602;
1381;12/21/2018 12:00:00 AM;14480;
1382;12/20/2018 12:00:00 AM;14499;
1383;12/19/2018 12:00:00 AM;14380;
1384;12/18/2018 12:00:00 AM;14523;
1385;12/17/2018 12:00:00 AM;14617;
1386;12/14/2018 12:00:00 AM;14538;
1387;12/13/2018 12:00:00 AM;14536;
1388;12/12/2018 12:00:00 AM;14577;
1389;12/11/2018 12:00:00 AM;14613;
1390;12/10/2018 12:00:00 AM;14517;
1391;12/7/2018 12:00:00 AM;14539;
1392;12/6/2018 12:00:00 AM;14507;
1393;12/5/2018 12:00:00 AM;14383;
1394;12/4/2018 12:00:00 AM;14293;
1395;12/3/2018 12:00:00 AM;14252;
1396;11/30/2018 12:00:00 AM;14339;
1397;11/29/2018 12:00:00 AM;14408;
1398;11/28/2018 12:00:00 AM;14535;
1399;11/27/2018 12:00:00 AM;14504;
1400;11/26/2018 12:00:00 AM;14551;
1401;11/23/2018 12:00:00 AM;14552;
1402;11/22/2018 12:00:00 AM;14592;
1403;11/21/2018 12:00:00 AM;14618;
1404;11/19/2018 12:00:00 AM;14586;
1405;11/16/2018 12:00:00 AM;14594;
1406;11/15/2018 12:00:00 AM;14764;
1407;11/14/2018 12:00:00 AM;14755;
1408;11/13/2018 12:00:00 AM;14895;
1409;11/12/2018 12:00:00 AM;14747;
1410;11/9/2018 12:00:00 AM;14632;
1411;11/8/2018 12:00:00 AM;14651;
1412;11/7/2018 12:00:00 AM;14764;
1413;11/6/2018 12:00:00 AM;14891;
1414;11/5/2018 12:00:00 AM;14972;
1415;11/2/2018 12:00:00 AM;15089;
1416;11/1/2018 12:00:00 AM;15195;
1417;10/31/2018 12:00:00 AM;15227;
1418;10/30/2018 12:00:00 AM;15237;
1419;10/29/2018 12:00:00 AM;15218;
1420;10/26/2018 12:00:00 AM;15207;
1421;10/25/2018 12:00:00 AM;15210;
1422;10/24/2018 12:00:00 AM;15193;
1423;10/23/2018 12:00:00 AM;15208;
1424;10/22/2018 12:00:00 AM;15192;
1425;10/19/2018 12:00:00 AM;15221;
1426;10/18/2018 12:00:00 AM;15187;
1427;10/17/2018 12:00:00 AM;15178;
1428;10/16/2018 12:00:00 AM;15206;
1429;10/15/2018 12:00:00 AM;15246;
1430;10/12/2018 12:00:00 AM;15194;
1431;10/11/2018 12:00:00 AM;15253;
1432;10/10/2018 12:00:00 AM;15215;
1433;10/9/2018 12:00:00 AM;15233;
1434;10/8/2018 12:00:00 AM;15193;
1435;10/5/2018 12:00:00 AM;15182;
1436;10/4/2018 12:00:00 AM;15133;
1437;10/3/2018 12:00:00 AM;15088;
1438;10/2/2018 12:00:00 AM;14988;
1439;10/1/2018 12:00:00 AM;14905;
1440;9/28/2018 12:00:00 AM;14929;
1441;9/27/2018 12:00:00 AM;14919;
1442;9/26/2018 12:00:00 AM;14938;
1443;9/25/2018 12:00:00 AM;14893;
1444;9/24/2018 12:00:00 AM;14865;
1445;9/21/2018 12:00:00 AM;14824;
1446;9/20/2018 12:00:00 AM;14839;
1447;9/19/2018 12:00:00 AM;14896;
1448;9/18/2018 12:00:00 AM;14908;
1449;9/17/2018 12:00:00 AM;14859;
1450;9/14/2018 12:00:00 AM;14835;
1451;9/13/2018 12:00:00 AM;14794;
1452;9/12/2018 12:00:00 AM;14863;
1453;9/10/2018 12:00:00 AM;14835;
1454;9/7/2018 12:00:00 AM;14884;
1455;9/6/2018 12:00:00 AM;14891;
1456;9/5/2018 12:00:00 AM;14927;
1457;9/4/2018 12:00:00 AM;14840;
1458;9/3/2018 12:00:00 AM;14767;
1459;8/31/2018 12:00:00 AM;14711;
1460;8/30/2018 12:00:00 AM;14655;
1461;8/29/2018 12:00:00 AM;14643;
1462;8/28/2018 12:00:00 AM;14614;
1463;8/27/2018 12:00:00 AM;14610;
1464;8/24/2018 12:00:00 AM;14655;
1465;8/23/2018 12:00:00 AM;14620;
1466;8/21/2018 12:00:00 AM;14568;
1467;8/20/2018 12:00:00 AM;14578;
1468;8/16/2018 12:00:00 AM;14619;
1469;8/15/2018 12:00:00 AM;14621;
1470;8/14/2018 12:00:00 AM;14625;
1471;8/13/2018 12:00:00 AM;14583;
1472;8/10/2018 12:00:00 AM;14437;
1473;8/9/2018 12:00:00 AM;14422;
1474;8/8/2018 12:00:00 AM;14439;
1475;8/7/2018 12:00:00 AM;14485;
1476;8/6/2018 12:00:00 AM;14481;
1477;8/3/2018 12:00:00 AM;14503;
1478;8/2/2018 12:00:00 AM;14446;
1479;8/1/2018 12:00:00 AM;14442;
1480;7/31/2018 12:00:00 AM;14413;
1481;7/30/2018 12:00:00 AM;14409;
1482;7/27/2018 12:00:00 AM;14483;
1483;7/26/2018 12:00:00 AM;14443;
1484;7/25/2018 12:00:00 AM;14515;
1485;7/24/2018 12:00:00 AM;14541;
1486;7/23/2018 12:00:00 AM;14454;
1487;7/20/2018 12:00:00 AM;14520;
1488;7/19/2018 12:00:00 AM;14418;
1489;7/18/2018 12:00:00 AM;14406;
1490;7/17/2018 12:00:00 AM;14391;
1491;7/16/2018 12:00:00 AM;14396;
1492;7/13/2018 12:00:00 AM;14358;
1493;7/12/2018 12:00:00 AM;14435;
1494;7/11/2018 12:00:00 AM;14391;
1495;7/10/2018 12:00:00 AM;14326;
1496;7/9/2018 12:00:00 AM;14332;
1497;7/6/2018 12:00:00 AM;14409;
1498;7/5/2018 12:00:00 AM;14387;
1499;7/4/2018 12:00:00 AM;14343;
1500;7/3/2018 12:00:00 AM;14418;
1501;7/2/2018 12:00:00 AM;14331;
1502;6/29/2018 12:00:00 AM;14404;
1503;6/28/2018 12:00:00 AM;14271;
1504;6/26/2018 12:00:00 AM;14163;
1505;6/25/2018 12:00:00 AM;14105;
1506;6/22/2018 12:00:00 AM;14102;
1507;6/21/2018 12:00:00 AM;14090;
1508;6/8/2018 12:00:00 AM;13902;
1509;6/7/2018 12:00:00 AM;13868;
1510;6/6/2018 12:00:00 AM;13875;
1511;6/5/2018 12:00:00 AM;13887;
1512;6/4/2018 12:00:00 AM;13872;
1513;5/31/2018 12:00:00 AM;13951;
1514;5/30/2018 12:00:00 AM;14032;
1515;5/28/2018 12:00:00 AM;14065;
1516;5/25/2018 12:00:00 AM;14166;
1517;5/24/2018 12:00:00 AM;14205;
1518;5/23/2018 12:00:00 AM;14192;
1519;5/22/2018 12:00:00 AM;14178;
1520;5/21/2018 12:00:00 AM;14176;
1521;5/18/2018 12:00:00 AM;14107;
1522;5/17/2018 12:00:00 AM;14074;
1523;5/16/2018 12:00:00 AM;14094;
1524;5/15/2018 12:00:00 AM;14020;
1525;5/14/2018 12:00:00 AM;13976;
1526;5/11/2018 12:00:00 AM;14048;
1527;5/9/2018 12:00:00 AM;14074;
1528;5/8/2018 12:00:00 AM;14036;
1529;5/7/2018 12:00:00 AM;13956;
1530;5/4/2018 12:00:00 AM;13943;
1531;5/3/2018 12:00:00 AM;13965;
1532;5/2/2018 12:00:00 AM;13936;
1533;4/30/2018 12:00:00 AM;13877;
1534;4/27/2018 12:00:00 AM;13879;
1535;4/26/2018 12:00:00 AM;13930;
1536;4/25/2018 12:00:00 AM;13888;
1537;4/24/2018 12:00:00 AM;13900;
1538;4/23/2018 12:00:00 AM;13894;
1539;4/20/2018 12:00:00 AM;13804;
1540;4/19/2018 12:00:00 AM;13778;
1541;4/18/2018 12:00:00 AM;13770;
1542;4/17/2018 12:00:00 AM;13770;
1543;4/16/2018 12:00:00 AM;13766;
1544;4/13/2018 12:00:00 AM;13753;
1545;4/12/2018 12:00:00 AM;13763;
1546;4/11/2018 12:00:00 AM;13747;
1547;4/10/2018 12:00:00 AM;13759;
1548;4/9/2018 12:00:00 AM;13771;
1549;4/6/2018 12:00:00 AM;13771;
1550;4/5/2018 12:00:00 AM;13767;
1551;4/4/2018 12:00:00 AM;13760;
1552;4/3/2018 12:00:00 AM;13765;
1553;4/2/2018 12:00:00 AM;13750;
1554;3/29/2018 12:00:00 AM;13756;
1555;3/28/2018 12:00:00 AM;13745;
1556;3/27/2018 12:00:00 AM;13708;
1557;3/26/2018 12:00:00 AM;13776;
1558;3/23/2018 12:00:00 AM;13780;
1559;3/22/2018 12:00:00 AM;13737;
1560;3/21/2018 12:00:00 AM;13759;
1561;3/20/2018 12:00:00 AM;13761;
1562;3/19/2018 12:00:00 AM;13765;
1563;3/16/2018 12:00:00 AM;13765;
1564;3/15/2018 12:00:00 AM;13748;
1565;3/14/2018 12:00:00 AM;13739;
1566;3/13/2018 12:00:00 AM;13757;
1567;3/12/2018 12:00:00 AM;13768;
1568;3/9/2018 12:00:00 AM;13794;
1569;3/8/2018 12:00:00 AM;13774;
1570;3/7/2018 12:00:00 AM;13763;
1571;3/6/2018 12:00:00 AM;13750;
1572;3/5/2018 12:00:00 AM;13740;
1573;3/2/2018 12:00:00 AM;13746;
1574;3/1/2018 12:00:00 AM;13793;
1575;2/28/2018 12:00:00 AM;13707;
1576;2/27/2018 12:00:00 AM;13650;
1577;2/26/2018 12:00:00 AM;13659;
1578;2/23/2018 12:00:00 AM;13670;
1579;2/22/2018 12:00:00 AM;13665;
1580;2/21/2018 12:00:00 AM;13582;
1581;2/20/2018 12:00:00 AM;13573;
1582;2/19/2018 12:00:00 AM;13541;
1583;2/15/2018 12:00:00 AM;13570;
1584;2/14/2018 12:00:00 AM;13657;
1585;2/13/2018 12:00:00 AM;13644;
1586;2/12/2018 12:00:00 AM;13609;
1587;2/9/2018 12:00:00 AM;13643;
1588;2/8/2018 12:00:00 AM;13602;
1589;2/7/2018 12:00:00 AM;13533;
1590;2/6/2018 12:00:00 AM;13578;
1591;2/5/2018 12:00:00 AM;13498;
1592;2/2/2018 12:00:00 AM;13428;
1593;2/1/2018 12:00:00 AM;13402;
1594;1/31/2018 12:00:00 AM;13413;
1595;1/30/2018 12:00:00 AM;13398;
1596;1/29/2018 12:00:00 AM;13327;
1597;1/26/2018 12:00:00 AM;13303;
1598;1/25/2018 12:00:00 AM;13290;
1599;1/24/2018 12:00:00 AM;13321;
1600;1/23/2018 12:00:00 AM;13318;
1601;1/22/2018 12:00:00 AM;13334;
1602;1/19/2018 12:00:00 AM;13331;
1603;1/18/2018 12:00:00 AM;13365;
1604;1/17/2018 12:00:00 AM;13323;
1605;1/16/2018 12:00:00 AM;13333;
1606;1/15/2018 12:00:00 AM;13330;
1607;1/12/2018 12:00:00 AM;13362;
1608;1/11/2018 12:00:00 AM;13427;
1609;1/10/2018 12:00:00 AM;13449;
1610;1/9/2018 12:00:00 AM;13428;
1611;1/8/2018 12:00:00 AM;13397;
1612;1/5/2018 12:00:00 AM;13405;
1613;1/4/2018 12:00:00 AM;13474;
1614;1/3/2018 12:00:00 AM;13498;
1615;1/2/2018 12:00:00 AM;13542;
