NO,Tanggal,Kurs
1,10/1/2024 12:00:00 AM,15204
2,9/30/2024 12:00:00 AM,15144
3,9/27/2024 12:00:00 AM,15138
4,9/26/2024 12:00:00 AM,15171
5,9/25/2024 12:00:00 AM,15092
6,9/24/2024 12:00:00 AM,15186
7,9/23/2024 12:00:00 AM,15191
8,9/20/2024 12:00:00 AM,15100
9,9/19/2024 12:00:00 AM,15287
10,9/18/2024 12:00:00 AM,15350
11,9/17/2024 12:00:00 AM,15338
12,9/13/2024 12:00:00 AM,15405
13,9/12/2024 12:00:00 AM,15421
14,9/11/2024 12:00:00 AM,15415
15,9/10/2024 12:00:00 AM,15447
16,9/9/2024 12:00:00 AM,15446
17,9/6/2024 12:00:00 AM,15372
18,9/5/2024 12:00:00 AM,15410
19,9/4/2024 12:00:00 AM,15490
20,9/3/2024 12:00:00 AM,15557
21,9/2/2024 12:00:00 AM,15536
22,8/30/2024 12:00:00 AM,15473
23,8/29/2024 12:00:00 AM,15409
24,8/28/2024 12:00:00 AM,15476
25,8/27/2024 12:00:00 AM,15509
26,8/26/2024 12:00:00 AM,15380
27,8/23/2024 12:00:00 AM,15554
28,8/22/2024 12:00:00 AM,15579
29,8/21/2024 12:00:00 AM,15456
30,8/20/2024 12:00:00 AM,15480
31,8/19/2024 12:00:00 AM,15591
32,8/16/2024 12:00:00 AM,15716
33,8/15/2024 12:00:00 AM,15687
34,8/14/2024 12:00:00 AM,15691
35,8/13/2024 12:00:00 AM,15885
36,8/12/2024 12:00:00 AM,15963
37,8/9/2024 12:00:00 AM,15914
38,8/8/2024 12:00:00 AM,15952
39,8/7/2024 12:00:00 AM,16100
40,8/6/2024 12:00:00 AM,16183
41,8/5/2024 12:00:00 AM,16154
42,8/2/2024 12:00:00 AM,16234
43,8/1/2024 12:00:00 AM,16243
44,7/31/2024 12:00:00 AM,16294
45,7/30/2024 12:00:00 AM,16320
46,7/29/2024 12:00:00 AM,16286
47,7/26/2024 12:00:00 AM,16294
48,7/25/2024 12:00:00 AM,16268
49,7/24/2024 12:00:00 AM,16224
50,7/23/2024 12:00:00 AM,16204
51,7/22/2024 12:00:00 AM,16228
52,7/19/2024 12:00:00 AM,16199
53,7/18/2024 12:00:00 AM,16160
54,7/17/2024 12:00:00 AM,16129
55,7/16/2024 12:00:00 AM,16203
56,7/15/2024 12:00:00 AM,16174
57,7/12/2024 12:00:00 AM,16154
58,7/11/2024 12:00:00 AM,16200
59,7/10/2024 12:00:00 AM,16256
60,7/9/2024 12:00:00 AM,16281
61,7/8/2024 12:00:00 AM,16265
62,7/5/2024 12:00:00 AM,16312
63,7/4/2024 12:00:00 AM,16341
64,7/3/2024 12:00:00 AM,16387
65,7/2/2024 12:00:00 AM,16384
66,7/1/2024 12:00:00 AM,16355
67,6/28/2024 12:00:00 AM,16394
68,6/27/2024 12:00:00 AM,16421
69,6/26/2024 12:00:00 AM,16435
70,6/25/2024 12:00:00 AM,16379
71,6/24/2024 12:00:00 AM,16431
72,6/21/2024 12:00:00 AM,16458
73,6/20/2024 12:00:00 AM,16420
74,6/19/2024 12:00:00 AM,16368
75,6/14/2024 12:00:00 AM,16374
76,6/13/2024 12:00:00 AM,16286
77,6/12/2024 12:00:00 AM,16297
78,6/11/2024 12:00:00 AM,16295
79,6/10/2024 12:00:00 AM,16290
80,6/7/2024 12:00:00 AM,16218
81,6/6/2024 12:00:00 AM,16279
82,6/5/2024 12:00:00 AM,16282
83,6/4/2024 12:00:00 AM,16220
84,6/3/2024 12:00:00 AM,16225
85,5/31/2024 12:00:00 AM,16251
86,5/30/2024 12:00:00 AM,16253
87,5/29/2024 12:00:00 AM,16160
88,5/28/2024 12:00:00 AM,16095
89,5/27/2024 12:00:00 AM,16064
90,5/22/2024 12:00:00 AM,15995
91,5/21/2024 12:00:00 AM,16024
92,5/20/2024 12:00:00 AM,15980
93,5/17/2024 12:00:00 AM,15978
94,5/16/2024 12:00:00 AM,15944
95,5/15/2024 12:00:00 AM,16070
96,5/14/2024 12:00:00 AM,16131
97,5/13/2024 12:00:00 AM,16085
98,5/8/2024 12:00:00 AM,16081
99,5/7/2024 12:00:00 AM,16054
100,5/6/2024 12:00:00 AM,16025
101,5/3/2024 12:00:00 AM,16094
102,5/2/2024 12:00:00 AM,16202
103,4/30/2024 12:00:00 AM,16276
104,4/29/2024 12:00:00 AM,16249
105,4/26/2024 12:00:00 AM,16222
106,4/25/2024 12:00:00 AM,16208
107,4/24/2024 12:00:00 AM,16161
108,4/23/2024 12:00:00 AM,16244
109,4/22/2024 12:00:00 AM,16224
110,4/19/2024 12:00:00 AM,16280
111,4/18/2024 12:00:00 AM,16177
112,4/17/2024 12:00:00 AM,16240
113,4/16/2024 12:00:00 AM,16176
114,4/5/2024 12:00:00 AM,15873
115,4/4/2024 12:00:00 AM,15907
116,4/3/2024 12:00:00 AM,15923
117,4/2/2024 12:00:00 AM,15934
118,4/1/2024 12:00:00 AM,15909
119,3/28/2024 12:00:00 AM,15873
120,3/27/2024 12:00:00 AM,15853
121,3/26/2024 12:00:00 AM,15797
122,3/25/2024 12:00:00 AM,15795
123,3/22/2024 12:00:00 AM,15773
124,3/21/2024 12:00:00 AM,15662
125,3/20/2024 12:00:00 AM,15727
126,3/19/2024 12:00:00 AM,15712
127,3/18/2024 12:00:00 AM,15672
128,3/15/2024 12:00:00 AM,15624
129,3/14/2024 12:00:00 AM,15582
130,3/13/2024 12:00:00 AM,15576
131,3/8/2024 12:00:00 AM,15603
132,3/7/2024 12:00:00 AM,15658
133,3/6/2024 12:00:00 AM,15723
134,3/5/2024 12:00:00 AM,15756
135,3/4/2024 12:00:00 AM,15723
136,3/1/2024 12:00:00 AM,15696
137,2/29/2024 12:00:00 AM,15715
138,2/28/2024 12:00:00 AM,15673
139,2/27/2024 12:00:00 AM,15655
140,2/26/2024 12:00:00 AM,15635
141,2/23/2024 12:00:00 AM,15589
142,2/22/2024 12:00:00 AM,15630
143,2/21/2024 12:00:00 AM,15658
144,2/20/2024 12:00:00 AM,15659
145,2/19/2024 12:00:00 AM,15630
146,2/16/2024 12:00:00 AM,15654
147,2/15/2024 12:00:00 AM,15606
148,2/13/2024 12:00:00 AM,15585
149,2/12/2024 12:00:00 AM,15612
150,2/7/2024 12:00:00 AM,15685
151,2/6/2024 12:00:00 AM,15734
152,2/5/2024 12:00:00 AM,15705
153,2/2/2024 12:00:00 AM,15688
154,2/1/2024 12:00:00 AM,15775
155,1/31/2024 12:00:00 AM,15803
156,1/30/2024 12:00:00 AM,15796
157,1/29/2024 12:00:00 AM,15825
158,1/26/2024 12:00:00 AM,15829
159,1/25/2024 12:00:00 AM,15767
160,1/24/2024 12:00:00 AM,15719
161,1/23/2024 12:00:00 AM,15656
162,1/22/2024 12:00:00 AM,15627
163,1/19/2024 12:00:00 AM,15628
164,1/18/2024 12:00:00 AM,15630
165,1/17/2024 12:00:00 AM,15639
166,1/16/2024 12:00:00 AM,15592
167,1/15/2024 12:00:00 AM,15555
168,1/12/2024 12:00:00 AM,15559
169,1/11/2024 12:00:00 AM,15558
170,1/10/2024 12:00:00 AM,15568
171,1/9/2024 12:00:00 AM,15518
172,1/8/2024 12:00:00 AM,15522
173,1/5/2024 12:00:00 AM,15518
174,1/4/2024 12:00:00 AM,15525
175,1/3/2024 12:00:00 AM,15495
176,1/2/2024 12:00:00 AM,15473
177,12/29/2023 12:00:00 AM,15439
178,12/28/2023 12:00:00 AM,15416
179,12/27/2023 12:00:00 AM,15414
180,12/22/2023 12:00:00 AM,15489
181,12/21/2023 12:00:00 AM,15533
182,12/20/2023 12:00:00 AM,15512
183,12/19/2023 12:00:00 AM,15506
184,12/18/2023 12:00:00 AM,15516
185,12/15/2023 12:00:00 AM,15503
186,12/14/2023 12:00:00 AM,15493
187,12/13/2023 12:00:00 AM,15629
188,12/12/2023 12:00:00 AM,15631
189,12/11/2023 12:00:00 AM,15614
190,12/8/2023 12:00:00 AM,15500
191,12/7/2023 12:00:00 AM,15536
192,12/6/2023 12:00:00 AM,15504
193,12/5/2023 12:00:00 AM,15504
194,12/4/2023 12:00:00 AM,15446
195,12/1/2023 12:00:00 AM,15524
196,11/30/2023 12:00:00 AM,15484
197,11/29/2023 12:00:00 AM,15384
198,11/28/2023 12:00:00 AM,15450
199,11/27/2023 12:00:00 AM,15527
200,11/24/2023 12:00:00 AM,15587
201,11/23/2023 12:00:00 AM,15593
202,11/22/2023 12:00:00 AM,15584
203,11/21/2023 12:00:00 AM,15436
204,11/20/2023 12:00:00 AM,15419
205,11/17/2023 12:00:00 AM,15504
206,11/16/2023 12:00:00 AM,15595
207,11/15/2023 12:00:00 AM,15503
208,11/14/2023 12:00:00 AM,15699
209,11/13/2023 12:00:00 AM,15713
210,11/10/2023 12:00:00 AM,15693
211,11/9/2023 12:00:00 AM,15649
212,11/8/2023 12:00:00 AM,15629
213,11/7/2023 12:00:00 AM,15593
214,11/6/2023 12:00:00 AM,15550
215,11/3/2023 12:00:00 AM,15771
216,11/2/2023 12:00:00 AM,15861
217,11/1/2023 12:00:00 AM,15946
218,10/31/2023 12:00:00 AM,15897
219,10/30/2023 12:00:00 AM,15916
220,10/27/2023 12:00:00 AM,15941
221,10/26/2023 12:00:00 AM,15933
222,10/25/2023 12:00:00 AM,15871
223,10/24/2023 12:00:00 AM,15869
224,10/23/2023 12:00:00 AM,15943
225,10/20/2023 12:00:00 AM,15856
226,10/19/2023 12:00:00 AM,15838
227,10/18/2023 12:00:00 AM,15731
228,10/17/2023 12:00:00 AM,15718
229,10/16/2023 12:00:00 AM,15716
230,10/13/2023 12:00:00 AM,15709
231,10/12/2023 12:00:00 AM,15702
232,10/11/2023 12:00:00 AM,15710
233,10/10/2023 12:00:00 AM,15708
234,10/9/2023 12:00:00 AM,15675
235,10/6/2023 12:00:00 AM,15628
236,10/5/2023 12:00:00 AM,15601
237,10/4/2023 12:00:00 AM,15636
238,10/3/2023 12:00:00 AM,15600
239,10/2/2023 12:00:00 AM,15519
240,9/29/2023 12:00:00 AM,15487
241,9/27/2023 12:00:00 AM,15526
242,9/26/2023 12:00:00 AM,15464
243,9/25/2023 12:00:00 AM,15399
244,9/22/2023 12:00:00 AM,15383
245,9/21/2023 12:00:00 AM,15397
246,9/20/2023 12:00:00 AM,15396
247,9/19/2023 12:00:00 AM,15381
248,9/18/2023 12:00:00 AM,15373
249,9/15/2023 12:00:00 AM,15367
250,9/14/2023 12:00:00 AM,15357
251,9/13/2023 12:00:00 AM,15367
252,9/12/2023 12:00:00 AM,15344
253,9/11/2023 12:00:00 AM,15352
254,9/8/2023 12:00:00 AM,15341
255,9/7/2023 12:00:00 AM,15334
256,9/6/2023 12:00:00 AM,15307
257,9/5/2023 12:00:00 AM,15260
258,9/4/2023 12:00:00 AM,15247
259,9/1/2023 12:00:00 AM,15252
260,8/31/2023 12:00:00 AM,15237
261,8/30/2023 12:00:00 AM,15239
262,8/29/2023 12:00:00 AM,15263
263,8/28/2023 12:00:00 AM,15294
264,8/25/2023 12:00:00 AM,15297
265,8/24/2023 12:00:00 AM,15253
266,8/23/2023 12:00:00 AM,15319
267,8/22/2023 12:00:00 AM,15326
268,8/21/2023 12:00:00 AM,15329
269,8/18/2023 12:00:00 AM,15308
270,8/16/2023 12:00:00 AM,15308
271,8/15/2023 12:00:00 AM,15346
272,8/14/2023 12:00:00 AM,15323
273,8/11/2023 12:00:00 AM,15225
274,8/10/2023 12:00:00 AM,15204
275,8/9/2023 12:00:00 AM,15206
276,8/8/2023 12:00:00 AM,15229
277,8/7/2023 12:00:00 AM,15178
278,8/4/2023 12:00:00 AM,15168
279,8/3/2023 12:00:00 AM,15198
280,8/2/2023 12:00:00 AM,15171
281,8/1/2023 12:00:00 AM,15117
282,7/31/2023 12:00:00 AM,15092
283,7/28/2023 12:00:00 AM,15083
284,7/27/2023 12:00:00 AM,15003
285,7/26/2023 12:00:00 AM,15032
286,7/25/2023 12:00:00 AM,15007
287,7/24/2023 12:00:00 AM,15028
288,7/21/2023 12:00:00 AM,15026
289,7/20/2023 12:00:00 AM,14991
290,7/18/2023 12:00:00 AM,14994
291,7/17/2023 12:00:00 AM,15007
292,7/14/2023 12:00:00 AM,14945
293,7/13/2023 12:00:00 AM,14978
294,7/12/2023 12:00:00 AM,15084
295,7/11/2023 12:00:00 AM,15162
296,7/10/2023 12:00:00 AM,15192
297,7/7/2023 12:00:00 AM,15136
298,7/6/2023 12:00:00 AM,15062
299,7/5/2023 12:00:00 AM,15013
300,7/4/2023 12:00:00 AM,15018
301,7/3/2023 12:00:00 AM,15034
302,6/27/2023 12:00:00 AM,15000
303,6/26/2023 12:00:00 AM,15026
304,6/23/2023 12:00:00 AM,14998
305,6/22/2023 12:00:00 AM,14918
306,6/21/2023 12:00:00 AM,14982
307,6/20/2023 12:00:00 AM,15040
308,6/19/2023 12:00:00 AM,14994
309,6/16/2023 12:00:00 AM,14945
310,6/15/2023 12:00:00 AM,14943
311,6/14/2023 12:00:00 AM,14895
312,6/13/2023 12:00:00 AM,14868
313,6/12/2023 12:00:00 AM,14874
314,6/9/2023 12:00:00 AM,14853
315,6/8/2023 12:00:00 AM,14903
316,6/7/2023 12:00:00 AM,14875
317,6/6/2023 12:00:00 AM,14839
318,6/5/2023 12:00:00 AM,14888
319,5/31/2023 12:00:00 AM,15003
320,5/30/2023 12:00:00 AM,14969
321,5/29/2023 12:00:00 AM,14973
322,5/26/2023 12:00:00 AM,14959
323,5/25/2023 12:00:00 AM,14952
324,5/24/2023 12:00:00 AM,14905
325,5/23/2023 12:00:00 AM,14878
326,5/22/2023 12:00:00 AM,14897
327,5/19/2023 12:00:00 AM,14936
328,5/17/2023 12:00:00 AM,14875
329,5/16/2023 12:00:00 AM,14810
330,5/15/2023 12:00:00 AM,14812
331,5/12/2023 12:00:00 AM,14752
332,5/11/2023 12:00:00 AM,14722
333,5/10/2023 12:00:00 AM,14746
334,5/9/2023 12:00:00 AM,14757
335,5/8/2023 12:00:00 AM,14709
336,5/5/2023 12:00:00 AM,14674
337,5/4/2023 12:00:00 AM,14632
338,5/3/2023 12:00:00 AM,14706
339,5/2/2023 12:00:00 AM,14703
340,4/28/2023 12:00:00 AM,14661
341,4/27/2023 12:00:00 AM,14751
342,4/26/2023 12:00:00 AM,14882
343,4/18/2023 12:00:00 AM,14855
344,4/17/2023 12:00:00 AM,14773
345,4/14/2023 12:00:00 AM,14666
346,4/13/2023 12:00:00 AM,14792
347,4/12/2023 12:00:00 AM,14866
348,4/11/2023 12:00:00 AM,14888
349,4/10/2023 12:00:00 AM,14905
350,4/6/2023 12:00:00 AM,14943
351,4/5/2023 12:00:00 AM,14933
352,4/4/2023 12:00:00 AM,14913
353,4/3/2023 12:00:00 AM,14990
354,3/31/2023 12:00:00 AM,14977
355,3/30/2023 12:00:00 AM,15062
356,3/29/2023 12:00:00 AM,15094
357,3/28/2023 12:00:00 AM,15088
358,3/27/2023 12:00:00 AM,15174
359,3/24/2023 12:00:00 AM,15189
360,3/21/2023 12:00:00 AM,15349
361,3/20/2023 12:00:00 AM,15372
362,3/17/2023 12:00:00 AM,15364
363,3/16/2023 12:00:00 AM,15418
364,3/15/2023 12:00:00 AM,15365
365,3/14/2023 12:00:00 AM,15380
366,3/13/2023 12:00:00 AM,15374
367,3/10/2023 12:00:00 AM,15468
368,3/9/2023 12:00:00 AM,15438
369,3/8/2023 12:00:00 AM,15451
370,3/7/2023 12:00:00 AM,15359
371,3/6/2023 12:00:00 AM,15301
372,3/3/2023 12:00:00 AM,15306
373,3/2/2023 12:00:00 AM,15273
374,3/1/2023 12:00:00 AM,15250
375,2/28/2023 12:00:00 AM,15240
376,2/27/2023 12:00:00 AM,15274
377,2/24/2023 12:00:00 AM,15216
378,2/23/2023 12:00:00 AM,15187
379,2/22/2023 12:00:00 AM,15218
380,2/21/2023 12:00:00 AM,15179
381,2/20/2023 12:00:00 AM,15168
382,2/17/2023 12:00:00 AM,15199
383,2/16/2023 12:00:00 AM,15176
384,2/15/2023 12:00:00 AM,15194
385,2/14/2023 12:00:00 AM,15168
386,2/13/2023 12:00:00 AM,15216
387,2/10/2023 12:00:00 AM,15140
388,2/9/2023 12:00:00 AM,15120
389,2/8/2023 12:00:00 AM,15122
390,2/7/2023 12:00:00 AM,15139
391,2/6/2023 12:00:00 AM,15055
392,2/3/2023 12:00:00 AM,14898
393,2/2/2023 12:00:00 AM,14868
394,2/1/2023 12:00:00 AM,14991
395,1/31/2023 12:00:00 AM,14992
396,1/30/2023 12:00:00 AM,14979
397,1/27/2023 12:00:00 AM,14978
398,1/26/2023 12:00:00 AM,14964
399,1/25/2023 12:00:00 AM,14958
400,1/24/2023 12:00:00 AM,14930
401,1/20/2023 12:00:00 AM,15121
402,1/19/2023 12:00:00 AM,15113
403,1/18/2023 12:00:00 AM,15137
404,1/17/2023 12:00:00 AM,15154
405,1/16/2023 12:00:00 AM,15019
406,1/13/2023 12:00:00 AM,15177
407,1/12/2023 12:00:00 AM,15366
408,1/11/2023 12:00:00 AM,15527
409,1/10/2023 12:00:00 AM,15589
410,1/9/2023 12:00:00 AM,15574
411,1/6/2023 12:00:00 AM,15635
412,1/5/2023 12:00:00 AM,15610
413,1/4/2023 12:00:00 AM,15615
414,1/3/2023 12:00:00 AM,15590
415,1/2/2023 12:00:00 AM,15572
416,12/30/2022 12:00:00 AM,15592
417,12/29/2022 12:00:00 AM,15731
418,12/28/2022 12:00:00 AM,15703
419,12/27/2022 12:00:00 AM,15659
420,12/26/2022 12:00:00 AM,15636
421,12/23/2022 12:00:00 AM,15605
422,12/22/2022 12:00:00 AM,15594
423,12/21/2022 12:00:00 AM,15601
424,12/20/2022 12:00:00 AM,15608
425,12/19/2022 12:00:00 AM,15621
426,12/16/2022 12:00:00 AM,15617
427,12/15/2022 12:00:00 AM,15630
428,12/14/2022 12:00:00 AM,15619
429,12/13/2022 12:00:00 AM,15661
430,12/12/2022 12:00:00 AM,15642
431,12/9/2022 12:00:00 AM,15587
432,12/8/2022 12:00:00 AM,15624
433,12/7/2022 12:00:00 AM,15619
434,12/6/2022 12:00:00 AM,15576
435,12/5/2022 12:00:00 AM,15409
436,12/2/2022 12:00:00 AM,15429
437,12/1/2022 12:00:00 AM,15617
438,11/30/2022 12:00:00 AM,15742
439,11/29/2022 12:00:00 AM,15737
440,11/28/2022 12:00:00 AM,15729
441,11/25/2022 12:00:00 AM,15668
442,11/24/2022 12:00:00 AM,15647
443,11/23/2022 12:00:00 AM,15700
444,11/22/2022 12:00:00 AM,15716
445,11/21/2022 12:00:00 AM,15707
446,11/18/2022 12:00:00 AM,15692
447,11/17/2022 12:00:00 AM,15687
448,11/16/2022 12:00:00 AM,15610
449,11/15/2022 12:00:00 AM,15564
450,11/14/2022 12:00:00 AM,15499
451,11/11/2022 12:00:00 AM,15493
452,11/10/2022 12:00:00 AM,15701
453,11/9/2022 12:00:00 AM,15654
454,11/8/2022 12:00:00 AM,15684
455,11/7/2022 12:00:00 AM,15692
456,11/4/2022 12:00:00 AM,15736
457,11/3/2022 12:00:00 AM,15681
458,11/2/2022 12:00:00 AM,15652
459,11/1/2022 12:00:00 AM,15647
460,10/31/2022 12:00:00 AM,15596
461,10/28/2022 12:00:00 AM,15542
462,10/27/2022 12:00:00 AM,15573
463,10/26/2022 12:00:00 AM,15596
464,10/25/2022 12:00:00 AM,15616
465,10/24/2022 12:00:00 AM,15590
466,10/21/2022 12:00:00 AM,15610
467,10/20/2022 12:00:00 AM,15579
468,10/19/2022 12:00:00 AM,15491
469,10/18/2022 12:00:00 AM,15469
470,10/17/2022 12:00:00 AM,15480
471,10/14/2022 12:00:00 AM,15390
472,10/13/2022 12:00:00 AM,15357
473,10/12/2022 12:00:00 AM,15373
474,10/11/2022 12:00:00 AM,15362
475,10/10/2022 12:00:00 AM,15299
476,10/7/2022 12:00:00 AM,15246
477,10/6/2022 12:00:00 AM,15197
478,10/5/2022 12:00:00 AM,15196
479,10/4/2022 12:00:00 AM,15276
480,10/3/2022 12:00:00 AM,15293
481,9/30/2022 12:00:00 AM,15232
482,9/29/2022 12:00:00 AM,15247
483,9/28/2022 12:00:00 AM,15243
484,9/27/2022 12:00:00 AM,15155
485,9/26/2022 12:00:00 AM,15119
486,9/23/2022 12:00:00 AM,15035
487,9/22/2022 12:00:00 AM,15033
488,9/21/2022 12:00:00 AM,15011
489,9/20/2022 12:00:00 AM,14975
490,9/19/2022 12:00:00 AM,14980
491,9/16/2022 12:00:00 AM,14939
492,9/15/2022 12:00:00 AM,14899
493,9/14/2022 12:00:00 AM,14923
494,9/13/2022 12:00:00 AM,14861
495,9/12/2022 12:00:00 AM,14839
496,9/9/2022 12:00:00 AM,14846
497,9/8/2022 12:00:00 AM,14905
498,9/7/2022 12:00:00 AM,14927
499,9/6/2022 12:00:00 AM,14885
500,9/5/2022 12:00:00 AM,14920
501,9/2/2022 12:00:00 AM,14900
502,9/1/2022 12:00:00 AM,14884
503,8/31/2022 12:00:00 AM,14853
504,8/30/2022 12:00:00 AM,14875
505,8/29/2022 12:00:00 AM,14887
506,8/26/2022 12:00:00 AM,14814
507,8/25/2022 12:00:00 AM,14827
508,8/24/2022 12:00:00 AM,14851
509,8/23/2022 12:00:00 AM,14893
510,8/22/2022 12:00:00 AM,14882
511,8/19/2022 12:00:00 AM,14858
512,8/18/2022 12:00:00 AM,14822
513,8/16/2022 12:00:00 AM,14767
514,8/15/2022 12:00:00 AM,14727
515,8/12/2022 12:00:00 AM,14688
516,8/11/2022 12:00:00 AM,14799
517,8/10/2022 12:00:00 AM,14875
518,8/9/2022 12:00:00 AM,14862
519,8/8/2022 12:00:00 AM,14915
520,8/5/2022 12:00:00 AM,14904
521,8/4/2022 12:00:00 AM,14929
522,8/3/2022 12:00:00 AM,14917
523,8/2/2022 12:00:00 AM,14888
524,8/1/2022 12:00:00 AM,14874
525,7/29/2022 12:00:00 AM,14860
526,7/28/2022 12:00:00 AM,14958
527,7/27/2022 12:00:00 AM,15020
528,7/26/2022 12:00:00 AM,14984
529,7/25/2022 12:00:00 AM,14992
530,7/22/2022 12:00:00 AM,15024
531,7/21/2022 12:00:00 AM,15017
532,7/20/2022 12:00:00 AM,14984
533,7/19/2022 12:00:00 AM,14992
534,7/18/2022 12:00:00 AM,14986
535,7/15/2022 12:00:00 AM,14999
536,7/14/2022 12:00:00 AM,14999
537,7/13/2022 12:00:00 AM,14985
538,7/12/2022 12:00:00 AM,14993
539,7/11/2022 12:00:00 AM,14969
540,7/8/2022 12:00:00 AM,14981
541,7/7/2022 12:00:00 AM,14986
542,7/6/2022 12:00:00 AM,15015
543,7/5/2022 12:00:00 AM,14990
544,7/4/2022 12:00:00 AM,14960
545,7/1/2022 12:00:00 AM,14956
546,6/30/2022 12:00:00 AM,14882
547,6/29/2022 12:00:00 AM,14848
548,6/28/2022 12:00:00 AM,14837
549,6/27/2022 12:00:00 AM,14802
550,6/24/2022 12:00:00 AM,14846
551,6/23/2022 12:00:00 AM,14835
552,6/22/2022 12:00:00 AM,14860
553,6/21/2022 12:00:00 AM,14804
554,6/20/2022 12:00:00 AM,14836
555,6/17/2022 12:00:00 AM,14828
556,6/16/2022 12:00:00 AM,14741
557,6/15/2022 12:00:00 AM,14746
558,6/14/2022 12:00:00 AM,14729
559,6/13/2022 12:00:00 AM,14672
560,6/10/2022 12:00:00 AM,14569
561,6/9/2022 12:00:00 AM,14555
562,6/8/2022 12:00:00 AM,14477
563,6/7/2022 12:00:00 AM,14464
564,6/6/2022 12:00:00 AM,14462
565,6/3/2022 12:00:00 AM,14431
566,6/2/2022 12:00:00 AM,14526
567,5/31/2022 12:00:00 AM,14592
568,5/30/2022 12:00:00 AM,14544
569,5/27/2022 12:00:00 AM,14578
570,5/25/2022 12:00:00 AM,14645
571,5/24/2022 12:00:00 AM,14653
572,5/23/2022 12:00:00 AM,14665
573,5/20/2022 12:00:00 AM,14661
574,5/19/2022 12:00:00 AM,14731
575,5/18/2022 12:00:00 AM,14682
576,5/17/2022 12:00:00 AM,14651
577,5/13/2022 12:00:00 AM,14619
578,5/12/2022 12:00:00 AM,14585
579,5/11/2022 12:00:00 AM,14546
580,5/10/2022 12:00:00 AM,14546
581,5/9/2022 12:00:00 AM,14534
582,4/28/2022 12:00:00 AM,14480
583,4/27/2022 12:00:00 AM,14418
584,4/26/2022 12:00:00 AM,14412
585,4/25/2022 12:00:00 AM,14452
586,4/22/2022 12:00:00 AM,14361
587,4/21/2022 12:00:00 AM,14348
588,4/20/2022 12:00:00 AM,14351
589,4/19/2022 12:00:00 AM,14347
590,4/18/2022 12:00:00 AM,14356
591,4/14/2022 12:00:00 AM,14349
592,4/13/2022 12:00:00 AM,14359
593,4/12/2022 12:00:00 AM,14364
594,4/11/2022 12:00:00 AM,14370
595,4/8/2022 12:00:00 AM,14365
596,4/7/2022 12:00:00 AM,14359
597,4/6/2022 12:00:00 AM,14364
598,4/5/2022 12:00:00 AM,14348
599,4/4/2022 12:00:00 AM,14362
600,4/1/2022 12:00:00 AM,14364
601,3/31/2022 12:00:00 AM,14357
602,3/30/2022 12:00:00 AM,14349
603,3/29/2022 12:00:00 AM,14364
604,3/28/2022 12:00:00 AM,14360
605,3/25/2022 12:00:00 AM,14341
606,3/24/2022 12:00:00 AM,14361
607,3/23/2022 12:00:00 AM,14351
608,3/22/2022 12:00:00 AM,14358
609,3/21/2022 12:00:00 AM,14341
610,3/18/2022 12:00:00 AM,14340
611,3/17/2022 12:00:00 AM,14290
612,3/16/2022 12:00:00 AM,14311
613,3/15/2022 12:00:00 AM,14321
614,3/14/2022 12:00:00 AM,14328
615,3/11/2022 12:00:00 AM,14306
616,3/10/2022 12:00:00 AM,14298
617,3/9/2022 12:00:00 AM,14371
618,3/8/2022 12:00:00 AM,14394
619,3/7/2022 12:00:00 AM,14411
620,3/4/2022 12:00:00 AM,14383
621,3/2/2022 12:00:00 AM,14373
622,3/1/2022 12:00:00 AM,14350
623,2/25/2022 12:00:00 AM,14369
624,2/24/2022 12:00:00 AM,14371
625,2/23/2022 12:00:00 AM,14355
626,2/22/2022 12:00:00 AM,14362
627,2/21/2022 12:00:00 AM,14329
628,2/18/2022 12:00:00 AM,14339
629,2/17/2022 12:00:00 AM,14301
630,2/16/2022 12:00:00 AM,14278
631,2/15/2022 12:00:00 AM,14292
632,2/14/2022 12:00:00 AM,14338
633,2/11/2022 12:00:00 AM,14359
634,2/10/2022 12:00:00 AM,14344
635,2/9/2022 12:00:00 AM,14366
636,2/8/2022 12:00:00 AM,14385
637,2/7/2022 12:00:00 AM,14404
638,2/4/2022 12:00:00 AM,14376
639,2/3/2022 12:00:00 AM,14381
640,2/2/2022 12:00:00 AM,14347
641,1/31/2022 12:00:00 AM,14392
642,1/28/2022 12:00:00 AM,14381
643,1/27/2022 12:00:00 AM,14385
644,1/26/2022 12:00:00 AM,14346
645,1/25/2022 12:00:00 AM,14358
646,1/24/2022 12:00:00 AM,14327
647,1/21/2022 12:00:00 AM,14347
648,1/20/2022 12:00:00 AM,14354
649,1/19/2022 12:00:00 AM,14370
650,1/18/2022 12:00:00 AM,14325
651,1/17/2022 12:00:00 AM,14323
652,1/14/2022 12:00:00 AM,14310
653,1/13/2022 12:00:00 AM,14311
654,1/12/2022 12:00:00 AM,14302
655,1/11/2022 12:00:00 AM,14299
656,1/10/2022 12:00:00 AM,14323
657,1/7/2022 12:00:00 AM,14360
658,1/6/2022 12:00:00 AM,14396
659,1/5/2022 12:00:00 AM,14365
660,1/4/2022 12:00:00 AM,14310
661,1/3/2022 12:00:00 AM,14270
662,12/31/2021 12:00:00 AM,14278
663,12/30/2021 12:00:00 AM,14269
664,12/29/2021 12:00:00 AM,14265
665,12/28/2021 12:00:00 AM,14237
666,12/27/2021 12:00:00 AM,14225
667,12/24/2021 12:00:00 AM,14219
668,12/23/2021 12:00:00 AM,14251
669,12/22/2021 12:00:00 AM,14264
670,12/21/2021 12:00:00 AM,14349
671,12/20/2021 12:00:00 AM,14384
672,12/17/2021 12:00:00 AM,14343
673,12/16/2021 12:00:00 AM,14343
674,12/15/2021 12:00:00 AM,14337
675,12/14/2021 12:00:00 AM,14348
676,12/13/2021 12:00:00 AM,14346
677,12/10/2021 12:00:00 AM,14378
678,12/9/2021 12:00:00 AM,14351
679,12/8/2021 12:00:00 AM,14348
680,12/7/2021 12:00:00 AM,14408
681,12/6/2021 12:00:00 AM,14441
682,12/3/2021 12:00:00 AM,14408
683,12/2/2021 12:00:00 AM,14378
684,12/1/2021 12:00:00 AM,14353
685,11/30/2021 12:00:00 AM,14320
686,11/29/2021 12:00:00 AM,14340
687,11/26/2021 12:00:00 AM,14280
688,11/25/2021 12:00:00 AM,14280
689,11/24/2021 12:00:00 AM,14272
690,11/23/2021 12:00:00 AM,14272
691,11/22/2021 12:00:00 AM,14255
692,11/19/2021 12:00:00 AM,14237
693,11/18/2021 12:00:00 AM,14231
694,11/17/2021 12:00:00 AM,14259
695,11/16/2021 12:00:00 AM,14211
696,11/15/2021 12:00:00 AM,14206
697,11/12/2021 12:00:00 AM,14243
698,11/11/2021 12:00:00 AM,14288
699,11/10/2021 12:00:00 AM,14253
700,11/9/2021 12:00:00 AM,14233
701,11/8/2021 12:00:00 AM,14268
702,11/5/2021 12:00:00 AM,14374
703,11/4/2021 12:00:00 AM,14327
704,11/3/2021 12:00:00 AM,14301
705,11/2/2021 12:00:00 AM,14261
706,11/1/2021 12:00:00 AM,14235
707,10/29/2021 12:00:00 AM,14171
708,10/28/2021 12:00:00 AM,14199
709,10/27/2021 12:00:00 AM,14184
710,10/26/2021 12:00:00 AM,14165
711,10/25/2021 12:00:00 AM,14183
712,10/22/2021 12:00:00 AM,14162
713,10/21/2021 12:00:00 AM,14133
714,10/19/2021 12:00:00 AM,14080
715,10/18/2021 12:00:00 AM,14096
716,10/15/2021 12:00:00 AM,14084
717,10/14/2021 12:00:00 AM,14155
718,10/13/2021 12:00:00 AM,14221
719,10/12/2021 12:00:00 AM,14217
720,10/11/2021 12:00:00 AM,14210
721,10/8/2021 12:00:00 AM,14225
722,10/7/2021 12:00:00 AM,14238
723,10/6/2021 12:00:00 AM,14245
724,10/5/2021 12:00:00 AM,14260
725,10/4/2021 12:00:00 AM,14276
726,10/1/2021 12:00:00 AM,14315
727,9/30/2021 12:00:00 AM,14321
728,9/29/2021 12:00:00 AM,14307
729,9/28/2021 12:00:00 AM,14269
730,9/27/2021 12:00:00 AM,14258
731,9/24/2021 12:00:00 AM,14250
732,9/23/2021 12:00:00 AM,14256
733,9/22/2021 12:00:00 AM,14249
734,9/21/2021 12:00:00 AM,14244
735,9/20/2021 12:00:00 AM,14251
736,9/17/2021 12:00:00 AM,14233
737,9/16/2021 12:00:00 AM,14238
738,9/15/2021 12:00:00 AM,14252
739,9/14/2021 12:00:00 AM,14257
740,9/13/2021 12:00:00 AM,14260
741,9/10/2021 12:00:00 AM,14225
742,9/9/2021 12:00:00 AM,14272
743,9/8/2021 12:00:00 AM,14266
744,9/7/2021 12:00:00 AM,14195
745,9/6/2021 12:00:00 AM,14239
746,9/3/2021 12:00:00 AM,14261
747,9/2/2021 12:00:00 AM,14281
748,9/1/2021 12:00:00 AM,14284
749,8/31/2021 12:00:00 AM,14306
750,8/30/2021 12:00:00 AM,14374
751,8/27/2021 12:00:00 AM,14431
752,8/26/2021 12:00:00 AM,14423
753,8/25/2021 12:00:00 AM,14408
754,8/24/2021 12:00:00 AM,14391
755,8/23/2021 12:00:00 AM,14415
756,8/20/2021 12:00:00 AM,14464
757,8/19/2021 12:00:00 AM,14414
758,8/18/2021 12:00:00 AM,14384
759,8/16/2021 12:00:00 AM,14383
760,8/13/2021 12:00:00 AM,14388
761,8/12/2021 12:00:00 AM,14389
762,8/10/2021 12:00:00 AM,14397
763,8/9/2021 12:00:00 AM,14378
764,8/6/2021 12:00:00 AM,14369
765,8/5/2021 12:00:00 AM,14342
766,8/4/2021 12:00:00 AM,14324
767,8/3/2021 12:00:00 AM,14362
768,8/2/2021 12:00:00 AM,14456
769,7/30/2021 12:00:00 AM,14462
770,7/29/2021 12:00:00 AM,14491
771,7/28/2021 12:00:00 AM,14498
772,7/27/2021 12:00:00 AM,14489
773,7/26/2021 12:00:00 AM,14494
774,7/23/2021 12:00:00 AM,14501
775,7/22/2021 12:00:00 AM,14508
776,7/21/2021 12:00:00 AM,14554
777,7/19/2021 12:00:00 AM,14524
778,7/16/2021 12:00:00 AM,14517
779,7/15/2021 12:00:00 AM,14503
780,7/14/2021 12:00:00 AM,14493
781,7/13/2021 12:00:00 AM,14486
782,7/12/2021 12:00:00 AM,14486
783,7/9/2021 12:00:00 AM,14548
784,7/8/2021 12:00:00 AM,14548
785,7/7/2021 12:00:00 AM,14500
786,7/6/2021 12:00:00 AM,14468
787,7/5/2021 12:00:00 AM,14482
788,7/2/2021 12:00:00 AM,14564
789,7/1/2021 12:00:00 AM,14539
790,6/30/2021 12:00:00 AM,14542
791,6/29/2021 12:00:00 AM,14496
792,6/28/2021 12:00:00 AM,14472
793,6/25/2021 12:00:00 AM,14447
794,6/24/2021 12:00:00 AM,14462
795,6/23/2021 12:00:00 AM,14454
796,6/22/2021 12:00:00 AM,14421
797,6/21/2021 12:00:00 AM,14453
798,6/18/2021 12:00:00 AM,14403
799,6/17/2021 12:00:00 AM,14378
800,6/16/2021 12:00:00 AM,14257
801,6/15/2021 12:00:00 AM,14244
802,6/14/2021 12:00:00 AM,14222
803,6/11/2021 12:00:00 AM,14206
804,6/10/2021 12:00:00 AM,14240
805,6/9/2021 12:00:00 AM,14262
806,6/8/2021 12:00:00 AM,14262
807,6/7/2021 12:00:00 AM,14271
808,6/4/2021 12:00:00 AM,14316
809,6/3/2021 12:00:00 AM,14297
810,6/2/2021 12:00:00 AM,14276
811,5/31/2021 12:00:00 AM,14292
812,5/28/2021 12:00:00 AM,14310
813,5/27/2021 12:00:00 AM,14312
814,5/25/2021 12:00:00 AM,14335
815,5/24/2021 12:00:00 AM,14362
816,5/21/2021 12:00:00 AM,14375
817,5/20/2021 12:00:00 AM,14396
818,5/19/2021 12:00:00 AM,14313
819,5/18/2021 12:00:00 AM,14300
820,5/17/2021 12:00:00 AM,14284
821,5/11/2021 12:00:00 AM,14203
822,5/10/2021 12:00:00 AM,14198
823,5/7/2021 12:00:00 AM,14289
824,5/6/2021 12:00:00 AM,14364
825,5/5/2021 12:00:00 AM,14439
826,5/4/2021 12:00:00 AM,14431
827,5/3/2021 12:00:00 AM,14467
828,4/30/2021 12:00:00 AM,14453
829,4/29/2021 12:00:00 AM,14468
830,4/28/2021 12:00:00 AM,14510
831,4/27/2021 12:00:00 AM,14497
832,4/26/2021 12:00:00 AM,14489
833,4/23/2021 12:00:00 AM,14548
834,4/22/2021 12:00:00 AM,14530
835,4/21/2021 12:00:00 AM,14549
836,4/20/2021 12:00:00 AM,14508
837,4/19/2021 12:00:00 AM,14568
838,4/16/2021 12:00:00 AM,14592
839,4/15/2021 12:00:00 AM,14646
840,4/14/2021 12:00:00 AM,14633
841,4/13/2021 12:00:00 AM,14648
842,4/12/2021 12:00:00 AM,14631
843,4/9/2021 12:00:00 AM,14580
844,4/8/2021 12:00:00 AM,14580
845,4/7/2021 12:00:00 AM,14513
846,4/6/2021 12:00:00 AM,14519
847,4/5/2021 12:00:00 AM,14533
848,4/1/2021 12:00:00 AM,14577
849,3/31/2021 12:00:00 AM,14572
850,3/30/2021 12:00:00 AM,14481
851,3/29/2021 12:00:00 AM,14434
852,3/26/2021 12:00:00 AM,14446
853,3/25/2021 12:00:00 AM,14464
854,3/24/2021 12:00:00 AM,14455
855,3/23/2021 12:00:00 AM,14421
856,3/22/2021 12:00:00 AM,14456
857,3/19/2021 12:00:00 AM,14476
858,3/18/2021 12:00:00 AM,14412
859,3/17/2021 12:00:00 AM,14459
860,3/16/2021 12:00:00 AM,14424
861,3/15/2021 12:00:00 AM,14418
862,3/12/2021 12:00:00 AM,14371
863,3/10/2021 12:00:00 AM,14421
864,3/9/2021 12:00:00 AM,14468
865,3/8/2021 12:00:00 AM,14390
866,3/5/2021 12:00:00 AM,14371
867,3/4/2021 12:00:00 AM,14299
868,3/3/2021 12:00:00 AM,14334
869,3/2/2021 12:00:00 AM,14307
870,3/1/2021 12:00:00 AM,14300
871,2/26/2021 12:00:00 AM,14229
872,2/25/2021 12:00:00 AM,14104
873,2/24/2021 12:00:00 AM,14089
874,2/23/2021 12:00:00 AM,14126
875,2/22/2021 12:00:00 AM,14098
876,2/19/2021 12:00:00 AM,14085
877,2/18/2021 12:00:00 AM,14059
878,2/17/2021 12:00:00 AM,14019
879,2/16/2021 12:00:00 AM,13875
880,2/15/2021 12:00:00 AM,13946
881,2/11/2021 12:00:00 AM,14011
882,2/10/2021 12:00:00 AM,13989
883,2/9/2021 12:00:00 AM,14000
884,2/8/2021 12:00:00 AM,14000
885,2/5/2021 12:00:00 AM,14062
886,2/4/2021 12:00:00 AM,14036
887,2/3/2021 12:00:00 AM,14017
888,2/2/2021 12:00:00 AM,14044
889,2/1/2021 12:00:00 AM,14042
890,1/29/2021 12:00:00 AM,14084
891,1/28/2021 12:00:00 AM,14119
892,1/27/2021 12:00:00 AM,14091
893,1/26/2021 12:00:00 AM,14086
894,1/25/2021 12:00:00 AM,14082
895,1/22/2021 12:00:00 AM,14054
896,1/21/2021 12:00:00 AM,14039
897,1/20/2021 12:00:00 AM,14065
898,1/19/2021 12:00:00 AM,14086
899,1/18/2021 12:00:00 AM,14080
900,1/15/2021 12:00:00 AM,14068
901,1/14/2021 12:00:00 AM,14119
902,1/13/2021 12:00:00 AM,14109
903,1/12/2021 12:00:00 AM,14231
904,1/11/2021 12:00:00 AM,14155
905,1/8/2021 12:00:00 AM,14058
906,1/7/2021 12:00:00 AM,13938
907,1/6/2021 12:00:00 AM,13926
908,1/5/2021 12:00:00 AM,13945
909,1/4/2021 12:00:00 AM,13903
910,12/30/2020 12:00:00 AM,14105
911,12/29/2020 12:00:00 AM,14169
912,12/28/2020 12:00:00 AM,14184
913,12/23/2020 12:00:00 AM,14282
914,12/22/2020 12:00:00 AM,14218
915,12/21/2020 12:00:00 AM,14180
916,12/18/2020 12:00:00 AM,14146
917,12/17/2020 12:00:00 AM,14152
918,12/16/2020 12:00:00 AM,14151
919,12/15/2020 12:00:00 AM,14171
920,12/14/2020 12:00:00 AM,14158
921,12/11/2020 12:00:00 AM,14102
922,12/10/2020 12:00:00 AM,14130
923,12/8/2020 12:00:00 AM,14164
924,12/7/2020 12:00:00 AM,14135
925,12/4/2020 12:00:00 AM,14182
926,12/3/2020 12:00:00 AM,14177
927,12/2/2020 12:00:00 AM,14164
928,12/1/2020 12:00:00 AM,14178
929,11/30/2020 12:00:00 AM,14128
930,11/27/2020 12:00:00 AM,14145
931,11/26/2020 12:00:00 AM,14130
932,11/25/2020 12:00:00 AM,14169
933,11/24/2020 12:00:00 AM,14196
934,11/23/2020 12:00:00 AM,14164
935,11/20/2020 12:00:00 AM,14228
936,11/19/2020 12:00:00 AM,14167
937,11/18/2020 12:00:00 AM,14118
938,11/17/2020 12:00:00 AM,14073
939,11/16/2020 12:00:00 AM,14139
940,11/13/2020 12:00:00 AM,14222
941,11/12/2020 12:00:00 AM,14187
942,11/11/2020 12:00:00 AM,14076
943,11/10/2020 12:00:00 AM,14015
944,11/9/2020 12:00:00 AM,14172
945,11/6/2020 12:00:00 AM,14321
946,11/5/2020 12:00:00 AM,14439
947,11/4/2020 12:00:00 AM,14557
948,11/3/2020 12:00:00 AM,14609
949,11/2/2020 12:00:00 AM,14718
950,10/27/2020 12:00:00 AM,14690
951,10/26/2020 12:00:00 AM,14697
952,10/23/2020 12:00:00 AM,14738
953,10/22/2020 12:00:00 AM,14697
954,10/21/2020 12:00:00 AM,14658
955,10/20/2020 12:00:00 AM,14729
956,10/19/2020 12:00:00 AM,14741
957,10/16/2020 12:00:00 AM,14766
958,10/15/2020 12:00:00 AM,14760
959,10/14/2020 12:00:00 AM,14780
960,10/13/2020 12:00:00 AM,14793
961,10/12/2020 12:00:00 AM,14746
962,10/9/2020 12:00:00 AM,14737
963,10/8/2020 12:00:00 AM,14750
964,10/7/2020 12:00:00 AM,14784
965,10/6/2020 12:00:00 AM,14712
966,10/5/2020 12:00:00 AM,14867
967,10/2/2020 12:00:00 AM,14890
968,10/1/2020 12:00:00 AM,14876
969,9/30/2020 12:00:00 AM,14918
970,9/29/2020 12:00:00 AM,14920
971,9/28/2020 12:00:00 AM,14959
972,9/25/2020 12:00:00 AM,14951
973,9/24/2020 12:00:00 AM,14949
974,9/23/2020 12:00:00 AM,14835
975,9/22/2020 12:00:00 AM,14782
976,9/21/2020 12:00:00 AM,14723
977,9/18/2020 12:00:00 AM,14768
978,9/17/2020 12:00:00 AM,14878
979,9/16/2020 12:00:00 AM,14844
980,9/15/2020 12:00:00 AM,14870
981,9/14/2020 12:00:00 AM,14974
982,9/11/2020 12:00:00 AM,14979
983,9/10/2020 12:00:00 AM,14871
984,9/9/2020 12:00:00 AM,14853
985,9/8/2020 12:00:00 AM,14798
986,9/7/2020 12:00:00 AM,14754
987,9/4/2020 12:00:00 AM,14792
988,9/3/2020 12:00:00 AM,14818
989,9/2/2020 12:00:00 AM,14804
990,9/1/2020 12:00:00 AM,14615
991,8/31/2020 12:00:00 AM,14554
992,8/28/2020 12:00:00 AM,14702
993,8/27/2020 12:00:00 AM,14714
994,8/26/2020 12:00:00 AM,14636
995,8/25/2020 12:00:00 AM,14632
996,8/24/2020 12:00:00 AM,14794
997,8/19/2020 12:00:00 AM,14786
998,8/18/2020 12:00:00 AM,14907
999,8/14/2020 12:00:00 AM,14917
1000,8/13/2020 12:00:00 AM,14877
1001,8/12/2020 12:00:00 AM,14777
1002,8/11/2020 12:00:00 AM,14728
1003,8/10/2020 12:00:00 AM,14750
1004,8/7/2020 12:00:00 AM,14647
1005,8/6/2020 12:00:00 AM,14587
1006,8/5/2020 12:00:00 AM,14623
1007,8/4/2020 12:00:00 AM,14697
1008,8/3/2020 12:00:00 AM,14713
1009,7/30/2020 12:00:00 AM,14653
1010,7/29/2020 12:00:00 AM,14570
1011,7/28/2020 12:00:00 AM,14543
1012,7/27/2020 12:00:00 AM,14605
1013,7/24/2020 12:00:00 AM,14614
1014,7/23/2020 12:00:00 AM,14669
1015,7/22/2020 12:00:00 AM,14655
1016,7/21/2020 12:00:00 AM,14813
1017,7/20/2020 12:00:00 AM,14832
1018,7/17/2020 12:00:00 AM,14780
1019,7/16/2020 12:00:00 AM,14632
1020,7/15/2020 12:00:00 AM,14616
1021,7/14/2020 12:00:00 AM,14512
1022,7/13/2020 12:00:00 AM,14486
1023,7/10/2020 12:00:00 AM,14501
1024,7/9/2020 12:00:00 AM,14446
1025,7/8/2020 12:00:00 AM,14460
1026,7/7/2020 12:00:00 AM,14456
1027,7/6/2020 12:00:00 AM,14547
1028,7/3/2020 12:00:00 AM,14566
1029,7/2/2020 12:00:00 AM,14516
1030,7/1/2020 12:00:00 AM,14341
1031,6/30/2020 12:00:00 AM,14302
1032,6/29/2020 12:00:00 AM,14369
1033,6/26/2020 12:00:00 AM,14239
1034,6/25/2020 12:00:00 AM,14231
1035,6/24/2020 12:00:00 AM,14160
1036,6/23/2020 12:00:00 AM,14265
1037,6/22/2020 12:00:00 AM,14209
1038,6/19/2020 12:00:00 AM,14242
1039,6/18/2020 12:00:00 AM,14186
1040,6/17/2020 12:00:00 AM,14234
1041,6/16/2020 12:00:00 AM,14155
1042,6/15/2020 12:00:00 AM,14228
1043,6/12/2020 12:00:00 AM,14257
1044,6/11/2020 12:00:00 AM,14014
1045,6/10/2020 12:00:00 AM,14083
1046,6/9/2020 12:00:00 AM,13973
1047,6/8/2020 12:00:00 AM,13956
1048,6/5/2020 12:00:00 AM,14100
1049,6/4/2020 12:00:00 AM,14165
1050,6/3/2020 12:00:00 AM,14245
1051,6/2/2020 12:00:00 AM,14502
1052,5/29/2020 12:00:00 AM,14733
1053,5/28/2020 12:00:00 AM,14769
1054,5/27/2020 12:00:00 AM,14761
1055,5/26/2020 12:00:00 AM,14774
1056,5/20/2020 12:00:00 AM,14785
1057,5/19/2020 12:00:00 AM,14823
1058,5/18/2020 12:00:00 AM,14885
1059,5/15/2020 12:00:00 AM,14909
1060,5/14/2020 12:00:00 AM,14946
1061,5/13/2020 12:00:00 AM,14887
1062,5/12/2020 12:00:00 AM,14978
1063,5/11/2020 12:00:00 AM,14936
1064,5/8/2020 12:00:00 AM,15009
1065,5/6/2020 12:00:00 AM,15127
1066,5/5/2020 12:00:00 AM,15104
1067,5/4/2020 12:00:00 AM,15073
1068,4/30/2020 12:00:00 AM,15157
1069,4/29/2020 12:00:00 AM,15415
1070,4/28/2020 12:00:00 AM,15488
1071,4/27/2020 12:00:00 AM,15591
1072,4/24/2020 12:00:00 AM,15553
1073,4/23/2020 12:00:00 AM,15630
1074,4/22/2020 12:00:00 AM,15567
1075,4/21/2020 12:00:00 AM,15643
1076,4/20/2020 12:00:00 AM,15543
1077,4/17/2020 12:00:00 AM,15503
1078,4/16/2020 12:00:00 AM,15787
1079,4/15/2020 12:00:00 AM,15707
1080,4/14/2020 12:00:00 AM,15722
1081,4/13/2020 12:00:00 AM,15840
1082,4/9/2020 12:00:00 AM,16241
1083,4/8/2020 12:00:00 AM,16245
1084,4/7/2020 12:00:00 AM,16410
1085,4/6/2020 12:00:00 AM,16556
1086,4/3/2020 12:00:00 AM,16464
1087,4/2/2020 12:00:00 AM,16741
1088,4/1/2020 12:00:00 AM,16413
1089,3/31/2020 12:00:00 AM,16367
1090,3/30/2020 12:00:00 AM,16336
1091,3/27/2020 12:00:00 AM,16230
1092,3/26/2020 12:00:00 AM,16328
1093,3/24/2020 12:00:00 AM,16486
1094,3/23/2020 12:00:00 AM,16608
1095,3/20/2020 12:00:00 AM,16273
1096,3/19/2020 12:00:00 AM,15712
1097,3/18/2020 12:00:00 AM,15223
1098,3/17/2020 12:00:00 AM,15083
1099,3/16/2020 12:00:00 AM,14818
1100,3/13/2020 12:00:00 AM,14815
1101,3/12/2020 12:00:00 AM,14490
1102,3/11/2020 12:00:00 AM,14323
1103,3/10/2020 12:00:00 AM,14411
1104,3/9/2020 12:00:00 AM,14342
1105,3/6/2020 12:00:00 AM,14267
1106,3/5/2020 12:00:00 AM,14168
1107,3/4/2020 12:00:00 AM,14171
1108,3/3/2020 12:00:00 AM,14222
1109,3/2/2020 12:00:00 AM,14413
1110,2/28/2020 12:00:00 AM,14234
1111,2/27/2020 12:00:00 AM,14018
1112,2/26/2020 12:00:00 AM,13966
1113,2/25/2020 12:00:00 AM,13893
1114,2/24/2020 12:00:00 AM,13863
1115,2/21/2020 12:00:00 AM,13777
1116,2/20/2020 12:00:00 AM,13735
1117,2/19/2020 12:00:00 AM,13717
1118,2/18/2020 12:00:00 AM,13676
1119,2/17/2020 12:00:00 AM,13693
1120,2/14/2020 12:00:00 AM,13707
1121,2/13/2020 12:00:00 AM,13679
1122,2/12/2020 12:00:00 AM,13659
1123,2/11/2020 12:00:00 AM,13686
1124,2/10/2020 12:00:00 AM,13708
1125,2/7/2020 12:00:00 AM,13647
1126,2/6/2020 12:00:00 AM,13662
1127,2/5/2020 12:00:00 AM,13717
1128,2/4/2020 12:00:00 AM,13760
1129,2/3/2020 12:00:00 AM,13726
1130,1/31/2020 12:00:00 AM,13662
1131,1/30/2020 12:00:00 AM,13652
1132,1/29/2020 12:00:00 AM,13634
1133,1/28/2020 12:00:00 AM,13647
1134,1/27/2020 12:00:00 AM,13612
1135,1/24/2020 12:00:00 AM,13632
1136,1/23/2020 12:00:00 AM,13626
1137,1/22/2020 12:00:00 AM,13678
1138,1/21/2020 12:00:00 AM,13658
1139,1/20/2020 12:00:00 AM,13654
1140,1/17/2020 12:00:00 AM,13648
1141,1/16/2020 12:00:00 AM,13658
1142,1/15/2020 12:00:00 AM,13706
1143,1/14/2020 12:00:00 AM,13654
1144,1/13/2020 12:00:00 AM,13708
1145,1/10/2020 12:00:00 AM,13812
1146,1/9/2020 12:00:00 AM,13860
1147,1/8/2020 12:00:00 AM,13934
1148,1/7/2020 12:00:00 AM,13919
1149,1/6/2020 12:00:00 AM,13961
1150,1/3/2020 12:00:00 AM,13899
1151,1/2/2020 12:00:00 AM,13895
1152,12/31/2019 12:00:00 AM,13901
1153,12/30/2019 12:00:00 AM,13945
1154,12/27/2019 12:00:00 AM,13956
1155,12/26/2019 12:00:00 AM,13982
1156,12/23/2019 12:00:00 AM,13978
1157,12/20/2019 12:00:00 AM,13993
1158,12/19/2019 12:00:00 AM,13983
1159,12/18/2019 12:00:00 AM,14007
1160,12/17/2019 12:00:00 AM,14018
1161,12/16/2019 12:00:00 AM,14004
1162,12/13/2019 12:00:00 AM,13982
1163,12/12/2019 12:00:00 AM,14042
1164,12/11/2019 12:00:00 AM,14025
1165,12/10/2019 12:00:00 AM,14004
1166,12/9/2019 12:00:00 AM,14021
1167,12/6/2019 12:00:00 AM,14037
1168,12/5/2019 12:00:00 AM,14094
1169,12/4/2019 12:00:00 AM,14125
1170,12/3/2019 12:00:00 AM,14130
1171,12/2/2019 12:00:00 AM,14122
1172,11/29/2019 12:00:00 AM,14102
1173,11/28/2019 12:00:00 AM,14099
1174,11/27/2019 12:00:00 AM,14096
1175,11/26/2019 12:00:00 AM,14081
1176,11/25/2019 12:00:00 AM,14091
1177,11/22/2019 12:00:00 AM,14100
1178,11/21/2019 12:00:00 AM,14112
1179,11/20/2019 12:00:00 AM,14097
1180,11/19/2019 12:00:00 AM,14091
1181,11/18/2019 12:00:00 AM,14075
1182,11/15/2019 12:00:00 AM,14069
1183,11/14/2019 12:00:00 AM,14098
1184,11/13/2019 12:00:00 AM,14082
1185,11/12/2019 12:00:00 AM,14059
1186,11/11/2019 12:00:00 AM,14040
1187,11/8/2019 12:00:00 AM,14020
1188,11/7/2019 12:00:00 AM,14040
1189,11/6/2019 12:00:00 AM,13992
1190,11/5/2019 12:00:00 AM,14031
1191,11/4/2019 12:00:00 AM,14002
1192,11/1/2019 12:00:00 AM,14066
1193,10/31/2019 12:00:00 AM,14008
1194,10/30/2019 12:00:00 AM,14044
1195,10/29/2019 12:00:00 AM,14028
1196,10/28/2019 12:00:00 AM,14023
1197,10/25/2019 12:00:00 AM,14064
1198,10/24/2019 12:00:00 AM,13996
1199,10/23/2019 12:00:00 AM,14051
1200,10/22/2019 12:00:00 AM,14058
1201,10/21/2019 12:00:00 AM,14132
1202,10/18/2019 12:00:00 AM,14140
1203,10/17/2019 12:00:00 AM,14172
1204,10/16/2019 12:00:00 AM,14187
1205,10/15/2019 12:00:00 AM,14140
1206,10/14/2019 12:00:00 AM,14126
1207,10/11/2019 12:00:00 AM,14139
1208,10/10/2019 12:00:00 AM,14157
1209,10/9/2019 12:00:00 AM,14182
1210,10/8/2019 12:00:00 AM,14170
1211,10/7/2019 12:00:00 AM,14156
1212,10/4/2019 12:00:00 AM,14135
1213,10/3/2019 12:00:00 AM,14193
1214,10/2/2019 12:00:00 AM,14207
1215,10/1/2019 12:00:00 AM,14196
1216,9/30/2019 12:00:00 AM,14174
1217,9/27/2019 12:00:00 AM,14197
1218,9/26/2019 12:00:00 AM,14162
1219,9/25/2019 12:00:00 AM,14134
1220,9/24/2019 12:00:00 AM,14099
1221,9/23/2019 12:00:00 AM,14077
1222,9/20/2019 12:00:00 AM,14085
1223,9/19/2019 12:00:00 AM,14099
1224,9/18/2019 12:00:00 AM,14080
1225,9/17/2019 12:00:00 AM,14100
1226,9/16/2019 12:00:00 AM,14020
1227,9/13/2019 12:00:00 AM,13950
1228,9/12/2019 12:00:00 AM,14052
1229,9/11/2019 12:00:00 AM,14063
1230,9/10/2019 12:00:00 AM,14031
1231,9/9/2019 12:00:00 AM,14092
1232,9/6/2019 12:00:00 AM,14140
1233,9/5/2019 12:00:00 AM,14153
1234,9/4/2019 12:00:00 AM,14218
1235,9/3/2019 12:00:00 AM,14217
1236,9/2/2019 12:00:00 AM,14190
1237,8/30/2019 12:00:00 AM,14237
1238,8/29/2019 12:00:00 AM,14254
1239,8/28/2019 12:00:00 AM,14263
1240,8/27/2019 12:00:00 AM,14235
1241,8/26/2019 12:00:00 AM,14261
1242,8/23/2019 12:00:00 AM,14249
1243,8/22/2019 12:00:00 AM,14234
1244,8/21/2019 12:00:00 AM,14259
1245,8/20/2019 12:00:00 AM,14262
1246,8/19/2019 12:00:00 AM,14203
1247,8/16/2019 12:00:00 AM,14258
1248,8/15/2019 12:00:00 AM,14296
1249,8/14/2019 12:00:00 AM,14234
1250,8/13/2019 12:00:00 AM,14283
1251,8/12/2019 12:00:00 AM,14220
1252,8/9/2019 12:00:00 AM,14195
1253,8/8/2019 12:00:00 AM,14231
1254,8/7/2019 12:00:00 AM,14275
1255,8/6/2019 12:00:00 AM,14344
1256,8/5/2019 12:00:00 AM,14231
1257,8/2/2019 12:00:00 AM,14203
1258,8/1/2019 12:00:00 AM,14098
1259,7/31/2019 12:00:00 AM,14026
1260,7/30/2019 12:00:00 AM,14034
1261,7/29/2019 12:00:00 AM,14010
1262,7/26/2019 12:00:00 AM,14001
1263,7/25/2019 12:00:00 AM,13986
1264,7/24/2019 12:00:00 AM,14011
1265,7/23/2019 12:00:00 AM,13973
1266,7/22/2019 12:00:00 AM,13963
1267,7/19/2019 12:00:00 AM,13913
1268,7/18/2019 12:00:00 AM,13976
1269,7/17/2019 12:00:00 AM,13949
1270,7/16/2019 12:00:00 AM,13925
1271,7/15/2019 12:00:00 AM,13970
1272,7/12/2019 12:00:00 AM,14085
1273,7/11/2019 12:00:00 AM,14089
1274,7/10/2019 12:00:00 AM,14152
1275,7/9/2019 12:00:00 AM,14129
1276,7/8/2019 12:00:00 AM,14147
1277,7/5/2019 12:00:00 AM,14148
1278,7/4/2019 12:00:00 AM,14106
1279,7/3/2019 12:00:00 AM,14160
1280,7/2/2019 12:00:00 AM,14140
1281,7/1/2019 12:00:00 AM,14117
1282,6/28/2019 12:00:00 AM,14141
1283,6/27/2019 12:00:00 AM,14180
1284,6/26/2019 12:00:00 AM,14174
1285,6/25/2019 12:00:00 AM,14138
1286,6/24/2019 12:00:00 AM,14165
1287,6/21/2019 12:00:00 AM,14116
1288,6/20/2019 12:00:00 AM,14236
1289,6/19/2019 12:00:00 AM,14271
1290,6/18/2019 12:00:00 AM,14334
1291,6/17/2019 12:00:00 AM,14346
1292,6/14/2019 12:00:00 AM,14304
1293,6/13/2019 12:00:00 AM,14270
1294,6/12/2019 12:00:00 AM,14234
1295,6/11/2019 12:00:00 AM,14258
1296,6/10/2019 12:00:00 AM,14231
1297,5/31/2019 12:00:00 AM,14385
1298,5/29/2019 12:00:00 AM,14417
1299,5/28/2019 12:00:00 AM,14380
1300,5/27/2019 12:00:00 AM,14360
1301,5/24/2019 12:00:00 AM,14451
1302,5/23/2019 12:00:00 AM,14513
1303,5/22/2019 12:00:00 AM,14488
1304,5/21/2019 12:00:00 AM,14462
1305,5/20/2019 12:00:00 AM,14478
1306,5/17/2019 12:00:00 AM,14469
1307,5/16/2019 12:00:00 AM,14458
1308,5/15/2019 12:00:00 AM,14448
1309,5/14/2019 12:00:00 AM,14444
1310,5/13/2019 12:00:00 AM,14362
1311,5/10/2019 12:00:00 AM,14347
1312,5/9/2019 12:00:00 AM,14338
1313,5/8/2019 12:00:00 AM,14305
1314,5/7/2019 12:00:00 AM,14309
1315,5/6/2019 12:00:00 AM,14308
1316,5/3/2019 12:00:00 AM,14282
1317,5/2/2019 12:00:00 AM,14245
1318,4/30/2019 12:00:00 AM,14215
1319,4/29/2019 12:00:00 AM,14188
1320,4/26/2019 12:00:00 AM,14188
1321,4/25/2019 12:00:00 AM,14154
1322,4/24/2019 12:00:00 AM,14112
1323,4/23/2019 12:00:00 AM,14080
1324,4/22/2019 12:00:00 AM,14056
1325,4/18/2019 12:00:00 AM,14016
1326,4/16/2019 12:00:00 AM,14066
1327,4/15/2019 12:00:00 AM,14067
1328,4/12/2019 12:00:00 AM,14153
1329,4/11/2019 12:00:00 AM,14156
1330,4/10/2019 12:00:00 AM,14155
1331,4/9/2019 12:00:00 AM,14150
1332,4/8/2019 12:00:00 AM,14145
1333,4/5/2019 12:00:00 AM,14158
1334,4/4/2019 12:00:00 AM,14182
1335,4/2/2019 12:00:00 AM,14237
1336,4/1/2019 12:00:00 AM,14231
1337,3/29/2019 12:00:00 AM,14244
1338,3/28/2019 12:00:00 AM,14255
1339,3/27/2019 12:00:00 AM,14202
1340,3/26/2019 12:00:00 AM,14171
1341,3/25/2019 12:00:00 AM,14223
1342,3/22/2019 12:00:00 AM,14157
1343,3/21/2019 12:00:00 AM,14102
1344,3/20/2019 12:00:00 AM,14231
1345,3/19/2019 12:00:00 AM,14228
1346,3/18/2019 12:00:00 AM,14242
1347,3/15/2019 12:00:00 AM,14310
1348,3/14/2019 12:00:00 AM,14253
1349,3/13/2019 12:00:00 AM,14269
1350,3/12/2019 12:00:00 AM,14251
1351,3/11/2019 12:00:00 AM,14324
1352,3/8/2019 12:00:00 AM,14223
1353,3/6/2019 12:00:00 AM,14129
1354,3/5/2019 12:00:00 AM,14146
1355,3/4/2019 12:00:00 AM,14149
1356,3/1/2019 12:00:00 AM,14111
1357,2/28/2019 12:00:00 AM,14062
1358,2/27/2019 12:00:00 AM,14004
1359,2/26/2019 12:00:00 AM,13990
1360,2/25/2019 12:00:00 AM,14007
1361,2/22/2019 12:00:00 AM,14079
1362,2/21/2019 12:00:00 AM,14057
1363,2/20/2019 12:00:00 AM,14055
1364,2/19/2019 12:00:00 AM,14119
1365,2/18/2019 12:00:00 AM,14106
1366,2/15/2019 12:00:00 AM,14116
1367,2/14/2019 12:00:00 AM,14093
1368,2/13/2019 12:00:00 AM,14027
1369,2/12/2019 12:00:00 AM,14088
1370,2/11/2019 12:00:00 AM,13995
1371,2/8/2019 12:00:00 AM,13992
1372,2/7/2019 12:00:00 AM,13978
1373,2/6/2019 12:00:00 AM,13947
1374,2/4/2019 12:00:00 AM,13976
1375,2/1/2019 12:00:00 AM,13978
1376,1/31/2019 12:00:00 AM,14072
1377,1/30/2019 12:00:00 AM,14112
1378,1/29/2019 12:00:00 AM,14098
1379,1/28/2019 12:00:00 AM,14038
1380,1/25/2019 12:00:00 AM,14163
1381,1/24/2019 12:00:00 AM,14141
1382,1/23/2019 12:00:00 AM,14188
1383,1/22/2019 12:00:00 AM,14221
1384,1/21/2019 12:00:00 AM,14212
1385,1/18/2019 12:00:00 AM,14182
1386,1/17/2019 12:00:00 AM,14158
1387,1/16/2019 12:00:00 AM,14154
1388,1/15/2019 12:00:00 AM,14084
1389,1/14/2019 12:00:00 AM,14052
1390,1/11/2019 12:00:00 AM,14076
1391,1/10/2019 12:00:00 AM,14093
1392,1/9/2019 12:00:00 AM,14120
1393,1/8/2019 12:00:00 AM,14031
1394,1/7/2019 12:00:00 AM,14105
1395,1/4/2019 12:00:00 AM,14350
1396,1/3/2019 12:00:00 AM,14474
1397,1/2/2019 12:00:00 AM,14465
