Kurs Jual,Kurs Beli,Tanggal
10500.62,10392.73,2024-12-13
10540.4,10433.47,2024-12-12
10527.5,10420.68,2024-12-11
10602.84,10496.63,2024-12-10
10611.79,10505.5,2024-12-09
10663.99,10555.77,2024-12-07
10663.99,10555.77,2024-12-06
10666.3,10556.66,2024-12-05
10687.21,10578.76,2024-12-04
10640.03,10531.36,2024-12-03
10625.65,10516.41,2024-12-02
10506.31,10399.71,2024-11-29
10394.53,10288.43,2024-11-28
10316.63,10213.32,2024-11-26
10334.49,10230.99,2024-11-25
10343.93,10238.36,2024-11-22
10239.84,10135.35,2024-11-21
10287.41,10183.07,2024-11-20
10305.56,10202.36,2024-11-19
10249.99,10147.35,2024-11-18
10237.03,10134.52,2024-11-15
10225.59,10123.19,2024-11-14
10304.15,10200.97,2024-11-13
10255.41,10152.7,2024-11-12
10318.65,10215.31,2024-11-11
10289.5,10186.46,2024-11-08
10341.17,10237.61,2024-11-07
10405.75,10301.53,2024-11-06
10403.36,10296.47,2024-11-05
10358.99,10255.25,2024-11-04
10367.52,10263.7,2024-11-01
10311.52,10208.26,2024-10-31
10341.34,10237.78,2024-10-30
10309.56,10206.31,2024-10-29
10337.05,10233.52,2024-10-28
10301.04,10197.86,2024-10-25
10302.62,10199.44,2024-10-24
10356.16,10252.43,2024-10-23
10373.31,10269.4,2024-10-22
10356.7,10251.6,2024-10-21
10412.38,10305.33,2024-10-18
10447.43,10342.78,2024-10-17
10475.62,10370.7,2024-10-16
10484.01,10378.99,2024-10-15
10544.5,10438.87,2024-10-14
10559.85,10454.08,2024-10-11
10559.47,10453.7,2024-10-10
10671.01,10564.13,2024-10-09
10628.18,10521.72,2024-10-08
10644.21,10537.57,2024-10-07
10563.99,10457.45,2024-10-04
10636.71,10530.13,2024-10-03
10598.61,10492.43,2024-10-02
10688.01,10580.91,2024-10-01
10620.38,10512.5,2024-09-30
10513.62,10408.29,2024-09-27
10539.55,10433.95,2024-09-26
10562.62,10456.8,2024-09-25
10631.58,10525.07,2024-09-24
10562.75,10456.92,2024-09-23
10782.87,10674.83,2024-09-20
10873.1,10764.15,2024-09-19
10960.39,10850.56,2024-09-18
10983.27,10873.22,2024-09-17
10866.71,10757.83,2024-09-13
10961.64,10851.02,2024-09-12
10806.24,10697.96,2024-09-11
10847.06,10738.38,2024-09-10
10842.07,10733.43,2024-09-09
10783.35,10675.31,2024-09-06
10736.17,10628.61,2024-09-05
10710.22,10602.93,2024-09-04
10658.53,10551.75,2024-09-03
10731.79,10621.35,2024-09-02
10702.92,10595.68,2024-08-30
10759.12,10651.32,2024-08-29
10748.6,10640.91,2024-08-28
10739.18,10631.58,2024-08-27
10717.7,10610.33,2024-08-26
10776.31,10668.34,2024-08-23
10630.5,10524.0,2024-08-22
10620.84,10514.44,2024-08-21
10718.21,10610.84,2024-08-20
10598.26,10492.1,2024-08-19
10707.3,10600.05,2024-08-16
10699.86,10592.68,2024-08-15
10799.91,10691.73,2024-08-14
10896.43,10787.27,2024-08-13
10857.82,10749.05,2024-08-12
10992.7,10879.59,2024-08-09
11022.14,10911.72,2024-08-08
11190.26,11077.38,2024-08-07
11319.74,11203.98,2024-08-06
10929.24,10819.77,2024-08-05
10893.71,10783.87,2024-08-02
10863.39,10753.15,2024-08-01
10593.3,10487.21,2024-07-31
10654.49,10547.79,2024-07-30
10640.33,10533.77,2024-07-29
10737.78,10628.84,2024-07-26
10547.33,10440.36,2024-07-25
10436.44,10330.61,2024-07-24
10402.56,10298.4,2024-07-23
10344.39,10240.8,2024-07-22
10393.45,10288.05,2024-07-19
10323.3,10218.62,2024-07-18
10277.07,10172.89,2024-07-17
10295.71,10191.33,2024-07-16
10196.44,10091.81,2024-07-15
10074.88,9972.78,2024-07-12
10117.22,10015.93,2024-07-11
10170.57,10066.23,2024-07-10
10159.94,10056.97,2024-07-09
10198.17,10096.07,2024-07-08
10183.36,10080.16,2024-07-05
10180.47,10076.05,2024-07-04
10185.53,10083.55,2024-07-03
10206.01,10103.83,2024-07-02
10239.88,10137.36,2024-07-01
10279.74,10175.56,2024-06-28
10330.33,10226.27,2024-06-27
10320.96,10216.34,2024-06-26
10340.75,10237.22,2024-06-25
10417.77,10313.46,2024-06-24
10426.55,10320.85,2024-06-21
10427.13,10322.72,2024-06-20
10431.61,10325.85,2024-06-19
10407.88,10302.35,2024-06-14
10415.57,10309.96,2024-06-13
10410.99,10304.11,2024-06-12
10426.35,10320.63,2024-06-11
10484.43,10378.1,2024-06-10
10470.66,10363.15,2024-06-07
10479.96,10373.69,2024-06-06
10493.14,10386.73,2024-06-05
10380.12,10276.18,2024-06-04
10391.46,10286.1,2024-06-03
10405.31,10301.13,2024-05-31
10337.87,10233.06,2024-05-30
10311.39,10206.83,2024-05-29
10290.87,10185.23,2024-05-28
10278.12,10175.19,2024-05-27
10309.28,10206.04,2024-05-22
10313.98,10210.7,2024-05-21
10304.75,10201.56,2024-05-20
10379.4,10275.46,2024-05-17
10346.82,10241.9,2024-05-16
10362.2,10257.12,2024-05-15
10371.76,10266.59,2024-05-14
10403.89,10299.7,2024-05-13
10470.68,10364.48,2024-05-08
10470.8,10364.59,2024-05-07
10553.61,10447.92,2024-05-06
10473.41,10368.53,2024-05-03
10428.01,10320.96,2024-05-02
10498.39,10391.92,2024-04-30
10429.32,10323.56,2024-04-29
10467.86,10360.38,2024-04-26
10485.35,10379.0,2024-04-25
10544.65,10437.7,2024-04-24
10543.24,10436.31,2024-04-23
10593.33,10485.89,2024-04-22
10538.59,10431.7,2024-04-19
10556.37,10449.3,2024-04-18
10529.75,10422.95,2024-04-17
10540.74,10433.8,2024-04-16
10538.95,10432.03,2024-04-05
10550.24,10444.58,2024-04-04
10560.32,10451.8,2024-04-03
10564.66,10457.46,2024-04-02
10534.48,10427.6,2024-04-01
10503.17,10397.98,2024-03-28
10491.67,10385.21,2024-03-27
10491.03,10385.95,2024-03-26
10468.8,10363.96,2024-03-25
10408.88,10301.9,2024-03-22
10434.14,10329.63,2024-03-21
10506.73,10401.49,2024-03-20
10562.91,10454.3,2024-03-19
10566.7,10460.86,2024-03-18
10593.19,10487.07,2024-03-15
10602.74,10495.1,2024-03-14
10606.03,10498.37,2024-03-13
10634.78,10528.25,2024-03-08
10563.28,10457.48,2024-03-07
10529.84,10422.99,2024-03-06
10511.98,10406.7,2024-03-05
10479.99,10375.02,2024-03-04
10555.79,10448.66,2024-03-01
10448.66,10344.02,2024-02-29
10465.13,10360.31,2024-02-28
10442.03,10337.45,2024-02-27
10407.16,10302.93,2024-02-26
10462.34,10356.16,2024-02-23
10481.78,10374.02,2024-02-22
10466.41,10360.2,2024-02-21
10474.89,10368.59,2024-02-20
10471.43,10365.16,2024-02-19
10442.1,10337.51,2024-02-16
10469.17,10364.31,2024-02-15
10523.18,10417.77,2024-02-13
10661.77,10553.54,2024-02-12
10646.83,10540.18,2024-02-07
10628.63,10520.76,2024-02-06
10754.73,10645.54,2024-02-05
10801.12,10692.92,2024-02-02
10759.44,10651.67,2024-02-01
10776.58,10668.63,2024-01-31
10762.76,10654.95,2024-01-30
10766.94,10656.19,2024-01-29
10730.57,10621.65,2024-01-26
10692.83,10585.73,2024-01-25
10659.36,10551.15,2024-01-24
10607.28,10501.02,2024-01-23
10593.65,10484.7,2024-01-22
10625.82,10519.38,2024-01-19
10635.53,10527.58,2024-01-18
10719.63,10610.79,2024-01-17
10748.6,10640.93,2024-01-16
10772.86,10664.92,2024-01-15
10753.64,10644.44,2024-01-12
10795.45,10685.82,2024-01-11
10825.76,10715.81,2024-01-10
10803.05,10693.34,2024-01-09
10756.32,10647.09,2024-01-08
10878.98,10769.98,2024-01-05
10931.89,10822.35,2024-01-04
10987.32,10875.7,2024-01-03
10976.37,10864.85,2024-01-02
11010.65,10898.76,2023-12-29
10858.73,10748.43,2023-12-28
10939.94,10830.33,2023-12-27
10896.74,10787.55,2023-12-22
10857.75,10748.97,2023-12-21
10804.64,10696.39,2023-12-20
10954.39,10844.63,2023-12-19
10977.6,10867.61,2023-12-18
10969.75,10858.3,2023-12-15
10775.3,10665.88,2023-12-14
10797.42,10687.77,2023-12-13
10718.63,10611.25,2023-12-12
10816.96,10708.58,2023-12-11
10722.21,10614.79,2023-12-08
10606.17,10498.49,2023-12-07
10614.11,10506.35,2023-12-06
10559.3,10452.1,2023-12-05
10523.86,10417.04,2023-12-04
10582.4,10476.39,2023-12-01
10494.79,10389.66,2023-11-30
10456.76,10352.02,2023-11-29
10470.1,10365.22,2023-11-28
10484.53,10378.13,2023-11-27
10501.92,10396.72,2023-11-24
10514.88,10409.56,2023-11-23
10513.13,10407.82,2023-11-22
10406.35,10302.12,2023-11-21
10357.99,10252.88,2023-11-20
10354.09,10249.02,2023-11-17
10342.88,10237.93,2023-11-16
10404.58,10300.36,2023-11-15
10407.68,10303.43,2023-11-14
10417.78,10313.43,2023-11-13
10422.99,10318.59,2023-11-10
10426.25,10321.82,2023-11-09
10415.37,10311.05,2023-11-08
10440.77,10334.81,2023-11-07
10543.37,10437.77,2023-11-06
10599.32,10490.35,2023-11-03
10589.22,10483.16,2023-11-02
10629.03,10522.56,2023-11-01
10698.67,10591.51,2023-10-31
10669.09,10562.23,2023-10-30
10643.18,10536.57,2023-10-27
10642.08,10534.09,2023-10-26
10670.64,10563.77,2023-10-25
10688.23,10581.16,2023-10-24
10626.35,10519.92,2023-10-23
10626.34,10518.5,2023-10-20
10558.78,10451.62,2023-10-19
10558.51,10451.36,2023-10-18
10559.99,10454.22,2023-10-17
10550.35,10443.28,2023-10-16
10579.59,10472.21,2023-10-13
10611.3,10505.01,2023-10-12
10596.42,10490.27,2023-10-11
10561.4,10454.91,2023-10-10
10549.53,10443.16,2023-10-09
10518.58,10411.83,2023-10-06
10557.77,10451.31,2023-10-05
10468.05,10363.2,2023-10-04
10417.17,10312.15,2023-10-03
10462.08,10354.5,2023-10-02
10472.94,10366.64,2023-09-29
10443.03,10335.65,2023-09-27
10424.36,10318.54,2023-09-26
10426.87,10321.72,2023-09-25
10437.77,10333.21,2023-09-22
10447.66,10342.3,2023-09-21
10472.13,10364.41,2023-09-20
10459.59,10352.02,2023-09-19
10453.38,10348.68,2023-09-18
10479.92,10374.95,2023-09-15
10486.75,10380.29,2023-09-14
10503.15,10396.51,2023-09-13
10554.63,10448.9,2023-09-12
10461.19,10355.7,2023-09-11
10452.16,10347.46,2023-09-08
10440.13,10334.15,2023-09-07
10437.83,10331.86,2023-09-06
10468.12,10361.83,2023-09-05
10542.86,10435.8,2023-09-04
10499.27,10391.95,2023-09-01
10462.62,10357.82,2023-08-31
10474.82,10369.87,2023-08-30
10491.79,10385.27,2023-08-29
10529.07,10423.58,2023-08-28
10547.9,10440.8,2023-08-25
10589.17,10481.65,2023-08-24
10568.57,10461.25,2023-08-23
10593.17,10485.6,2023-08-22
10591.04,10483.49,2023-08-21
10582.29,10476.28,2023-08-18
10575.83,10469.88,2023-08-16
10635.09,10527.09,2023-08-15
10581.69,10474.23,2023-08-14
10625.88,10519.42,2023-08-11
10665.85,10558.99,2023-08-10
10693.93,10585.3,2023-08-09
10733.11,10625.56,2023-08-08
10687.68,10579.11,2023-08-07
10688.59,10581.49,2023-08-04
10691.29,10584.17,2023-08-03
10644.28,10536.16,2023-08-02
10669.29,10560.9,2023-08-01
10845.26,10736.57,2023-07-31
10773.85,10665.9,2023-07-28
10740.96,10631.82,2023-07-27
10667.73,10559.35,2023-07-26
10675.11,10566.65,2023-07-25
10685.01,10577.95,2023-07-24
10792.23,10682.55,2023-07-21
10900.59,10791.34,2023-07-20
10877.77,10768.77,2023-07-18
10868.11,10756.07,2023-07-17
10881.08,10772.03,2023-07-14
10861.52,10749.59,2023-07-13
10846.19,10734.45,2023-07-12
10727.91,10617.43,2023-07-11
10620.46,10511.11,2023-07-10
10521.52,10414.66,2023-07-07
10453.15,10346.98,2023-07-06
10447.21,10342.55,2023-07-05
10435.23,10327.83,2023-07-04
10502.3,10395.63,2023-07-03
10545.48,10438.36,2023-06-27
10542.76,10437.13,2023-06-26
10570.07,10461.21,2023-06-23
10596.0,10486.87,2023-06-22
10663.28,10553.46,2023-06-21
10627.67,10519.69,2023-06-20
10640.22,10532.1,2023-06-19
10630.51,10522.49,2023-06-16
10694.78,10587.6,2023-06-15
10710.59,10602.49,2023-06-14
10717.21,10608.29,2023-06-13
10694.41,10585.73,2023-06-12
10718.89,10609.97,2023-06-09
10721.01,10612.05,2023-06-08
10715.81,10608.43,2023-06-07
10654.73,10547.96,2023-06-06
10789.27,10681.16,2023-06-05
10727.21,10618.21,2023-05-31
10714.8,10607.43,2023-05-30
10773.83,10665.85,2023-05-29
10780.37,10670.81,2023-05-26
10806.18,10696.34,2023-05-25
10802.19,10692.39,2023-05-24
10863.08,10751.86,2023-05-23
10866.28,10757.38,2023-05-22
10915.94,10804.96,2023-05-19
10963.5,10852.01,2023-05-17
10945.63,10835.92,2023-05-16
10997.52,10887.29,2023-05-15
10989.02,10877.25,2023-05-12
10958.91,10848.26,2023-05-11
10997.98,10887.75,2023-05-10
10951.66,10840.27,2023-05-09
11003.04,10891.12,2023-05-08
10921.84,10810.75,2023-05-05
10884.91,10775.81,2023-05-04
10740.3,10631.12,2023-05-03
10860.4,10751.54,2023-05-02
11079.78,10968.72,2023-04-28
11208.34,11094.32,2023-04-27
11124.64,11011.5,2023-04-26
11077.27,10966.23,2023-04-18
11149.27,11037.49,2023-04-17
11176.57,11062.87,2023-04-14
11164.5,11050.93,2023-04-13
11238.97,11126.3,2023-04-12
11338.67,11225.01,2023-04-11
11429.01,11310.98,2023-04-10
11422.23,11307.71,2023-04-06
11300.29,11185.31,2023-04-05
11278.69,11165.63,2023-04-04
11301.07,11186.09,2023-04-03
11428.7,11312.42,2023-03-31
11494.64,11375.95,2023-03-30
11561.91,11445.99,2023-03-29
11644.68,11526.17,2023-03-28
11717.92,11598.66,2023-03-27
11703.91,11584.81,2023-03-24
11780.43,11660.55,2023-03-21
11610.51,11494.12,2023-03-20
11643.44,11525.85,2023-03-17
11451.97,11335.49,2023-03-16
11578.2,11462.14,2023-03-15
11488.49,11373.33,2023-03-14
11407.75,11293.41,2023-03-13
11335.71,11220.46,2023-03-10
11296.56,11183.35,2023-03-09
11376.62,11260.92,2023-03-08
11329.48,11214.28,2023-03-07
11284.13,11169.39,2023-03-06
11224.39,11108.65,2023-03-03
11273.45,11158.81,2023-03-02
11199.33,11085.46,2023-03-01
11281.23,11166.52,2023-02-28
11339.23,11223.9,2023-02-27
11315.93,11202.51,2023-02-24
11359.25,11243.71,2023-02-23
11330.14,11214.9,2023-02-22
11370.91,11256.93,2023-02-21
11324.04,11208.86,2023-02-20
11396.46,11280.53,2023-02-17
11458.78,11342.21,2023-02-16
11540.5,11421.34,2023-02-15
11571.76,11454.02,2023-02-14
11687.3,11570.12,2023-02-13
11594.38,11478.14,2023-02-10
11606.54,11488.42,2023-02-09
11510.58,11393.47,2023-02-08
11472.76,11356.02,2023-02-07
11641.78,11523.25,2023-02-06
11616.53,11496.47,2023-02-03
11575.84,11457.14,2023-02-02
11581.06,11463.18,2023-02-01
11606.71,11488.55,2023-01-31
11584.49,11468.34,2023-01-30
11607.61,11489.45,2023-01-27
11523.79,11406.51,2023-01-26
11561.6,11443.92,2023-01-25
11787.62,11669.43,2023-01-24
11849.41,11728.75,2023-01-20
11687.68,11569.61,2023-01-19
11837.22,11714.89,2023-01-18
11797.79,11677.67,2023-01-17
11875.5,11754.58,2023-01-16
11737.35,11617.91,2023-01-13
11785.09,11665.18,2023-01-12
11855.42,11734.8,2023-01-11
11840.43,11721.73,2023-01-10
11698.31,11579.33,2023-01-09
11845.4,11725.77,2023-01-06
12050.28,11926.71,2023-01-05
12036.53,11915.85,2023-01-04
11951.02,11831.2,2023-01-03
11855.91,11735.28,2023-01-02
11816.77,11696.56,2022-12-30
11792.21,11674.01,2022-12-29
11842.35,11723.63,2022-12-28
11841.88,11719.64,2022-12-27
11836.24,11714.06,2022-12-26
11874.5,11755.46,2022-12-23
11905.99,11786.64,2022-12-22
11836.73,11716.3,2022-12-21
11562.16,11446.28,2022-12-20
11439.56,11323.27,2022-12-19
11567.12,11449.5,2022-12-16
11582.86,11465.08,2022-12-15
11455.94,11339.46,2022-12-14
11499.79,11382.86,2022-12-13
11482.87,11364.45,2022-12-12
11482.35,11365.61,2022-12-09
11426.87,11310.71,2022-12-08
11428.69,11314.15,2022-12-07
11464.35,11347.75,2022-12-06
11508.2,11391.15,2022-12-05
11495.7,11378.82,2022-12-02
11421.25,11306.79,2022-12-01
11450.68,11334.29,2022-11-30
11422.54,11308.06,2022-11-29
11345.44,11230.93,2022-11-28
11313.94,11197.32,2022-11-25
11175.37,11061.82,2022-11-24
11137.06,11023.91,2022-11-23
11203.36,11089.53,2022-11-22
11275.89,11162.89,2022-11-21
11322.49,11209.03,2022-11-18
11258.83,11144.4,2022-11-17
11228.07,11113.95,2022-11-16
11174.76,11062.77,2022-11-15
11029.59,10919.06,2022-11-14
10792.35,10682.78,2022-11-11
10812.56,10704.23,2022-11-10
10743.2,10634.13,2022-11-09
10688.94,10581.86,2022-11-08
10700.78,10593.59,2022-11-07
10653.29,10546.57,2022-11-04
10678.34,10571.37,2022-11-03
10631.63,10523.7,2022-11-02
10589.81,10483.73,2022-11-01
10617.71,10511.34,2022-10-31
10742.58,10634.96,2022-10-28
10660.4,10553.6,2022-10-27
10542.14,10435.14,2022-10-26
10497.79,10392.64,2022-10-25
10427.42,10321.6,2022-10-24
10446.99,10340.96,2022-10-21
10424.84,10317.66,2022-10-20
10437.29,10331.36,2022-10-19
10467.2,10360.96,2022-10-18
10486.07,10379.62,2022-10-17
10511.33,10404.62,2022-10-14
10569.79,10463.91,2022-10-13
10603.58,10495.91,2022-10-12
10573.17,10465.8,2022-10-11
10576.54,10469.13,2022-10-10
10560.77,10454.96,2022-10-07
10573.23,10467.3,2022-10-06
10614.2,10507.86,2022-10-05
10596.71,10489.09,2022-10-04
10610.04,10503.74,2022-10-03
10588.93,10482.84,2022-09-30
10594.94,10487.33,2022-09-29
10554.93,10449.19,2022-09-28
10565.0,10457.71,2022-09-27
10617.04,10510.67,2022-09-26
10365.81,10260.55,2022-09-23
10494.65,10389.5,2022-09-22
10486.99,10381.92,2022-09-21
10491.22,10386.11,2022-09-20
10466.15,10361.29,2022-09-19
10428.68,10322.75,2022-09-16
10467.34,10361.03,2022-09-15
10501.55,10395.59,2022-09-14
10442.68,10336.61,2022-09-13
10479.16,10371.25,2022-09-12
10415.46,10311.12,2022-09-11
10423.6,10319.16,2022-09-10
10567.55,10460.19,2022-09-09
10667.76,10560.86,2022-09-08
10676.24,10567.75,2022-09-07
10738.28,10629.14,2022-09-02
10770.81,10661.33,2022-09-01
10798.45,10690.23,2022-08-31
10787.68,10678.03,2022-08-30
10869.58,10759.07,2022-08-29
10918.19,10808.75,2022-08-26
10930.25,10820.7,2022-08-25
10902.88,10792.03,2022-08-24
10930.65,10821.1,2022-08-23
10922.6,10813.13,2022-08-22
11012.95,10902.56,2022-08-19
11105.08,10992.12,2022-08-18
11087.45,10974.66,2022-08-16
11076.34,10965.31,2022-08-15
11227.45,11114.89,2022-08-12
11078.54,10967.49,2022-08-11
11069.67,10957.09,2022-08-10
11100.1,10988.83,2022-08-09
11240.92,11128.23,2022-08-08
11184.23,11070.47,2022-08-05
11249.87,11137.11,2022-08-04
11438.3,11323.62,2022-08-03
11273.28,11160.27,2022-08-02
11246.55,11133.81,2022-08-01
11089.4,10978.25,2022-07-29
11021.54,10911.08,2022-07-28
11023.29,10912.81,2022-07-27
11049.4,10937.05,2022-07-26
10974.79,10864.8,2022-07-25
10888.95,10779.83,2022-07-22
10904.36,10793.51,2022-07-21
10941.08,10829.85,2022-07-20
10910.55,10799.65,2022-07-19
10853.97,10745.19,2022-07-18
10833.69,10725.12,2022-07-15
10990.24,10880.09,2022-07-14
10975.29,10863.7,2022-07-13
10995.35,10885.16,2022-07-12
11095.0,10983.79,2022-07-11
11058.76,10946.31,2022-07-08
11159.65,11046.16,2022-07-07
11092.67,10979.87,2022-07-06
11107.27,10995.94,2022-07-05
11094.46,10983.26,2022-07-04
10978.79,10868.75,2022-07-01
10960.15,10847.11,2022-06-30
10989.16,10877.41,2022-06-29
11023.35,10909.62,2022-06-28
11063.5,10950.97,2022-06-27
11007.96,10896.01,2022-06-24
10957.74,10847.91,2022-06-23
10997.95,10887.71,2022-06-22
11062.61,10950.09,2022-06-21
11075.54,10963.71,2022-06-20
11128.0,11016.45,2022-06-17
11011.84,10901.46,2022-06-16
11031.11,10920.54,2022-06-15
10976.97,10866.93,2022-06-14
10940.63,10829.34,2022-06-13
10941.57,10831.88,2022-06-10
10874.8,10764.18,2022-06-09
10950.15,10840.37,2022-06-08
11116.96,11003.82,2022-06-07
11157.99,11046.12,2022-06-06
11238.36,11125.68,2022-06-03
11463.27,11348.32,2022-06-02
11483.01,11366.07,2022-05-31
11532.5,11413.26,2022-05-30
11585.51,11467.52,2022-05-27
11558.17,11440.47,2022-05-25
11556.76,11439.07,2022-05-24
11506.68,11388.63,2022-05-23
11580.62,11464.49,2022-05-20
11417.94,11303.46,2022-05-19
11383.27,11267.39,2022-05-18
11409.57,11293.41,2022-05-17
11392.76,11276.77,2022-05-13
11261.64,11148.72,2022-05-12
11242.58,11128.15,2022-05-11
11135.68,11023.2,2022-05-10
11117.19,11004.05,2022-05-09
11325.69,11210.37,2022-04-28
11326.29,11212.71,2022-04-27
11337.34,11223.65,2022-04-26
11252.78,11139.94,2022-04-25
11261.9,11145.49,2022-04-22
11230.93,11115.72,2022-04-21
11234.8,11122.14,2022-04-20
11396.35,11280.28,2022-04-19
11497.05,11379.93,2022-04-18
11446.66,11331.86,2022-04-14
11488.0,11372.79,2022-04-13
11523.06,11405.67,2022-04-12
11634.16,11517.47,2022-04-11
11665.97,11547.09,2022-04-08
11663.42,11544.57,2022-04-07
11742.46,11622.78,2022-04-06
11774.05,11654.05,2022-04-05
11782.42,11660.42,2022-04-04
11815.26,11696.73,2022-04-01
11854.3,11733.45,2022-03-31
11670.97,11552.04,2022-03-30
11578.79,11460.82,2022-03-29
11860.36,11739.45,2022-03-28
11867.14,11748.09,2022-03-25
11926.54,11804.94,2022-03-24
11977.91,11855.78,2022-03-23
12090.19,11968.88,2022-03-22
12125.96,12002.27,2022-03-21
12098.95,11977.55,2022-03-18
12157.7,12033.68,2022-03-17
12215.76,12093.19,2022-03-16
12227.96,12105.26,2022-03-15
12294.79,12169.33,2022-03-14
12404.6,12277.99,2022-03-11
12471.17,12343.88,2022-03-10
12519.23,12391.44,2022-03-09
12598.35,12469.74,2022-03-08
12527.01,12399.14,2022-03-07
12543.3,12417.42,2022-03-04
12550.47,12422.35,2022-03-02
12525.67,12396.74,2022-03-01
12597.35,12468.74,2022-02-25
12531.95,12405.1,2022-02-24
12566.44,12438.15,2022-02-23
12529.93,12404.18,2022-02-22
12511.46,12383.74,2022-02-21
12491.32,12363.8,2022-02-18
12401.17,12272.47,2022-02-17
12428.36,12301.51,2022-02-16
12517.1,12389.33,2022-02-15
12434.98,12308.07,2022-02-14
12474.66,12349.47,2022-02-11
12511.12,12384.48,2022-02-10
12533.1,12406.24,2022-02-09
12576.91,12448.52,2022-02-08
12554.64,12426.48,2022-02-07
12606.11,12477.42,2022-02-04
12590.59,12463.13,2022-02-03
12528.33,12400.45,2022-02-02
12510.09,12384.54,2022-01-31
12581.09,12452.65,2022-01-28
12629.41,12500.46,2022-01-27
12667.71,12539.46,2022-01-26
12681.56,12549.85,2022-01-25
12649.13,12518.87,2022-01-24
12625.39,12497.58,2022-01-21
12620.69,12490.74,2022-01-20
12552.65,12424.49,2022-01-19
12582.71,12454.24,2022-01-18
12636.46,12507.42,2022-01-17
12563.38,12435.11,2022-01-14
12460.78,12335.72,2022-01-13
12462.49,12335.28,2022-01-12
12445.63,12320.73,2022-01-11
12465.92,12338.69,2022-01-10
12497.18,12369.62,2022-01-07
12453.06,12325.96,2022-01-06
12415.01,12290.42,2022-01-05
12442.61,12317.73,2022-01-04
12467.97,12340.7,2022-01-03
12451.46,12326.5,2021-12-31
12469.63,12342.33,2021-12-30
12462.49,12337.42,2021-12-29
12471.54,12345.29,2021-12-28
12493.53,12367.05,2021-12-27
12529.32,12400.31,2021-12-24
12541.84,12414.87,2021-12-23
12695.44,12565.8,2021-12-22
12748.85,12618.66,2021-12-21
12635.62,12508.8,2021-12-20
12635.62,12508.8,2021-12-17
12672.55,12544.25,2021-12-16
12686.73,12559.39,2021-12-15
12687.2,12559.85,2021-12-14
12714.38,12586.76,2021-12-13
12714.0,12581.95,2021-12-10
12701.26,12571.56,2021-12-09
12738.66,12606.37,2021-12-08
12825.39,12693.29,2021-12-07
12772.37,12644.17,2021-12-06
12768.3,12637.91,2021-12-03
12709.05,12581.48,2021-12-02
12753.99,12623.73,2021-12-01
12718.82,12587.83,2021-11-30
12555.91,12427.71,2021-11-29
12442.69,12315.68,2021-11-26
12464.9,12337.65,2021-11-25
12514.93,12387.16,2021-11-24
12552.6,12425.52,2021-11-23
12498.42,12372.98,2021-11-22
12527.07,12400.25,2021-11-19
12479.58,12354.33,2021-11-18
12510.56,12385.0,2021-11-17
12530.31,12402.36,2021-11-16
12553.03,12427.03,2021-11-15
12591.58,12463.01,2021-11-12
12661.78,12532.47,2021-11-11
12669.77,12542.59,2021-11-10
12638.23,12510.27,2021-11-09
12698.55,12571.09,2021-11-08
12631.49,12502.52,2021-11-05
12622.97,12495.17,2021-11-04
12627.59,12499.74,2021-11-03
12526.21,12398.31,2021-11-02
12528.03,12397.92,2021-11-01
12560.51,12433.35,2021-10-29
12543.93,12415.84,2021-10-28
12484.28,12358.98,2021-10-27
12550.78,12421.52,2021-10-26
12488.21,12360.69,2021-10-25
12456.08,12329.98,2021-10-22
12420.26,12294.52,2021-10-21
12385.45,12261.14,2021-10-19
12390.07,12263.57,2021-10-18
12543.67,12416.67,2021-10-15
12585.51,12456.99,2021-10-14
12601.95,12473.26,2021-10-13
12650.41,12520.1,2021-10-12
12772.38,12644.17,2021-10-11
12843.72,12712.5,2021-10-08
12835.06,12703.93,2021-10-07
12893.66,12761.92,2021-10-06
12903.48,12771.64,2021-10-05
12946.89,12815.75,2021-10-04
12857.43,12726.09,2021-10-01
12916.4,12786.73,2021-09-30
12885.57,12753.92,2021-09-29
12920.91,12788.88,2021-09-28
12972.15,12839.58,2021-09-27
13031.91,12898.72,2021-09-24
13080.24,12947.73,2021-09-23
13068.49,12934.91,2021-09-22
13060.61,12927.11,2021-09-21
13008.52,12876.74,2021-09-20
13083.29,12949.55,2021-09-17
13099.74,12965.84,2021-09-16
13022.17,12889.08,2021-09-15
13015.44,12884.76,2021-09-14
13009.49,12876.53,2021-09-13
13053.66,12921.42,2021-09-10
13015.01,12883.16,2021-09-09
12979.69,12847.03,2021-09-08
13024.67,12892.72,2021-09-07
13034.11,12902.07,2021-09-06
13048.83,12917.82,2021-09-03
13008.99,12876.05,2021-09-02
13083.57,12951.02,2021-09-01
13154.13,13019.69,2021-08-31
13172.72,13039.28,2021-08-30
13158.24,13023.77,2021-08-27
13196.06,13061.19,2021-08-26
13174.49,13042.22,2021-08-25
13176.06,13043.77,2021-08-24
13253.39,13117.93,2021-08-23
13220.84,13088.09,2021-08-20
13187.3,13053.7,2021-08-19
13223.79,13088.61,2021-08-18
13113.21,12981.56,2021-08-16
13103.43,12970.7,2021-08-13
13098.85,12966.17,2021-08-12
13117.18,12983.13,2021-08-10
13154.35,13019.91,2021-08-09
13154.8,13019.15,2021-08-06
13185.22,13050.43,2021-08-05
13225.04,13091.05,2021-08-04
13249.69,13116.65,2021-08-03
13273.34,13140.07,2021-08-02
13261.21,13126.87,2021-07-30
13254.33,13121.26,2021-07-29
13231.67,13098.82,2021-07-28
13214.61,13079.57,2021-07-27
13191.08,13056.28,2021-07-26
13226.18,13091.01,2021-07-23
13289.81,13153.99,2021-07-22
13303.52,13167.54,2021-07-21
13256.03,13120.56,2021-07-19
13283.08,13147.31,2021-07-16
13181.42,13046.72,2021-07-15
13194.15,13059.32,2021-07-14
13222.92,13090.16,2021-07-13
13281.92,13146.18,2021-07-12
13309.73,13173.7,2021-07-09
13161.58,13025.91,2021-07-08
13124.24,12990.13,2021-07-07
13123.9,12992.15,2021-07-06
13130.73,12998.91,2021-07-05
13116.43,12984.75,2021-07-02
13230.77,13097.94,2021-07-01
13172.22,13038.8,2021-06-30
13138.54,13004.28,2021-06-29
13112.29,12978.3,2021-06-28
13109.33,12976.54,2021-06-25
13100.89,12967.03,2021-06-24
13118.31,12984.25,2021-06-23
13214.4,13079.35,2021-06-22
13142.38,13010.43,2021-06-21
13059.1,12927.99,2021-06-18
13034.01,12900.8,2021-06-17
12999.65,12866.8,2021-06-16
13036.4,12905.51,2021-06-15
13034.81,12901.58,2021-06-14
13073.17,12940.73,2021-06-11
13092.17,12960.72,2021-06-10
13092.17,12960.72,2021-06-09
13112.42,12978.38,2021-06-08
13061.81,12929.49,2021-06-07
13087.25,12955.85,2021-06-04
13060.88,12929.75,2021-06-03
13098.18,12966.66,2021-06-02
13091.99,12958.18,2021-06-01
13091.99,12958.18,2021-05-31
13174.17,13039.5,2021-05-28
13251.18,13115.71,2021-05-27
13251.75,13116.28,2021-05-26
13251.75,13116.28,2021-05-25
13300.39,13164.41,2021-05-24
13283.13,13147.33,2021-05-21
13188.38,13053.57,2021-05-20
13200.61,13065.66,2021-05-19
13145.99,13013.99,2021-05-18
13119.5,12986.57,2021-05-17
13117.29,12983.19,2021-05-14
13117.29,12983.19,2021-05-13
13117.29,12983.19,2021-05-12
13117.29,12983.19,2021-05-11
13157.82,13025.71,2021-05-10
13217.19,13083.28,2021-05-07
13270.42,13137.17,2021-05-06
13255.79,13122.69,2021-05-05
13262.19,13129.03,2021-05-04
13338.17,13204.24,2021-05-03
13343.43,13209.45,2021-04-30
13388.31,13253.88,2021-04-29
13447.93,13312.89,2021-04-28
13521.64,13383.36,2021-04-27
13550.27,13411.71,2021-04-26
13517.22,13381.48,2021-04-23
13512.38,13376.7,2021-04-22
13443.24,13308.25,2021-04-21
13546.3,13406.55,2021-04-20
13472.63,13337.35,2021-04-19
13533.68,13397.78,2021-04-16
13498.09,13360.1,2021-04-15
13463.73,13328.54,2021-04-14
13433.36,13298.48,2021-04-13
13359.68,13225.54,2021-04-12
13388.98,13252.12,2021-04-09
13277.72,13144.4,2021-04-08
13215.83,13083.15,2021-04-07
13207.04,13074.45,2021-04-06
13230.66,13097.82,2021-04-05
13238.65,13103.37,2021-04-02
13238.65,13103.37,2021-04-01
13234.1,13098.87,2021-03-31
13243.62,13108.26,2021-03-30
13246.43,13111.04,2021-03-29
13293.87,13159.18,2021-03-26
13345.87,13209.44,2021-03-25
13390.43,13253.53,2021-03-24
13328.22,13194.39,2021-03-23
13348.29,13214.26,2021-03-22
13344.69,13210.69,2021-03-19
13283.25,13145.05,2021-03-18
13318.03,13184.3,2021-03-17
13277.27,13141.54,2021-03-16
13275.39,13139.69,2021-03-15
13284.46,13149.85,2021-03-12
13323.32,13187.12,2021-03-11
13323.32,13187.12,2021-03-10
13317.77,13184.05,2021-03-09
13343.74,13209.75,2021-03-08
13380.45,13244.86,2021-03-05
13420.34,13285.56,2021-03-04
13484.67,13346.74,2021-03-03
13460.53,13325.35,2021-03-02
13475.39,13337.55,2021-03-01
13497.07,13361.51,2021-02-26
13372.19,13236.63,2021-02-25
13430.19,13295.3,2021-02-24
13529.62,13391.17,2021-02-23
13412.05,13274.83,2021-02-22
13392.08,13255.06,2021-02-19
13355.99,13221.84,2021-02-18
13297.88,13164.32,2021-02-17
13209.91,13077.23,2021-02-16
13348.31,13214.24,2021-02-15
13461.82,13325.32,2021-02-12
13461.82,13325.32,2021-02-11
13434.26,13299.31,2021-02-10
13400.0,13265.4,2021-02-09
13336.49,13202.54,2021-02-08
13394.28,13257.24,2021-02-05
13428.06,13290.65,2021-02-04
13423.95,13289.11,2021-02-03
13456.21,13321.05,2021-02-02
13478.71,13342.05,2021-02-01
13551.38,13412.69,2021-01-29
13605.91,13467.94,2021-01-28
13657.5,13517.69,2021-01-27
13651.33,13514.19,2021-01-26
13638.25,13498.64,2021-01-25
13641.37,13503.02,2021-01-22
13625.49,13486.01,2021-01-21
13621.79,13484.95,2021-01-20
13626.36,13489.48,2021-01-19
13641.57,13504.53,2021-01-18
13626.0,13489.12,2021-01-15
13629.43,13489.93,2021-01-14
13692.11,13551.95,2021-01-13
13716.47,13577.38,2021-01-12
13658.93,13521.73,2021-01-11
13603.21,13466.55,2021-01-08
13575.97,13436.98,2021-01-07
13615.75,13477.65,2021-01-06
13590.7,13451.56,2021-01-05
13565.55,13426.66,2021-01-04
13716.04,13578.25,2020-12-31
13716.04,13578.25,2020-12-30
13727.8,13589.9,2020-12-29
13766.22,13625.29,2020-12-28
13862.67,13720.76,2020-12-25
13862.67,13720.76,2020-12-24
13862.67,13720.76,2020-12-23
13823.25,13683.05,2020-12-22
13790.3,13650.45,2020-12-21
13763.9,13625.62,2020-12-18
13764.41,13626.13,2020-12-17
13726.24,13587.04,2020-12-16
13687.52,13548.72,2020-12-15
13681.53,13544.09,2020-12-14
13628.72,13491.82,2020-12-11
13611.28,13473.26,2020-12-10
13682.06,13544.62,2020-12-09
13682.06,13544.62,2020-12-08
13663.25,13526.0,2020-12-07
13729.8,13586.65,2020-12-04
13638.26,13501.26,2020-12-03
13637.5,13500.51,2020-12-02
13654.9,13517.74,2020-12-01
13670.94,13531.0,2020-11-30
13662.4,13522.56,2020-11-27
13612.59,13470.68,2020-11-26
13621.44,13482.03,2020-11-25
13646.08,13509.01,2020-11-24
13720.31,13582.48,2020-11-23
13765.06,13626.78,2020-11-20
13715.29,13576.2,2020-11-19
13628.46,13490.26,2020-11-18
13535.62,13398.37,2020-11-17
13596.5,13459.92,2020-11-16
13625.46,13488.6,2020-11-13
13540.3,13404.3,2020-11-12
13458.64,13320.92,2020-11-11
13429.71,13292.28,2020-11-10
13782.52,13641.42,2020-11-09
13891.14,13751.59,2020-11-06
13912.94,13770.55,2020-11-05
13950.41,13807.65,2020-11-04
14020.29,13879.46,2020-11-03
14137.04,13995.04,2020-11-02
14099.37,13955.08,2020-10-30
14099.37,13955.08,2020-10-29
14099.37,13955.08,2020-10-28
14099.37,13955.08,2020-10-27
14088.6,13947.09,2020-10-26
14145.44,14000.68,2020-10-23
14108.79,13964.4,2020-10-22
13980.54,13837.49,2020-10-21
14025.63,13884.76,2020-10-20
14058.37,13917.16,2020-10-19
14099.6,13955.33,2020-10-16
14100.57,13956.29,2020-10-15
14098.23,13956.63,2020-10-14
14110.64,13966.26,2020-10-13
14040.48,13896.83,2020-10-12
13989.51,13849.0,2020-10-09
13984.67,13844.21,2020-10-08
14060.68,13916.82,2020-10-07
13990.88,13849.04,2020-10-06
14158.38,14016.17,2020-10-05
14172.22,14028.55,2020-10-02
14170.98,14028.64,2020-10-01
14185.44,14042.96,2020-09-30
14214.24,14071.47,2020-09-29
14266.27,14120.3,2020-09-28
14243.78,14100.71,2020-09-25
14249.98,14106.85,2020-09-24
14184.36,14039.21,2020-09-23
14216.18,14073.38,2020-09-22
14181.16,14036.02,2020-09-21
14156.66,14011.79,2020-09-18
14230.88,14087.94,2020-09-17
14167.35,14025.05,2020-09-16
14147.83,14003.08,2020-09-15
14180.99,14037.24,2020-09-14
14181.72,14039.29,2020-09-11
14076.82,13935.44,2020-09-10
14092.97,13951.42,2020-09-09
13994.53,13852.68,2020-09-08
13955.55,13814.09,2020-09-07
14003.35,13862.71,2020-09-04
14018.72,13875.32,2020-09-03
14033.22,13892.28,2020-09-02
13905.22,13762.95,2020-09-01
13872.13,13730.19,2020-08-31
13834.75,13693.24,2020-08-28
13947.91,13807.82,2020-08-27
13819.22,13677.86,2020-08-26
13887.2,13746.43,2020-08-25
14060.88,13917.02,2020-08-24
14094.59,13950.38,2020-08-19
14180.35,14036.6,2020-08-18
14018.69,13877.91,2020-08-14
14008.61,13867.92,2020-08-13
13924.89,13785.04,2020-08-12
13965.13,13824.87,2020-08-11
14015.08,13871.69,2020-08-10
13942.26,13802.23,2020-08-07
13887.78,13748.29,2020-08-06
13923.37,13783.53,2020-08-05
13918.67,13778.87,2020-08-04
13972.0,13831.67,2020-08-03
14015.68,13874.9,2020-07-30
13933.63,13793.67,2020-07-29
13877.44,13735.44,2020-07-28
13895.7,13753.53,2020-07-27
13782.91,13644.49,2020-07-24
13761.18,13622.98,2020-07-23
13798.28,13657.14,2020-07-22
13888.49,13746.45,2020-07-21
13884.28,13744.84,2020-07-20
13851.08,13711.98,2020-07-17
13749.57,13608.94,2020-07-16
13697.39,13558.57,2020-07-15
13605.0,13465.86,2020-07-14
13627.66,13488.27,2020-07-13
13609.93,13473.25,2020-07-10
13530.5,13392.13,2020-07-09
13502.09,13366.5,2020-07-08
13533.56,13395.16,2020-07-07
13571.98,13435.69,2020-07-06
13614.98,13478.26,2020-07-03
13573.3,13434.49,2020-07-02
13377.31,13241.74,2020-07-01
13348.36,13211.86,2020-06-30
13469.69,13331.93,2020-06-29
13354.05,13217.47,2020-06-26
13355.27,13218.68,2020-06-25
13366.02,13231.78,2020-06-24
13383.43,13246.55,2020-06-23
13362.08,13225.41,2020-06-22
13386.84,13252.4,2020-06-19
13349.19,13213.88,2020-06-18
13338.15,13201.74,2020-06-17
13245.61,13111.37,2020-06-16
13335.02,13201.1,2020-06-15
13412.23,13275.05,2020-06-12
13165.14,13030.49,2020-06-11
13136.64,13004.72,2020-06-10
12985.82,12854.23,2020-06-09
12811.27,12682.64,2020-06-08
12990.92,12860.48,2020-06-05
13072.39,12938.75,2020-06-04
13200.77,13068.21,2020-06-03
13541.31,13402.83,2020-06-02
13785.19,13645.48,2020-05-29
13763.77,13625.55,2020-05-28
13807.53,13666.33,2020-05-27
13767.15,13627.64,2020-05-26
13790.19,13650.44,2020-05-20
13870.69,13728.84,2020-05-19
13966.42,13826.16,2020-05-18
13961.56,13818.78,2020-05-15
14055.14,13913.99,2020-05-14
13952.66,13809.97,2020-05-13
14007.9,13864.65,2020-05-12
14051.0,13909.88,2020-05-11
14186.07,14043.6,2020-05-08
14305.67,14159.33,2020-05-06
14243.71,14098.01,2020-05-05
14198.49,14055.9,2020-05-04
14274.94,14131.58,2020-04-30
14545.19,14396.41,2020-04-29
14511.88,14363.46,2020-04-28
14579.85,14430.74,2020-04-27
14522.69,14375.51,2020-04-24
14582.39,14430.59,2020-04-23
14520.92,14375.1,2020-04-22
14601.3,14454.67,2020-04-21
14493.15,14347.61,2020-04-20
14467.94,14319.99,2020-04-17
14712.48,14562.04,2020-04-16
14739.07,14591.05,2020-04-15
14684.58,14534.41,2020-04-14
14719.56,14569.05,2020-04-13
14982.75,14830.95,2020-04-09
15012.63,14859.15,2020-04-08
15160.92,15005.93,2020-04-07
15277.55,15121.37,2020-04-06
15340.55,15185.09,2020-04-03
15668.38,15508.15,2020-04-02
15300.13,15145.08,2020-04-01
15163.02,15009.37,2020-03-31
15303.58,15144.25,2020-03-30
15047.19,14893.34,2020-03-27
14826.2,14674.7,2020-03-26
15032.14,14878.52,2020-03-24
15148.88,14994.07,2020-03-23
14858.15,14706.3,2020-03-20
14477.45,14328.15,2020-03-19
14266.24,14121.66,2020-03-18
14257.36,14111.51,2020-03-17
13880.22,13735.71,2020-03-16
14162.54,14017.62,2020-03-13
14091.78,13947.52,2020-03-12
13719.61,13579.22,2020-03-11
14038.05,13894.33,2020-03-10
14117.25,13972.67,2020-03-09
13538.23,13399.73,2020-03-06
13263.94,13128.29,2020-03-05
13277.89,13142.09,2020-03-04
13225.79,13090.56,2020-03-03
13410.86,13276.19,2020-03-02
13084.4,12953.02,2020-02-28
12779.47,12648.87,2020-02-27
12718.22,12588.25,2020-02-26
12590.14,12461.5,2020-02-25
12495.35,12367.69,2020-02-24
12366.82,12242.67,2020-02-21
12406.69,12282.13,2020-02-20
12532.35,12404.27,2020-02-19
12525.64,12398.74,2020-02-18
12530.93,12403.99,2020-02-17
12544.89,12416.67,2020-02-14
12503.32,12375.53,2020-02-13
12495.27,12369.81,2020-02-12
12516.54,12389.75,2020-02-11
12544.65,12418.7,2020-02-10
12478.61,12351.07,2020-02-07
12496.87,12370.27,2020-02-06
12595.33,12466.59,2020-02-05
12727.84,12600.04,2020-02-04
12712.77,12582.8,2020-02-03
12588.53,12459.84,2020-01-31
12600.11,12471.3,2020-01-30
12548.92,12420.65,2020-01-29
12589.72,12461.02,2020-01-28
12560.89,12432.48,2020-01-27
12517.28,12390.46,2020-01-24
12488.95,12361.3,2020-01-23
12500.13,12372.37,2020-01-22
12484.12,12356.53,2020-01-21
12453.28,12328.25,2020-01-20
12447.81,12322.83,2020-01-17
12487.53,12362.15,2020-01-16
12534.83,12406.72,2020-01-15
12471.39,12343.93,2020-01-14
12568.69,12442.49,2020-01-13
12675.61,12548.34,2020-01-10
12758.11,12627.69,2020-01-09
12947.18,12817.17,2020-01-08
12899.85,12767.96,2020-01-07
12989.09,12856.27,2020-01-06
12925.42,12793.26,2020-01-03
12852.72,12721.32,2020-01-02
