Date,Open,High,Low,Close,Adj Close,Volume
Apr 10, 2020,0.83,1.31,0.69,0.95,0.95,87364276
Apr 11, 2020,0.95,1.05,0.77,0.78,0.78,43862444
Apr 12, 2020,0.79,0.96,0.76,0.88,0.88,38736897
Apr 13, 2020,0.89,0.89,0.77,0.78,0.78,18211285
Apr 14, 2020,0.78,0.8,0.63,0.66,0.66,16747614
Apr 15, 2020,0.67,0.7,0.62,0.65,0.65,13075275
Apr 16, 2020,0.63,0.77,0.63,0.69,0.69,21346031
Apr 17, 2020,0.69,0.72,0.66,0.66,0.66,9870810
Apr 18, 2020,0.66,0.72,0.66,0.68,0.68,9782112
Apr 19, 2020,0.68,0.68,0.6,0.61,0.61,9289670
Apr 20, 2020,0.61,0.64,0.52,0.54,0.54,8342616
Apr 21, 2020,0.54,0.6,0.51,0.59,0.59,9711507
Apr 22, 2020,0.58,0.71,0.57,0.69,0.69,18828400
Apr 23, 2020,0.69,0.7,0.6,0.63,0.63,13485271
Apr 24, 2020,0.62,0.67,0.61,0.63,0.63,9064190
Apr 25, 2020,0.63,0.67,0.62,0.64,0.64,7311905
Apr 26, 2020,0.65,0.69,0.63,0.64,0.64,8320760
Apr 27, 2020,0.64,0.66,0.56,0.57,0.57,7406934
Apr 28, 2020,0.58,0.69,0.57,0.66,0.66,7470201
Apr 29, 2020,0.66,0.78,0.66,0.75,0.75,8801144
Apr 30, 2020,0.75,0.8,0.69,0.69,0.69,5016892
May 01, 2020,0.69,0.74,0.69,0.73,0.73,4164272
May 02, 2020,0.73,0.75,0.71,0.72,0.72,3441356
May 03, 2020,0.71,0.73,0.66,0.68,0.68,3328344
May 04, 2020,0.68,0.71,0.62,0.67,0.67,3443698
May 05, 2020,0.67,0.69,0.63,0.64,0.64,2847469
May 06, 2020,0.64,0.67,0.62,0.62,0.62,2677563
May 07, 2020,0.62,0.63,0.57,0.61,0.61,3355830
May 08, 2020,0.61,0.64,0.59,0.6,0.6,2488195
May 09, 2020,0.6,0.63,0.59,0.6,0.6,2128503
May 10, 2020,0.6,0.61,0.51,0.54,0.54,2327581
May 11, 2020,0.54,0.57,0.51,0.52,0.52,2098481
May 12, 2020,0.51,0.56,0.51,0.54,0.54,2198625
May 13, 2020,0.54,0.56,0.52,0.55,0.55,2326446
May 14, 2020,0.55,0.58,0.55,0.57,0.57,2047897
May 15, 2020,0.57,0.57,0.55,0.56,0.56,1850070
May 16, 2020,0.56,0.61,0.55,0.6,0.6,2300409
May 17, 2020,0.6,0.64,0.59,0.61,0.61,2936428
May 18, 2020,0.61,0.67,0.61,0.65,0.65,3314359
May 19, 2020,0.65,0.65,0.61,0.62,0.62,2380263
May 20, 2020,0.62,0.63,0.58,0.58,0.58,2302926
May 21, 2020,0.58,0.61,0.54,0.61,0.61,2863017
May 22, 2020,0.61,0.68,0.58,0.64,0.64,3411419
May 23, 2020,0.64,0.64,0.59,0.61,0.61,2638524
May 24, 2020,0.61,0.61,0.55,0.55,0.55,2786816
May 25, 2020,0.55,0.65,0.54,0.6,0.6,4509580
May 26, 2020,0.6,0.61,0.57,0.57,0.57,2689697
May 27, 2020,0.57,0.61,0.57,0.59,0.59,2536916
May 28, 2020,0.59,0.59,0.57,0.58,0.58,2662788
May 29, 2020,0.57,0.59,0.57,0.58,0.58,2066857
May 30, 2020,0.58,0.6,0.57,0.59,0.59,2449095
May 31, 2020,0.59,0.59,0.57,0.57,0.57,1892967
Jun 01, 2020,0.57,0.59,0.57,0.58,0.58,2159877
Jun 02, 2020,0.58,0.59,0.55,0.56,0.56,1295757
Jun 03, 2020,0.56,0.59,0.56,0.59,0.59,877446
Jun 04, 2020,0.59,0.59,0.56,0.59,0.59,901641
Jun 05, 2020,0.59,0.7,0.58,0.66,0.66,4322092
Jun 06, 2020,0.66,0.66,0.61,0.62,0.62,1604055
Jun 07, 2020,0.62,0.62,0.59,0.62,0.62,716785
Jun 08, 2020,0.62,0.68,0.61,0.67,0.67,1440234
Jun 09, 2020,0.67,0.67,0.63,0.66,0.66,988327
Jun 10, 2020,0.66,0.67,0.63,0.64,0.64,1096203
Jun 11, 2020,0.64,0.65,0.57,0.57,0.57,1122221
Jun 12, 2020,0.57,0.6,0.57,0.59,0.59,940323
Jun 13, 2020,0.59,0.61,0.59,0.61,0.61,764757
Jun 14, 2020,0.61,0.62,0.58,0.59,0.59,873416
Jun 15, 2020,0.59,0.59,0.55,0.57,0.57,942666
Jun 16, 2020,0.57,0.59,0.57,0.59,0.59,652020
Jun 17, 2020,0.59,0.59,0.57,0.58,0.58,673274
Jun 18, 2020,0.58,0.65,0.58,0.62,0.62,1349341
Jun 19, 2020,0.62,0.84,0.62,0.68,0.68,6577471
Jun 20, 2020,0.68,0.69,0.63,0.64,0.64,1714405
Jun 21, 2020,0.65,0.75,0.64,0.67,0.67,2238347
Jun 22, 2020,0.67,0.74,0.65,0.73,0.73,1620388
Jun 23, 2020,0.73,0.76,0.7,0.71,0.71,1327340
Jun 24, 2020,0.71,0.8,0.69,0.74,0.74,2769054
Jun 25, 2020,0.74,0.76,0.7,0.71,0.71,1751581
Jun 26, 2020,0.71,0.75,0.68,0.74,0.74,1664662
Jun 27, 2020,0.74,0.75,0.68,0.71,0.71,1681428
Jun 28, 2020,0.71,0.84,0.69,0.8,0.8,3412582
Jun 29, 2020,0.8,0.89,0.77,0.85,0.85,2147791
Jun 30, 2020,0.85,1.03,0.85,0.86,0.86,3887548
Jul 01, 2020,0.86,0.9,0.82,0.83,0.83,1772560
Jul 02, 2020,0.83,0.84,0.75,0.78,0.78,1749581
Jul 03, 2020,0.78,0.79,0.76,0.77,0.77,1144958
Jul 04, 2020,0.77,0.82,0.76,0.78,0.78,1644301
Jul 05, 2020,0.78,0.79,0.64,0.69,0.69,3799016
Jul 06, 2020,0.69,0.72,0.69,0.71,0.71,1120773
Jul 07, 2020,0.71,0.78,0.7,0.75,0.75,1700041
Jul 08, 2020,0.75,0.83,0.74,0.8,0.8,2220223
Jul 09, 2020,0.79,0.88,0.76,0.85,0.85,2668724
Jul 10, 2020,0.85,0.94,0.84,0.91,0.91,1856095
Jul 11, 2020,0.91,0.93,0.86,0.92,0.92,1788814
Jul 12, 2020,0.92,1.13,0.91,1.02,1.02,4693371
Jul 13, 2020,1.02,1.29,1.01,1.18,1.18,4062069
Jul 14, 2020,1.17,1.25,1.12,1.15,1.15,2213135
Jul 15, 2020,1.15,1.4,1.14,1.29,1.29,3355229
Jul 16, 2020,1.28,1.37,0.86,0.87,0.87,7486568
Jul 17, 2020,0.87,1.05,0.8,0.98,0.98,8973774
Jul 18, 2020,0.98,1.0,0.93,0.97,0.97,2923007
Jul 19, 2020,0.97,0.97,0.9,0.92,0.92,2206671
Jul 20, 2020,0.92,0.92,0.85,0.87,0.87,3036871
Jul 21, 2020,0.87,1.01,0.86,0.98,0.98,4299502
Jul 22, 2020,0.98,1.1,0.97,1.04,1.04,5295002
Jul 23, 2020,1.05,1.1,1.0,1.05,1.05,2970423
Jul 24, 2020,1.05,1.05,0.97,1.0,1.0,1991763
Jul 25, 2020,1.0,1.43,1.0,1.25,1.25,9978279
Jul 26, 2020,1.24,1.62,1.24,1.57,1.57,10463130
Jul 27, 2020,1.57,2.04,1.56,1.78,1.78,32838355
Jul 28, 2020,1.78,1.86,1.61,1.78,1.78,9692632
Jul 29, 2020,1.79,2.1,1.59,1.66,1.66,10348945
Jul 30, 2020,1.66,1.8,1.64,1.69,1.69,5222980
Jul 31, 2020,1.69,1.69,1.51,1.54,1.54,4822046
Aug 01, 2020,1.53,1.66,1.5,1.53,1.53,4589882
Aug 02, 2020,1.53,1.75,1.41,1.74,1.74,7216576
Aug 03, 2020,1.73,1.83,1.67,1.8,1.8,5836036
Aug 04, 2020,1.8,1.95,1.79,1.87,1.87,5495665
Aug 05, 2020,1.87,1.89,1.71,1.75,1.75,5405764
Aug 06, 2020,1.75,2.23,1.75,2.21,2.21,11143557
Aug 07, 2020,2.2,2.2,1.89,2.09,2.09,8068102
Aug 08, 2020,2.08,2.57,2.03,2.47,2.47,10919229
Aug 09, 2020,2.47,2.71,2.3,2.67,2.67,12107837
Aug 10, 2020,2.67,3.4,2.53,3.13,3.13,22863251
Aug 11, 2020,3.13,3.49,2.75,3.3,3.3,36356155
Aug 12, 2020,3.31,3.92,3.1,3.77,3.77,28461707
Aug 13, 2020,3.77,4.16,3.53,3.76,3.76,28236179
Aug 14, 2020,3.76,3.79,3.33,3.41,3.41,18427950
Aug 15, 2020,3.41,3.72,3.17,3.18,3.18,13155762
Aug 16, 2020,3.19,3.47,3.14,3.39,3.39,10395313
Aug 17, 2020,3.39,3.39,3.09,3.1,3.1,10723919
Aug 18, 2020,3.1,3.71,2.89,3.33,3.33,30350145
Aug 19, 2020,3.33,3.48,2.84,2.9,2.9,14838389
Aug 20, 2020,2.9,3.43,2.9,3.21,3.21,13756478
Aug 21, 2020,3.21,3.22,2.91,2.94,2.94,11796736
Aug 22, 2020,2.95,3.19,2.76,3.02,3.02,10296805
Aug 23, 2020,3.02,3.4,3.02,3.32,3.32,11991402
Aug 24, 2020,3.31,3.61,3.22,3.34,3.34,15785208
Aug 25, 2020,3.35,3.36,3.03,3.26,3.26,13444308
Aug 26, 2020,3.27,3.8,3.19,3.56,3.56,22147431
Aug 27, 2020,3.56,3.85,3.29,3.45,3.45,21031356
Aug 28, 2020,3.45,4.31,3.45,4.01,4.01,27212888
Aug 29, 2020,4.01,4.11,3.79,3.97,3.97,14585964
Aug 30, 2020,3.97,4.71,3.92,4.44,4.44,22220239
Aug 31, 2020,4.42,4.87,4.11,4.78,4.78,20950150
Sep 01, 2020,4.78,4.94,4.34,4.34,4.34,16944927
Sep 02, 2020,4.35,4.36,3.71,4.16,4.16,23655802
Sep 03, 2020,4.17,4.44,3.53,3.53,3.53,26473634
Sep 04, 2020,3.52,3.83,3.2,3.55,3.55,17729340
Sep 05, 2020,3.55,3.66,2.19,2.6,2.6,25062205
Sep 06, 2020,2.6,3.18,2.29,3.09,3.09,20375890
Sep 07, 2020,3.09,3.19,2.39,2.93,2.93,17135013
Sep 08, 2020,2.93,2.94,2.4,2.47,2.47,10163725
Sep 09, 2020,2.47,3.75,2.39,3.64,3.64,52354542
Sep 10, 2020,3.64,3.85,3.32,3.47,3.47,31177875
Sep 11, 2020,3.47,3.5,3.04,3.43,3.43,17090627
Sep 12, 2020,3.42,3.47,3.15,3.33,3.33,10368518
Sep 13, 2020,3.34,3.47,3.01,3.23,3.23,15316353
Sep 14, 2020,3.23,3.52,3.09,3.27,3.27,21301450
Sep 15, 2020,3.27,3.32,2.92,2.94,2.94,11992538
Sep 16, 2020,2.94,2.94,2.45,2.55,2.55,24199804
Sep 17, 2020,2.55,2.93,2.37,2.89,2.89,23792220
Sep 18, 2020,2.89,3.16,2.74,3.11,3.11,23510207
Sep 19, 2020,3.11,3.25,2.97,3.03,3.03,10763973
Sep 20, 2020,3.03,3.03,2.72,2.87,2.87,9217295
Sep 21, 2020,2.87,3.03,2.5,2.78,2.78,19492894
Sep 22, 2020,2.77,2.99,2.67,2.92,2.92,18556523
Sep 23, 2020,2.93,3.07,2.75,2.84,2.84,16096650
Sep 24, 2020,2.84,3.25,2.8,3.13,3.13,18993326
Sep 25, 2020,3.15,3.27,2.91,3.19,3.19,15935143
Sep 26, 2020,3.19,3.2,3.04,3.13,3.13,11018475
Sep 27, 2020,3.13,3.17,3.01,3.15,3.15,9734368
Sep 28, 2020,3.15,3.2,2.94,2.96,2.96,10950201
Sep 29, 2020,2.96,3.01,2.9,2.95,2.95,8821253
Sep 30, 2020,2.95,2.98,2.84,2.9,2.9,7767702
Oct 01, 2020,2.9,2.99,2.66,2.86,2.86,10825966
Oct 02, 2020,2.86,2.88,2.46,2.63,2.63,15856539
Oct 03, 2020,2.63,2.67,2.55,2.55,2.55,6155891
Oct 04, 2020,2.54,2.59,2.43,2.52,2.52,7075729
Oct 05, 2020,2.52,2.66,2.47,2.66,2.66,8105684
Oct 06, 2020,2.66,2.66,2.15,2.18,2.18,9739071
Oct 07, 2020,2.18,2.39,2.1,2.29,2.29,11759752
Oct 08, 2020,2.3,2.43,2.03,2.37,2.37,14931922
Oct 09, 2020,2.37,2.63,2.32,2.54,2.54,12002959
Oct 10, 2020,2.54,2.59,2.4,2.41,2.41,8842884
Oct 11, 2020,2.41,2.46,2.34,2.43,2.43,7170647
Oct 12, 2020,2.43,2.7,2.42,2.59,2.59,12289969
Oct 13, 2020,2.58,2.58,2.35,2.4,2.4,11415737
Oct 14, 2020,2.41,2.44,2.25,2.31,2.31,9436239
Oct 15, 2020,2.31,2.34,2.2,2.27,2.27,8332483
Oct 16, 2020,2.27,2.27,2.13,2.15,2.15,13637728
Oct 17, 2020,2.15,2.24,2.13,2.2,2.2,6612612
Oct 18, 2020,2.2,2.25,2.18,2.21,2.21,6294162
Oct 19, 2020,2.21,2.21,2.05,2.06,2.06,8248860
Oct 20, 2020,2.06,2.1,1.85,1.89,1.89,13129043
Oct 21, 2020,1.89,2.07,1.86,1.89,1.89,19275509
Oct 22, 2020,1.89,2.08,1.89,1.96,1.96,11445663
Oct 23, 2020,1.96,1.98,1.85,1.96,1.96,11497445
Oct 24, 2020,1.96,1.96,1.88,1.91,1.91,7581827
Oct 25, 2020,1.91,1.92,1.77,1.79,1.79,9092334
Oct 26, 2020,1.79,1.86,1.63,1.69,1.69,13396736
Oct 27, 2020,1.69,1.75,1.61,1.71,1.71,14384427
Oct 28, 2020,1.71,1.72,1.39,1.49,1.49,17089719
Oct 29, 2020,1.49,1.57,1.41,1.43,1.43,8024138
Oct 30, 2020,1.43,1.47,1.34,1.44,1.44,8528336
Oct 31, 2020,1.44,1.55,1.43,1.54,1.54,6449388
Nov 01, 2020,1.54,1.64,1.51,1.6,1.6,6877557
Nov 02, 2020,1.6,1.63,1.47,1.47,1.47,6366346
Nov 03, 2020,1.47,1.48,1.41,1.41,1.41,6536977
Nov 04, 2020,1.41,1.41,1.28,1.39,1.39,11406316
Nov 05, 2020,1.39,1.49,1.3,1.41,1.41,8924132
Nov 06, 2020,1.41,1.94,1.4,1.91,1.91,22547497
Nov 07, 2020,1.91,2.48,1.84,2.03,2.03,51426100
Nov 08, 2020,2.03,2.26,1.97,2.16,2.16,25931043
Nov 09, 2020,2.16,2.19,1.96,2.03,2.03,18210626
Nov 10, 2020,2.03,2.31,2.01,2.25,2.25,16170833
Nov 11, 2020,2.25,2.28,1.97,2.0,2.0,13877949
Nov 12, 2020,2.0,2.05,1.83,1.9,1.9,11506048
Nov 13, 2020,1.9,2.06,1.9,2.02,2.02,11621744
Nov 14, 2020,2.02,2.03,1.88,1.92,1.92,8134593
Nov 15, 2020,1.92,2.21,1.92,2.04,2.04,18621333
Nov 16, 2020,2.04,2.36,1.99,2.26,2.26,22156135
Nov 17, 2020,2.28,2.32,2.13,2.2,2.2,17074175
Nov 18, 2020,2.2,2.21,2.01,2.12,2.12,14629648
Nov 19, 2020,2.12,2.18,2.02,2.08,2.08,10155987
Nov 20, 2020,2.08,2.23,2.06,2.1,2.1,11113990
Nov 21, 2020,2.1,2.5,2.05,2.38,2.38,20288343
Nov 22, 2020,2.38,2.4,2.05,2.14,2.14,16416065
Nov 23, 2020,2.14,2.35,2.12,2.28,2.28,15487339
Nov 24, 2020,2.28,2.47,2.14,2.27,2.27,25036626
Nov 25, 2020,2.27,2.48,2.18,2.27,2.27,24870951
Nov 26, 2020,2.27,2.29,1.74,1.9,1.9,33038223
Nov 27, 2020,1.9,1.97,1.78,1.86,1.86,13307808
Nov 28, 2020,1.86,1.94,1.81,1.89,1.89,11661883
Nov 29, 2020,1.89,1.94,1.86,1.92,1.92,6139511
Nov 30, 2020,1.92,2.01,1.91,1.97,1.97,8716571
Dec 01, 2020,1.97,2.13,1.93,1.98,1.98,12847022
Dec 02, 2020,1.98,2.19,1.96,2.12,2.12,15849828
Dec 03, 2020,2.12,2.22,2.09,2.1,2.1,18106122
Dec 04, 2020,2.1,2.11,1.85,1.86,1.86,9019864
Dec 05, 2020,1.86,1.98,1.83,1.98,1.98,7750781
Dec 06, 2020,1.98,1.98,1.82,1.85,1.85,7167230
Dec 07, 2020,1.85,1.9,1.81,1.83,1.83,6425070
Dec 08, 2020,1.83,1.83,1.65,1.67,1.67,11304051
Dec 09, 2020,1.66,1.67,1.5,1.66,1.66,10461119
Dec 10, 2020,1.66,1.67,1.55,1.57,1.57,6167983
Dec 11, 2020,1.57,1.58,1.44,1.44,1.44,8273918
Dec 12, 2020,1.44,1.54,1.44,1.49,1.49,7085231
Dec 13, 2020,1.49,1.64,1.46,1.57,1.57,8389349
Dec 14, 2020,1.57,1.62,1.52,1.59,1.59,8672052
Dec 15, 2020,1.59,1.8,1.59,1.76,1.76,19470080
Dec 16, 2020,1.76,1.79,1.61,1.78,1.78,18277631
Dec 17, 2020,1.78,1.8,1.66,1.68,1.68,15461477
Dec 18, 2020,1.68,1.71,1.64,1.7,1.7,7879397
Dec 19, 2020,1.7,1.76,1.66,1.67,1.67,9095045
Dec 20, 2020,1.67,1.68,1.53,1.56,1.56,9093229
Dec 21, 2020,1.56,1.62,1.5,1.54,1.54,8333991
Dec 22, 2020,1.54,1.57,1.47,1.49,1.49,11066565
Dec 23, 2020,1.49,1.51,1.09,1.21,1.21,16776307
Dec 24, 2020,1.21,1.38,1.17,1.36,1.36,9236939
Dec 25, 2020,1.36,1.45,1.35,1.45,1.45,9359549
Dec 26, 2020,1.45,1.45,1.31,1.32,1.32,6798656
Dec 27, 2020,1.33,1.41,1.27,1.3,1.3,12286531
Dec 28, 2020,1.3,1.52,1.29,1.52,1.52,12668150
Dec 29, 2020,1.52,1.73,1.44,1.67,1.67,26355259
Dec 30, 2020,1.67,1.68,1.53,1.54,1.54,12663616
Dec 31, 2020,1.54,1.55,1.43,1.51,1.51,12763260
Jan 01, 2021,1.51,1.86,1.5,1.84,1.84,25722549
Jan 02, 2021,1.85,1.99,1.72,1.8,1.8,31671064
Jan 03, 2021,1.8,2.36,1.8,2.16,2.16,55073422
Jan 04, 2021,2.16,2.49,1.88,2.49,2.49,59955405
Jan 05, 2021,2.49,2.5,2.08,2.16,2.16,50555207
Jan 06, 2021,2.16,2.19,1.91,1.93,1.93,50263975
Jan 07, 2021,1.94,2.61,1.93,2.37,2.37,159870278
Jan 08, 2021,2.37,3.78,2.18,3.22,3.22,206412154
Jan 09, 2021,3.22,3.66,2.94,3.39,3.39,91906875
Jan 10, 2021,3.39,3.73,3.2,3.47,3.47,62766977
Jan 11, 2021,3.46,3.51,2.6,3.11,3.11,82877500
Jan 12, 2021,3.1,3.84,3.08,3.61,3.61,73484689
Jan 13, 2021,3.63,3.63,3.27,3.51,3.51,57994893
Jan 14, 2021,3.52,3.54,3.18,3.28,3.28,59283112
Jan 15, 2021,3.28,3.44,2.99,3.25,3.25,45331739
Jan 16, 2021,3.25,3.7,3.25,3.45,3.45,68035606
Jan 17, 2021,3.43,3.97,3.32,3.82,3.82,85407766
Jan 18, 2021,3.82,4.15,3.66,3.8,3.8,70601713
Jan 19, 2021,3.79,4.03,3.61,3.64,3.64,44547768
Jan 20, 2021,3.64,3.74,3.34,3.72,3.72,46698656
Jan 21, 2021,3.72,3.73,2.98,2.99,2.99,43834765
Jan 22, 2021,2.99,3.5,2.54,3.35,3.35,63361382
Jan 23, 2021,3.34,3.6,3.32,3.5,3.5,27904470
Jan 24, 2021,3.51,3.79,3.49,3.63,3.63,32747555
Jan 25, 2021,3.63,3.97,3.45,3.7,3.7,80055958
Jan 26, 2021,3.7,4.1,3.68,4.05,4.05,78823456
Jan 27, 2021,4.05,4.05,3.53,3.69,3.69,35195110
Jan 28, 2021,3.69,3.94,3.61,3.82,3.82,31410527
Jan 29, 2021,3.86,3.89,3.64,3.83,3.83,44053151
Jan 30, 2021,3.84,4.31,3.77,4.22,4.22,53378198
Jan 31, 2021,4.24,4.79,4.17,4.26,4.26,78376267
Feb 01, 2021,4.26,4.61,4.12,4.61,4.61,39361629
Feb 02, 2021,4.61,5.4,4.48,5.27,5.27,98755962
Feb 03, 2021,5.25,5.78,5.07,5.72,5.72,49386327
Feb 04, 2021,5.73,6.53,5.6,6.43,6.43,108249482
Feb 05, 2021,6.44,7.13,6.43,6.68,6.68,92892157
Feb 06, 2021,6.69,6.8,5.71,6.11,6.11,102365494
Feb 07, 2021,6.12,6.87,5.77,6.7,6.7,105451103
Feb 08, 2021,6.7,8.06,6.49,7.88,7.88,155254261
Feb 09, 2021,7.87,8.47,7.57,7.82,7.82,121037873
Feb 10, 2021,7.82,9.07,7.61,9.07,9.07,120679902
Feb 11, 2021,9.08,9.71,8.76,9.22,9.22,53600048
Feb 12, 2021,9.21,9.92,9.08,9.25,9.25,91484664
Feb 13, 2021,9.24,9.5,8.68,8.73,8.73,91417968
Feb 14, 2021,8.74,9.22,8.56,8.74,8.74,93500423
Feb 15, 2021,8.72,9.31,7.84,8.86,8.86,109854635
Feb 16, 2021,8.86,8.98,7.98,8.3,8.3,71625205
Feb 17, 2021,8.3,8.43,7.54,8.22,8.22,89948578
Feb 18, 2021,8.23,9.28,8.23,8.98,8.98,77306770
Feb 19, 2021,8.98,11.68,8.56,11.47,11.47,261175711
Feb 20, 2021,11.48,11.79,9.82,10.0,10.0,140264810
Feb 21, 2021,9.99,11.64,9.89,11.09,11.09,137742366
Feb 22, 2021,11.07,14.55,9.26,14.45,14.45,574136241
Feb 23, 2021,14.42,15.74,11.6,15.2,15.2,485252846
Feb 24, 2021,15.21,18.15,14.86,17.3,17.3,375439707
Feb 25, 2021,17.23,17.7,13.8,13.82,13.82,364505276
Feb 26, 2021,13.87,15.48,13.12,13.59,13.59,289687328
Feb 27, 2021,13.6,14.61,13.06,13.2,13.2,247640940
Feb 28, 2021,13.21,13.78,11.49,13.09,13.09,300493226
Mar 01, 2021,13.11,15.52,13.06,14.96,14.96,306451693
Mar 02, 2021,14.97,15.22,13.46,13.96,13.96,178549852
Mar 03, 2021,13.96,14.73,13.77,14.12,14.12,153830742
Mar 04, 2021,14.09,14.26,12.77,13.1,13.1,116364466
Mar 05, 2021,13.07,13.08,12.18,12.61,12.61,90978408
Mar 06, 2021,12.57,13.27,11.9,13.04,13.04,118851546
Mar 07, 2021,13.04,14.0,12.73,13.88,13.88,117548176
Mar 08, 2021,13.83,13.87,13.08,13.6,13.6,115525659
Mar 09, 2021,13.62,14.99,13.32,14.85,14.85,134867044
Mar 10, 2021,14.85,15.19,14.08,14.23,14.23,103150901
Mar 11, 2021,14.22,16.24,13.7,15.99,15.99,229272516
Mar 12, 2021,16.02,16.49,14.11,14.55,14.55,185287457
Mar 13, 2021,14.56,15.39,13.92,15.31,15.31,145102757
Mar 14, 2021,15.3,15.35,14.38,14.51,14.51,90232804
Mar 15, 2021,14.48,14.79,13.7,14.19,14.19,102600692
Mar 16, 2021,14.16,14.28,13.23,13.62,13.62,112303590
Mar 17, 2021,13.63,14.27,13.13,14.22,14.22,94696339
Mar 18, 2021,14.21,14.75,13.83,14.23,14.23,79074263
Mar 19, 2021,14.23,14.49,13.93,14.2,14.2,68715211
Mar 20, 2021,14.2,14.98,14.15,14.21,14.21,68049683
Mar 21, 2021,14.22,14.37,13.67,14.33,14.33,64229338
Mar 22, 2021,14.35,16.6,14.2,14.92,14.92,260995136
Mar 23, 2021,14.85,15.24,14.1,14.2,14.2,106780662
Mar 24, 2021,14.19,15.37,13.66,13.66,13.66,118813690
Mar 25, 2021,13.65,13.71,12.61,13.03,13.03,116277943
Mar 26, 2021,13.02,14.8,12.37,14.78,14.78,149987319
Mar 27, 2021,14.79,16.8,14.76,16.51,16.51,223872587
Mar 28, 2021,16.48,19.39,16.35,18.02,18.02,426120062
Mar 29, 2021,18.08,18.99,17.7,18.85,18.85,216748601
Mar 30, 2021,18.89,20.87,18.89,19.23,19.23,264028427
Mar 31, 2021,19.1,19.8,18.16,19.47,19.47,206011018
Apr 01, 2021,19.42,20.36,18.84,19.08,19.08,173731886
Apr 02, 2021,19.08,19.82,18.57,19.81,19.81,131061660
Apr 03, 2021,19.8,23.83,19.79,22.55,22.55,483057740
Apr 04, 2021,22.53,25.57,22.21,24.06,24.06,426557980
Apr 05, 2021,23.93,24.78,22.81,22.98,22.98,264085329
Apr 06, 2021,22.98,25.35,21.88,24.96,24.96,320886935
Apr 07, 2021,25.15,27.49,23.09,26.48,26.48,676846221
Apr 08, 2021,26.51,27.97,25.72,27.03,27.03,377988327
Apr 09, 2021,26.99,29.01,26.9,27.78,27.78,282477938
Apr 10, 2021,27.65,28.26,25.96,26.84,26.84,270235258
Apr 11, 2021,26.81,28.69,25.58,27.93,27.93,232938762
Apr 12, 2021,27.92,29.86,26.84,28.51,28.51,308804546
Apr 13, 2021,28.54,28.8,26.42,27.44,27.44,258183912
Apr 14, 2021,27.4,27.48,24.79,26.48,26.48,342565805
Apr 15, 2021,26.44,28.25,25.54,27.82,27.82,221346739
Apr 16, 2021,27.82,28.23,24.97,25.4,25.4,240665351
Apr 17, 2021,25.37,26.82,25.1,25.1,25.1,201720376
Apr 18, 2021,25.14,32.9,21.54,32.3,32.3,1155150688
Apr 19, 2021,32.34,36.08,29.93,31.68,31.68,1219130981
Apr 20, 2021,31.48,32.7,28.93,31.77,31.77,793008154
Apr 21, 2021,31.68,35.0,30.17,32.51,32.51,729130141
Apr 22, 2021,32.68,40.97,31.6,38.88,38.88,1638622971
Apr 23, 2021,38.9,41.46,31.66,36.98,36.98,1612232268
Apr 24, 2021,37.26,43.53,34.68,40.74,40.74,1101380795
Apr 25, 2021,40.85,48.43,40.51,47.37,47.37,1583800800
Apr 26, 2021,47.54,48.31,43.37,43.98,43.98,1357487872
Apr 27, 2021,43.89,46.55,42.56,43.24,43.24,904891996
Apr 28, 2021,43.16,46.92,40.67,44.83,44.83,1021154320
Apr 29, 2021,44.85,46.07,40.95,42.46,42.46,772259307
Apr 30, 2021,42.5,44.27,41.24,42.96,42.96,534976437
May 01, 2021,42.89,49.84,42.03,49.51,49.51,859524423
May 02, 2021,49.5,49.9,45.98,46.89,46.89,571072187
May 03, 2021,46.9,49.01,45.04,45.93,45.93,609194252
May 04, 2021,45.98,47.76,42.31,42.73,42.73,682976428
May 05, 2021,42.64,45.93,42.32,44.92,44.92,503781975
May 06, 2021,44.97,44.97,42.59,43.46,43.46,391497018
May 07, 2021,43.5,46.06,41.44,43.16,43.16,514344601
May 08, 2021,43.15,46.64,42.3,45.56,45.56,451056655
May 09, 2021,45.62,47.12,43.3,44.33,44.33,510603312
May 10, 2021,44.34,45.88,39.56,42.91,42.91,499528076
May 11, 2021,42.87,45.15,39.76,44.58,44.58,473731333
May 12, 2021,44.59,48.98,42.46,42.46,42.46,1151668076
May 13, 2021,43.24,45.42,37.53,41.0,41.0,1016860656
May 14, 2021,41.03,44.79,39.99,42.72,42.72,504167711
May 15, 2021,42.7,45.39,39.37,43.46,43.46,500445722
May 16, 2021,43.4,52.5,41.92,47.2,47.2,1990976771
May 17, 2021,46.9,51.88,43.3,46.86,46.86,1951921366
May 18, 2021,46.66,58.3,46.19,55.91,55.91,2025388219
May 19, 2021,56.09,57.53,29.43,35.11,35.11,2772224999
May 20, 2021,35.04,51.26,32.32,44.74,44.74,2487748626
May 21, 2021,44.45,47.65,33.84,38.81,38.81,1769762028
May 22, 2021,38.99,40.01,31.25,31.32,31.32,1078751751
May 23, 2021,31.23,32.44,19.14,24.69,24.69,1925832341
May 24, 2021,24.5,32.09,24.5,31.28,31.28,1346786023
May 25, 2021,31.4,33.13,26.1,30.0,30.0,909470305
May 26, 2021,30.05,37.24,29.01,35.54,35.54,1069991365
May 27, 2021,35.48,35.53,31.13,33.58,33.58,649389058
May 28, 2021,33.68,34.5,28.07,29.04,29.04,600255582
May 29, 2021,29.0,30.02,25.75,27.38,27.38,376859866
May 30, 2021,27.41,29.75,25.65,28.6,28.6,359661704
May 31, 2021,28.6,32.98,27.52,32.82,32.82,534826504
Jun 01, 2021,32.77,33.29,29.88,30.99,30.99,432053117
Jun 02, 2021,30.94,35.04,30.43,33.96,33.96,497567418
Jun 03, 2021,34.02,41.15,33.79,39.47,39.47,960056106
Jun 04, 2021,39.58,39.61,34.31,37.42,37.42,1056279506
Jun 05, 2021,37.42,42.82,37.1,39.59,39.59,1112426664
Jun 06, 2021,39.75,43.38,38.96,42.31,42.31,794387364
Jun 07, 2021,42.25,44.1,38.09,38.26,38.26,923157614
Jun 08, 2021,38.25,42.48,33.69,41.52,41.52,1786996802
Jun 09, 2021,41.28,44.0,39.37,42.03,42.03,1218831041
Jun 10, 2021,42.02,43.0,39.6,41.1,41.1,595246689
Jun 11, 2021,41.11,41.31,35.31,36.05,36.05,518666603
Jun 12, 2021,36.16,37.61,34.32,36.44,36.44,549070417
Jun 13, 2021,36.51,39.36,34.78,38.77,38.77,452988674
Jun 14, 2021,38.7,40.48,36.81,38.71,38.71,477871463
Jun 15, 2021,40.54,41.76,39.44,41.15,41.15,605285143
Jun 16, 2021,39.55,41.5,37.5,39.7,39.7,576016902
Jun 17, 2021,39.69,41.24,38.29,39.26,39.26,417775600
Jun 18, 2021,39.27,39.43,35.0,36.65,36.65,424163369
Jun 19, 2021,36.82,37.35,34.98,35.35,35.35,264640750
Jun 20, 2021,35.24,35.93,31.36,35.32,35.32,452587531
Jun 21, 2021,35.26,35.5,25.95,26.66,26.66,760344541
Jun 22, 2021,26.59,28.71,20.38,26.77,26.77,1258580061
Jun 23, 2021,26.91,32.77,25.7,30.05,30.05,1111302687
Jun 24, 2021,30.85,32.99,28.55,31.18,31.18,641150364
Jun 25, 2021,31.17,32.9,28.04,28.7,28.7,632052177
Jun 26, 2021,28.61,30.01,26.71,29.71,29.71,560342710
Jun 27, 2021,29.75,31.93,29.27,31.93,31.93,497353288
Jun 28, 2021,31.88,34.24,31.04,32.93,32.93,473612135
Jun 29, 2021,33.01,35.79,32.73,33.87,33.87,471854279
Jun 30, 2021,33.96,35.95,31.6,35.56,35.56,570984168
Jul 01, 2021,35.51,35.54,32.39,33.4,33.4,474665321
Jul 02, 2021,33.31,34.03,31.48,34.02,34.02,440298780
Jul 03, 2021,34.02,35.4,33.3,34.48,34.48,327019964
Jul 04, 2021,34.5,35.5,33.56,34.31,34.31,303420520
Jul 05, 2021,34.28,34.46,32.48,32.98,32.98,313839322
Jul 06, 2021,32.93,34.98,32.93,34.27,34.27,365336040
Jul 07, 2021,34.23,38.01,33.84,36.59,36.59,519252659
Jul 08, 2021,36.72,36.92,32.8,33.2,33.2,498201257
Jul 09, 2021,33.13,34.39,31.99,33.26,33.26,327170629
Jul 10, 2021,33.32,34.14,31.19,31.79,31.79,296566657
Jul 11, 2021,31.69,32.54,31.41,32.18,32.18,211679810
Jul 12, 2021,32.17,32.64,30.07,30.85,30.85,221058993
Jul 13, 2021,30.79,31.09,28.92,29.12,29.12,197825362
Jul 14, 2021,29.14,31.44,27.52,31.28,31.28,331866434
Jul 15, 2021,31.36,31.48,28.01,28.45,28.45,329918376
Jul 16, 2021,28.55,29.44,26.23,26.37,26.37,374718328
Jul 17, 2021,26.25,27.7,26.04,26.72,26.72,289689475
Jul 18, 2021,26.78,27.73,26.36,26.75,26.75,230336396
Jul 19, 2021,26.67,26.72,24.01,24.45,24.45,361915410
Jul 20, 2021,24.51,24.98,22.18,23.49,23.49,413439963
Jul 21, 2021,23.44,27.42,22.87,26.62,26.62,555770206
Jul 22, 2021,26.67,28.14,25.95,27.7,27.7,364666998
Jul 23, 2021,27.71,28.69,26.43,28.51,28.51,407955237
Jul 24, 2021,28.52,29.51,28.07,28.7,28.7,353750758
Jul 25, 2021,28.65,28.87,26.53,28.17,28.17,309208018
Jul 26, 2021,28.23,31.05,27.9,28.31,28.31,743673802
Jul 27, 2021,28.21,28.95,27.01,28.07,28.07,375599550
Jul 28, 2021,28.15,28.75,27.41,27.82,27.82,315682626
Jul 29, 2021,27.88,31.89,27.37,31.28,31.28,448009571
Jul 30, 2021,31.28,33.06,30.07,32.39,32.39,617830199
Jul 31, 2021,32.35,36.87,31.68,36.83,36.83,587168181
Aug 01, 2021,36.68,36.72,33.28,34.25,34.25,490639931
Aug 02, 2021,34.19,35.91,33.06,33.22,33.22,407399691
Aug 03, 2021,33.19,35.83,32.4,34.0,34.0,474629269
Aug 04, 2021,34.11,36.65,33.27,35.76,35.76,413657602
Aug 05, 2021,35.77,38.21,35.53,37.36,37.36,595137193
Aug 06, 2021,37.36,40.39,35.69,39.45,39.45,589190671
Aug 07, 2021,39.49,40.51,37.63,39.4,39.4,534979916
Aug 08, 2021,39.47,39.53,36.94,37.67,37.67,358570315
Aug 09, 2021,37.66,40.0,36.48,38.77,38.77,377034585
Aug 10, 2021,38.68,41.66,38.22,40.64,40.64,452480699
Aug 11, 2021,40.65,43.74,40.63,41.74,41.74,507980107
Aug 12, 2021,41.7,43.4,39.38,41.1,41.1,527833804
Aug 13, 2021,41.11,44.9,40.72,44.89,44.89,541894525
Aug 14, 2021,44.85,44.87,42.94,44.11,44.11,363834257
Aug 15, 2021,44.15,54.63,43.45,53.75,53.75,1448656564
Aug 16, 2021,53.54,68.82,52.47,62.43,62.43,3799339365
Aug 17, 2021,62.12,74.89,58.98,64.21,64.21,4043742154
Aug 18, 2021,64.17,80.12,60.27,72.54,72.54,4507409622
Aug 19, 2021,72.84,75.09,68.61,72.76,72.76,2467398203
Aug 20, 2021,72.75,79.99,70.94,78.72,78.72,1844455899
Aug 21, 2021,78.7,81.81,72.7,73.76,73.76,1513097171
Aug 22, 2021,73.87,77.48,71.55,72.8,72.8,968933849
Aug 23, 2021,72.77,76.71,71.68,75.71,75.71,1372134245
Aug 24, 2021,75.78,79.37,68.62,70.67,70.67,2153611667
Aug 25, 2021,70.68,72.7,66.22,71.95,71.95,1551240766
Aug 26, 2021,71.97,78.06,66.26,75.32,75.32,2713050538
Aug 27, 2021,74.81,88.85,72.72,88.09,88.09,3263988286
Aug 28, 2021,88.0,97.84,85.79,96.7,96.7,2580080503
Aug 29, 2021,96.56,97.78,90.99,94.47,94.47,1830344091
Aug 30, 2021,94.34,116.85,94.04,110.54,110.54,5274104165
Aug 31, 2021,109.76,130.01,103.35,108.48,108.48,7590894022
Sep 01, 2021,107.44,119.53,106.27,111.03,111.03,3974443896
Sep 02, 2021,110.73,131.96,109.65,128.1,128.1,5074399603
Sep 03, 2021,128.39,148.83,128.39,146.58,146.58,7526373837
Sep 04, 2021,146.42,150.43,136.45,139.11,139.11,3970422964
Sep 05, 2021,138.99,145.0,135.08,142.07,142.07,2996918105
Sep 06, 2021,142.06,165.88,138.04,164.38,164.38,5774090688
Sep 07, 2021,164.18,194.82,133.1,173.15,173.15,17068643416
Sep 08, 2021,173.28,197.99,147.99,191.04,191.04,13187213606
Sep 09, 2021,209.47,214.96,181.45,188.2,188.2,12676272744
Sep 10, 2021,187.61,196.95,168.69,179.87,179.87,7087524572
Sep 11, 2021,179.37,193.41,175.57,178.87,178.87,5367389010
Sep 12, 2021,179.23,181.57,170.58,174.54,174.54,3012633094
Sep 13, 2021,174.42,174.93,150.97,169.27,169.27,6437530449
Sep 14, 2021,169.77,171.3,143.55,158.09,158.09,5799758794
Sep 15, 2021,158.42,166.18,154.24,159.12,159.12,3908939772
Sep 16, 2021,158.81,163.12,147.65,152.47,152.47,3215168472
Sep 17, 2021,152.35,153.44,135.25,147.59,147.59,4675731485
Sep 18, 2021,147.45,171.14,144.39,169.18,169.18,5415012910
Sep 19, 2021,169.23,170.65,151.25,152.52,152.52,3350530308
Sep 20, 2021,152.79,153.39,131.26,132.13,132.13,5623667250
Sep 21, 2021,132.76,144.47,116.34,123.95,123.95,5243953819
Sep 22, 2021,124.18,150.94,122.35,147.92,147.92,4952222859
Sep 23, 2021,148.06,152.36,143.2,149.75,149.75,3389212044
Sep 24, 2021,149.94,151.2,128.8,139.4,139.4,3852350632
Sep 25, 2021,139.3,144.07,134.11,136.18,136.18,2037106949
Sep 26, 2021,136.22,140.78,125.12,135.7,135.7,2674182809
Sep 27, 2021,135.93,148.5,133.98,136.73,136.73,2867246888
Sep 28, 2021,136.51,139.29,128.24,131.54,131.54,2422542861
Sep 29, 2021,132.34,140.04,131.23,135.35,135.35,2428105040
Sep 30, 2021,135.41,142.85,134.31,141.07,141.07,2244376110
Oct 01, 2021,141.38,164.74,138.44,161.68,161.68,4387488320
Oct 02, 2021,161.59,174.9,156.32,169.09,169.09,3471658582
Oct 03, 2021,169.11,176.97,166.07,172.59,172.59,3149579954
Oct 04, 2021,172.96,172.96,162.77,166.73,166.73,3109040100
Oct 05, 2021,166.99,169.98,160.59,164.12,164.12,2541087419
Oct 06, 2021,164.61,165.36,150.77,154.11,154.11,3259712887
Oct 07, 2021,153.96,161.36,150.54,154.28,154.28,2579187256
Oct 08, 2021,154.26,168.85,152.76,158.95,158.95,2781848650
Oct 09, 2021,158.7,161.41,154.87,156.83,156.83,1522023824
Oct 10, 2021,156.75,158.36,146.9,148.05,148.05,1556965341
Oct 11, 2021,147.8,153.92,140.36,144.86,144.86,1851795187
Oct 12, 2021,145.01,153.26,137.81,152.74,152.74,2853992440
Oct 13, 2021,152.52,155.35,144.41,148.18,148.18,2105226551
Oct 14, 2021,148.02,155.33,147.33,149.76,149.76,1948101208
Oct 15, 2021,150.05,165.12,146.98,162.6,162.6,3970589003
Oct 16, 2021,163.01,164.71,156.74,157.54,157.54,1531502795
Oct 17, 2021,157.46,167.43,154.09,159.74,159.74,2168838138
Oct 18, 2021,160.0,162.86,155.03,157.23,157.23,1698878759
Oct 19, 2021,157.21,159.41,153.22,156.02,156.02,1400902548
Oct 20, 2021,155.88,176.44,155.2,175.95,175.95,3315306825
Oct 21, 2021,176.77,193.6,176.77,190.32,190.32,6865815461
Oct 22, 2021,190.45,214.04,188.27,196.43,196.43,7486821306
Oct 23, 2021,196.3,205.67,192.56,197.7,197.7,3253670286
Oct 24, 2021,197.97,204.72,185.57,202.36,202.36,3413057378
Oct 25, 2021,202.32,218.73,198.2,210.1,210.1,4837376169
Oct 26, 2021,209.53,213.98,197.49,199.81,199.81,3194205752
Oct 27, 2021,199.87,205.4,178.73,183.77,183.77,4552692842
Oct 28, 2021,184.52,201.05,182.22,194.86,194.86,3463958628
Oct 29, 2021,194.91,204.9,194.91,200.18,200.18,2468703579
Oct 30, 2021,200.23,200.39,187.82,195.42,195.42,1732207667
Oct 31, 2021,195.77,205.16,186.06,202.42,202.42,2577364486
Nov 01, 2021,202.63,211.36,198.24,203.55,203.55,3157612663
Nov 02, 2021,203.52,222.23,201.18,220.24,220.24,3020087232
Nov 03, 2021,221.08,246.32,216.2,242.9,242.9,6024951132
Nov 04, 2021,243.1,250.47,235.15,247.39,247.39,4440296290
Nov 05, 2021,247.27,248.38,231.16,236.47,236.47,2752870913
Nov 06, 2021,236.49,260.06,235.29,258.93,258.93,3869779683
Nov 07, 2021,258.78,258.85,246.12,249.82,249.82,2624869522
Nov 08, 2021,249.98,253.25,241.14,248.47,248.47,3344410176
Nov 09, 2021,248.36,253.18,237.9,239.21,239.21,2819309492
Nov 10, 2021,239.13,247.95,218.39,233.78,233.78,3873202098
Nov 11, 2021,233.91,246.45,229.75,234.24,234.24,2693456862
Nov 12, 2021,233.72,238.7,221.25,228.5,228.5,3022054714
Nov 13, 2021,228.6,241.83,225.08,241.83,241.83,2322796265
Nov 14, 2021,241.86,242.04,230.69,238.43,238.43,1705211600
Nov 15, 2021,238.73,245.98,235.1,237.55,237.55,2414551003
Nov 16, 2021,238.5,238.5,215.44,219.24,219.24,3557977024
Nov 17, 2021,219.3,222.03,210.03,218.72,218.72,2982505239
Nov 18, 2021,218.88,222.88,187.67,195.49,195.49,3911214658
Nov 19, 2021,195.07,219.37,189.75,215.28,215.28,3431624914
Nov 20, 2021,215.41,221.45,206.29,218.02,218.02,2003638941
Nov 21, 2021,217.78,235.23,210.81,231.28,231.28,2636480460
Nov 22, 2021,230.99,231.9,212.03,215.74,215.74,3254258844
Nov 23, 2021,215.84,226.06,211.31,221.84,221.84,2328763768
Nov 24, 2021,221.86,222.46,200.5,214.92,214.92,2293934142
Nov 25, 2021,205.89,216.4,202.32,206.25,206.25,2586718627
Nov 26, 2021,210.05,210.5,184.33,191.51,191.51,3380122748
Nov 27, 2021,192.28,199.36,191.04,193.1,193.1,1443178833
Nov 28, 2021,193.28,201.63,182.37,200.68,200.68,2033215941
Nov 29, 2021,200.82,212.45,199.95,204.32,204.32,2110532147
Nov 30, 2021,204.23,218.34,200.08,208.67,208.67,2888387657
Dec 01, 2021,208.39,232.39,208.15,229.8,229.8,3532771294
Dec 02, 2021,229.85,243.11,220.39,233.99,233.99,4074103518
Dec 03, 2021,233.6,239.12,207.33,211.22,211.22,4061060881
Dec 04, 2021,212.11,212.81,171.55,201.12,201.12,5949505665
Dec 05, 2021,200.78,204.62,182.02,196.17,196.17,3402591975
Dec 06, 2021,196.55,197.66,176.89,194.2,194.2,3693853028
Dec 07, 2021,194.28,204.12,188.28,190.6,190.6,2556849839
Dec 08, 2021,190.51,196.37,184.13,194.62,194.62,2277446203
Dec 09, 2021,194.48,196.69,178.79,181.18,181.18,1968182104
Dec 10, 2021,181.47,184.69,167.95,167.95,167.95,2118266396
Dec 11, 2021,167.92,173.9,161.86,171.95,171.95,1877844189
Dec 12, 2021,171.95,176.65,167.86,173.43,173.43,1196808540
Dec 13, 2021,173.1,173.1,148.57,155.21,155.21,2547597256
Dec 14, 2021,155.14,161.62,150.12,153.34,153.34,2604045117
Dec 15, 2021,161.36,182.51,157.65,178.34,178.34,3783787658
Dec 16, 2021,178.59,188.88,174.45,176.95,176.95,2766320569
Dec 17, 2021,176.89,182.39,168.52,175.5,175.5,2711688386
Dec 18, 2021,175.66,184.38,171.2,182.84,182.84,1690397976
Dec 19, 2021,182.85,189.26,178.76,180.1,180.1,1678714066
Dec 20, 2021,179.98,181.15,168.68,173.67,173.67,1982986558
Dec 21, 2021,173.69,182.42,170.49,180.09,180.09,1821107818
Dec 22, 2021,179.86,187.47,177.43,178.6,178.6,1889229699
Dec 23, 2021,178.5,193.28,176.12,190.04,190.04,2191634326
Dec 24, 2021,190.1,197.16,185.02,190.27,190.27,2286837232
Dec 25, 2021,190.53,195.15,189.03,193.12,193.12,1443209769
Dec 26, 2021,192.92,200.64,190.82,198.0,198.0,1971114647
Dec 27, 2021,197.88,204.58,195.16,195.43,195.43,1800094698
Dec 28, 2021,195.62,195.62,177.04,177.43,177.43,2826063568
Dec 29, 2021,177.39,180.59,170.44,170.66,170.66,2175731146
Dec 30, 2021,170.76,175.69,168.4,172.75,172.75,1540637869
Dec 31, 2021,172.7,177.36,168.31,170.3,170.3,1567918820
Jan 01, 2022,170.31,178.96,170.2,178.52,178.52,1084780603
Jan 02, 2022,178.53,179.43,175.01,176.38,176.38,995389409
Jan 03, 2022,176.39,176.39,167.53,170.3,170.3,1345778058
Jan 04, 2022,170.29,173.74,166.74,167.94,167.94,1499265336
Jan 05, 2022,167.94,171.11,148.22,155.1,155.1,2123759721
Jan 06, 2022,155.11,155.11,146.67,150.43,150.43,2097172620
Jan 07, 2022,150.41,150.52,135.15,136.4,136.4,2926269672
Jan 08, 2022,136.4,147.84,134.02,142.51,142.51,2730000333
Jan 09, 2022,142.54,145.44,138.39,140.84,140.84,1599123912
Jan 10, 2022,140.83,143.56,130.8,135.95,135.95,2040883379
Jan 11, 2022,135.94,143.3,134.13,140.18,140.18,1554197314
Jan 12, 2022,140.2,152.94,138.55,151.7,151.7,2242337550
Jan 13, 2022,151.69,157.54,146.01,146.01,146.01,2177023564
Jan 14, 2022,146.03,150.47,142.39,146.16,146.16,1822320951
Jan 15, 2022,146.18,149.35,144.42,147.8,147.8,1123271784
Jan 16, 2022,147.79,151.77,146.4,147.86,147.86,1172854751
Jan 17, 2022,147.88,148.21,137.5,139.93,139.93,1487772250
Jan 18, 2022,139.93,142.47,134.9,141.59,141.59,1449435942
Jan 19, 2022,141.55,142.29,133.36,135.79,135.79,1444663456
Jan 20, 2022,135.79,143.62,127.17,127.21,127.21,984099352
Jan 21, 2022,127.33,128.43,107.91,111.97,111.97,3771688473
Jan 22, 2022,111.98,113.59,89.29,94.18,94.18,4039466376
Jan 23, 2022,94.31,104.52,93.59,99.58,99.58,2548191912
Jan 24, 2022,99.62,99.77,81.23,91.65,91.65,4664539688
Jan 25, 2022,91.66,99.7,87.76,94.72,94.72,2842652332
Jan 26, 2022,94.72,103.72,89.81,92.24,92.24,3177186515
Jan 27, 2022,92.22,94.06,86.19,89.63,89.63,2513945822
Jan 28, 2022,89.53,93.36,87.57,91.31,91.31,2156098049
Jan 29, 2022,91.35,98.61,90.96,96.22,96.22,1727329992
Jan 30, 2022,96.25,97.3,91.71,93.3,93.3,1110338981
Jan 31, 2022,93.3,100.73,89.59,99.74,99.74,1888454241
Feb 01, 2022,99.73,112.98,99.48,109.98,109.98,3568466349
Feb 02, 2022,110.02,111.96,97.74,101.84,101.84,3297984784
Feb 03, 2022,101.83,102.67,94.64,101.46,101.46,2618951519
Feb 04, 2022,101.34,112.41,100.68,112.17,112.17,3121470028
Feb 05, 2022,112.21,118.21,110.53,113.89,113.89,2337469324
Feb 06, 2022,113.9,115.87,112.19,115.3,115.3,1488437091
Feb 07, 2022,115.28,121.55,113.14,117.36,117.36,2501444983
Feb 08, 2022,117.41,119.97,110.24,113.6,113.6,2670414753
Feb 09, 2022,113.53,116.83,109.98,114.02,114.02,1844036035
Feb 10, 2022,114.02,114.79,106.2,106.2,106.2,2534257400
Feb 11, 2022,106.23,107.85,95.6,96.38,96.38,2244853464
Feb 12, 2022,96.4,99.55,93.5,95.92,95.92,1722515979
Feb 13, 2022,95.89,97.21,91.82,93.24,93.24,1150014559
Feb 14, 2022,93.19,97.74,91.21,96.43,96.43,1787236369
Feb 15, 2022,96.44,105.29,96.43,104.87,104.87,2134576044
Feb 16, 2022,104.93,105.35,98.58,101.93,101.93,1908954820
Feb 17, 2022,101.9,102.63,92.68,93.41,93.41,1872498133
Feb 18, 2022,93.46,96.2,89.71,90.07,90.07,1669246812
Feb 19, 2022,90.05,92.54,88.95,91.5,91.5,1084605729
Feb 20, 2022,91.44,93.32,86.02,90.9,90.9,1912980153
Feb 21, 2022,90.88,95.9,83.12,83.12,83.12,2892900595
Feb 22, 2022,83.11,87.16,81.2,86.47,86.47,2046554018
Feb 23, 2022,86.47,92.74,84.9,84.9,84.9,2293962445
Feb 24, 2022,84.86,92.28,76.86,89.19,89.19,5253578948
Feb 25, 2022,89.23,94.78,87.28,92.6,92.6,3069242551
Feb 26, 2022,92.61,94.6,89.76,90.14,90.14,1721041901
Feb 27, 2022,90.12,91.99,84.49,85.52,85.52,2012522473
Feb 28, 2022,85.5,101.04,84.58,99.52,99.52,3457872746
Mar 01, 2022,99.54,101.56,94.89,98.65,98.65,3225742519
Mar 02, 2022,98.65,105.98,97.11,100.65,100.65,3800592927
Mar 03, 2022,100.65,101.43,94.38,95.54,95.54,2309311748
Mar 04, 2022,95.57,95.71,87.55,88.25,88.25,2592829728
Mar 05, 2022,88.29,91.04,86.29,89.65,89.65,1437161887
Mar 06, 2022,89.65,89.87,84.33,84.54,84.54,1467561782
Mar 07, 2022,84.55,86.48,80.32,82.13,82.13,2375648176
Mar 08, 2022,82.11,84.78,81.54,82.25,82.25,2112765959
Mar 09, 2022,82.28,89.48,82.21,88.2,88.2,2624860794
Mar 10, 2022,88.19,88.45,81.02,82.94,82.94,2196400279
Mar 11, 2022,82.94,84.05,80.28,80.74,80.74,1852734626
Mar 12, 2022,80.75,82.66,80.72,81.55,81.55,1036290480
Mar 13, 2022,81.53,82.88,78.0,78.94,78.94,1316842580
Mar 14, 2022,78.93,82.1,78.27,81.17,81.17,1676601058
Mar 15, 2022,81.17,85.52,79.07,82.96,82.96,1627848455
Mar 16, 2022,82.95,87.9,81.65,87.9,87.9,2370877301
Mar 17, 2022,87.86,90.76,86.75,87.88,87.88,2440062581
Mar 18, 2022,87.87,91.85,84.64,89.82,89.82,2745357460
Mar 19, 2022,89.82,94.36,89.39,92.42,92.42,1951674158
Mar 20, 2022,92.41,92.44,88.15,88.61,88.61,1286133603
Mar 21, 2022,88.61,91.01,87.21,88.76,88.76,1598537312
Mar 22, 2022,88.74,93.77,88.18,90.51,90.51,1879747152
Mar 23, 2022,90.51,96.05,89.81,95.1,95.1,2099467745
Mar 24, 2022,95.02,103.46,94.07,102.22,102.22,3601646600
Mar 25, 2022,102.24,104.58,97.32,98.66,98.66,2175497007
Mar 26, 2022,98.67,103.19,97.83,101.76,101.76,1282869612
Mar 27, 2022,101.77,107.3,99.27,107.08,107.08,1572329892
Mar 28, 2022,107.08,113.18,105.48,106.47,106.47,2877146388
Mar 29, 2022,106.33,115.28,106.0,111.71,111.71,3052274877
Mar 30, 2022,111.69,124.61,107.77,120.7,120.7,3908170428
Mar 31, 2022,120.68,128.93,120.2,122.66,122.66,4115229587
Apr 01, 2022,122.74,137.56,118.79,134.43,134.43,4434807484
Apr 02, 2022,134.45,143.02,132.14,132.2,132.2,3394186456
Apr 03, 2022,132.24,140.26,131.23,136.78,136.78,2585967812
Apr 04, 2022,136.76,137.63,126.87,132.41,132.41,2828117206
Apr 05, 2022,132.39,136.18,126.56,126.86,126.86,2239922210
Apr 06, 2022,126.86,127.28,112.77,112.88,112.88,3281009143
Apr 07, 2022,112.94,119.76,111.96,118.8,118.8,2431083313
Apr 08, 2022,118.82,122.25,108.54,109.8,109.8,2376864565
Apr 09, 2022,109.8,113.11,108.63,112.97,112.97,1202250516
Apr 10, 2022,112.97,115.81,110.08,111.74,111.74,1280232450
Apr 11, 2022,111.7,111.83,98.67,99.34,99.34,2272498194
Apr 12, 2022,99.38,109.12,98.94,103.31,103.31,2317008207
Apr 13, 2022,103.28,105.68,100.49,105.0,105.0,1675840412
Apr 14, 2022,104.94,107.33,99.26,100.71,100.71,1686576071
Apr 15, 2022,100.71,102.67,100.1,101.31,101.31,1050639351
Apr 16, 2022,101.3,103.27,100.96,102.26,102.26,774939305
Apr 17, 2022,102.25,105.29,99.96,100.41,100.41,1057908299
Apr 18, 2022,100.41,102.52,95.24,102.16,102.16,1846133932
Apr 19, 2022,102.2,108.58,101.3,108.58,108.58,1711909607
Apr 20, 2022,108.6,110.72,104.77,105.5,105.5,1761531528
Apr 21, 2022,105.5,109.77,100.77,101.78,101.78,1838571747
Apr 22, 2022,101.76,103.5,99.58,100.61,100.61,1274793594
Apr 23, 2022,100.62,102.77,98.78,100.74,100.74,823252482
Apr 24, 2022,100.73,102.22,99.01,99.24,99.24,818266008
Apr 25, 2022,99.24,101.44,94.76,101.25,101.25,1538486689
Apr 26, 2022,101.22,101.74,95.18,95.78,95.78,1301074534
Apr 27, 2022,95.79,100.54,95.28,98.38,98.38,1253566599
Apr 28, 2022,98.38,100.4,96.69,98.19,98.19,1307131609
Apr 29, 2022,98.18,98.57,92.88,94.01,94.01,1234575023
Apr 30, 2022,94.01,94.93,82.91,85.1,85.1,1293033765
May 01, 2022,85.09,92.43,84.94,89.67,89.67,1426749080
May 02, 2022,89.67,90.69,85.41,87.58,87.58,1265220129
May 03, 2022,87.56,88.69,84.92,85.84,85.84,1011988792
May 04, 2022,85.84,92.94,85.73,92.77,92.77,1428455342
May 05, 2022,92.77,95.03,81.83,84.6,84.6,1805979399
May 06, 2022,84.59,84.65,80.47,81.76,81.76,1585081920
May 07, 2022,81.77,82.18,77.88,78.98,78.98,1139093165
May 08, 2022,78.99,79.28,74.53,75.22,75.22,1439700868
May 09, 2022,75.23,76.98,63.27,63.27,63.27,2773999164
May 10, 2022,63.37,73.76,61.03,66.77,66.77,3677013066
May 11, 2022,66.73,68.12,44.0,50.21,50.21,4432811558
May 12, 2022,50.24,53.66,38.05,44.68,44.68,4471167155
May 13, 2022,44.63,55.9,44.08,48.59,48.59,2854210432
May 14, 2022,48.68,53.06,46.22,52.42,52.42,2042138537
May 15, 2022,52.43,58.88,49.83,58.81,58.81,1843835578
May 16, 2022,58.8,58.8,52.27,53.65,53.65,2067312217
May 17, 2022,53.66,58.04,53.51,57.13,57.13,1823895389
May 18, 2022,57.12,57.7,49.73,49.76,49.76,1745565671
May 19, 2022,49.79,53.62,48.64,52.21,52.21,1958004386
May 20, 2022,52.21,53.44,48.05,49.54,49.54,1830699507
May 21, 2022,49.54,51.06,48.77,50.32,50.32,979492374
May 22, 2022,50.32,53.02,49.86,52.76,52.76,1105760506
May 23, 2022,52.74,54.47,48.93,49.06,49.06,1661669360
May 24, 2022,49.06,50.58,47.5,49.65,49.65,1508166642
May 25, 2022,49.65,50.44,47.67,47.98,47.98,1304580067
May 26, 2022,47.98,48.55,42.32,43.49,43.49,2208994514
May 27, 2022,43.47,43.81,40.27,40.98,40.98,2256358026
May 28, 2022,41.49,44.66,40.55,44.34,44.34,1254325884
May 29, 2022,44.34,45.39,42.0,44.91,44.91,1317843243
May 30, 2022,44.91,47.94,44.36,47.18,47.18,1708817065
May 31, 2022,47.18,48.04,44.84,45.77,45.77,1509191627
Jun 01, 2022,45.77,45.95,40.05,40.27,40.27,1422647092
Jun 02, 2022,40.26,41.33,38.36,40.89,40.89,1554022054
Jun 03, 2022,40.9,41.43,37.8,38.26,38.26,1348656102
Jun 04, 2022,38.27,39.04,36.04,38.93,38.93,1130762770
Jun 05, 2022,38.93,40.0,38.04,38.48,38.48,998532387
Jun 06, 2022,38.5,44.45,38.44,42.43,42.43,1955057411
Jun 07, 2022,42.43,42.45,37.78,39.44,39.44,1974825213
Jun 08, 2022,39.43,40.53,38.4,38.84,38.84,1211034282
Jun 09, 2022,38.85,41.72,38.56,39.97,39.97,1265873005
Jun 10, 2022,39.97,40.77,37.0,37.09,37.09,1177042406
Jun 11, 2022,37.09,37.84,33.44,33.82,33.82,1086904917
Jun 12, 2022,33.84,34.23,30.74,30.74,30.74,1430666510
Jun 13, 2022,30.73,30.92,26.14,28.19,28.19,2577135234
Jun 14, 2022,28.18,31.61,26.06,29.71,29.71,2317785256
Jun 15, 2022,29.7,34.57,26.87,34.49,34.49,2574959860
Jun 16, 2022,34.51,35.71,29.73,29.99,29.99,1908909523
Jun 17, 2022,30.0,32.01,29.48,30.74,30.74,1283536081
Jun 18, 2022,30.74,31.84,27.46,31.81,31.81,1804420726
Jun 19, 2022,31.81,35.16,28.91,34.24,34.24,2005402608
Jun 20, 2022,34.24,36.76,31.89,35.42,35.42,1958378683
Jun 21, 2022,35.4,38.8,34.4,36.12,36.12,1790090431
Jun 22, 2022,36.18,36.7,33.8,34.12,34.12,1533123071
Jun 23, 2022,34.12,38.35,34.08,38.18,38.18,1666479184
Jun 24, 2022,38.2,42.73,37.85,42.21,42.21,1765927064
Jun 25, 2022,42.2,42.49,39.88,42.33,42.33,1271293523
Jun 26, 2022,42.3,42.34,39.38,39.41,39.41,1138724690
Jun 27, 2022,39.41,41.08,38.17,38.45,38.45,1253389517
Jun 28, 2022,38.45,39.71,35.23,35.33,35.33,1361946847
Jun 29, 2022,35.33,35.97,33.25,33.87,33.87,1366803516
Jun 30, 2022,33.91,34.05,31.06,33.59,33.59,1321861663
Jul 01, 2022,33.65,35.23,31.93,32.8,32.8,1427407655
Jul 02, 2022,32.81,33.93,31.96,33.36,33.36,765552187
Jul 03, 2022,33.36,33.58,32.22,33.39,33.39,605659825
Jul 04, 2022,33.39,36.81,32.52,36.79,36.79,1091202628
Jul 05, 2022,36.76,36.87,33.27,35.4,35.4,1569156882
Jul 06, 2022,35.4,37.48,34.89,37.07,37.07,1410588451
Jul 07, 2022,37.08,39.12,36.5,38.52,38.52,1189167903
Jul 08, 2022,38.52,39.35,36.56,38.29,38.29,1485794730
Jul 09, 2022,38.29,38.79,37.87,38.07,38.07,789899204
Jul 10, 2022,38.07,38.07,36.39,36.7,36.7,714119421
Jul 11, 2022,36.69,36.69,33.34,33.46,33.46,930216020
Jul 12, 2022,33.47,34.5,32.76,32.76,32.76,916386230
Jul 13, 2022,32.75,34.94,31.96,34.91,34.91,1313110217
Jul 14, 2022,34.91,37.22,33.69,37.11,37.11,1320137563
Jul 15, 2022,37.11,38.85,36.65,37.42,37.42,1266226950
Jul 16, 2022,37.41,40.08,36.4,39.57,39.57,1149921714
Jul 17, 2022,39.58,40.97,38.55,38.64,38.64,1119935904
Jul 18, 2022,38.65,43.75,38.61,43.75,43.75,1793335611
Jul 19, 2022,43.67,47.1,42.72,44.9,44.9,2530289999
Jul 20, 2022,44.9,46.1,41.64,42.09,42.09,2020822242
Jul 21, 2022,42.09,43.92,39.82,43.19,43.19,1926399176
Jul 22, 2022,43.19,44.22,40.14,40.62,40.62,1523873136
Jul 23, 2022,40.59,41.83,38.71,40.04,40.04,1151436691
Jul 24, 2022,40.04,42.02,39.61,41.01,41.01,1115260733
Jul 25, 2022,41.01,41.05,36.71,36.71,36.71,1465847128
Jul 26, 2022,36.72,36.72,34.82,36.19,36.19,1362323126
Jul 27, 2022,36.2,40.39,35.76,40.31,40.31,1829226049
Jul 28, 2022,40.3,44.07,39.13,42.85,42.85,2454901807
Jul 29, 2022,42.88,44.23,41.28,41.93,41.93,2066610408
Jul 30, 2022,41.92,46.48,41.62,43.76,43.76,1980341418
Jul 31, 2022,43.76,45.05,42.35,42.4,42.4,1356657075
Aug 01, 2022,42.4,43.12,40.74,41.79,41.79,1082119921
Aug 02, 2022,41.77,42.33,39.75,39.75,39.75,1205226999
Aug 03, 2022,39.75,40.73,37.89,38.54,38.54,2312325350
Aug 04, 2022,38.54,39.68,38.04,38.83,38.83,1235137178
Aug 05, 2022,38.82,41.17,38.8,40.56,40.56,1198859111
Aug 06, 2022,40.56,40.85,39.95,40.06,40.06,650997770
Aug 07, 2022,40.06,41.49,39.34,40.61,40.61,614104051
Aug 08, 2022,40.61,43.54,40.6,42.17,42.17,1117550363
Aug 09, 2022,42.18,42.7,39.94,40.37,40.37,895263875
Aug 10, 2022,40.37,42.61,39.26,42.37,42.37,1389333742
Aug 11, 2022,42.37,45.12,42.37,42.82,42.82,1735349568
Aug 12, 2022,42.82,45.38,42.23,45.33,45.33,1128246063
Aug 13, 2022,45.34,48.18,45.34,46.49,46.49,1416039040
Aug 14, 2022,46.51,47.96,44.69,44.92,44.92,1061034922
Aug 15, 2022,44.92,47.13,42.91,43.82,43.82,1364253429
Aug 16, 2022,43.81,44.19,42.78,43.16,43.16,1131452045
Aug 17, 2022,43.15,44.63,40.29,40.4,40.4,1336772691
Aug 18, 2022,40.43,41.61,39.53,39.55,39.55,885648540
Aug 19, 2022,39.54,39.54,35.76,35.89,35.89,1821467945
Aug 20, 2022,35.88,37.22,34.36,35.27,35.27,1203622743
Aug 21, 2022,35.26,36.98,34.78,36.53,36.53,982071275
Aug 22, 2022,36.53,36.53,33.9,35.47,35.47,1139846770
Aug 23, 2022,35.48,36.05,34.31,35.65,35.65,854779221
Aug 24, 2022,35.65,36.29,34.43,34.96,34.96,946325778
Aug 25, 2022,34.96,36.42,34.93,35.32,35.32,828503624
Aug 26, 2022,35.31,35.58,31.5,31.73,31.73,1315871629
Aug 27, 2022,31.71,32.21,30.95,31.54,31.54,764882265
Aug 28, 2022,31.54,32.13,30.39,30.39,30.39,562501615
Aug 29, 2022,30.39,32.52,30.12,32.47,32.47,891913484
Aug 30, 2022,32.46,33.07,30.8,31.41,31.41,861409804
Aug 31, 2022,31.42,32.88,31.24,31.47,31.47,769308937
Sep 01, 2022,31.48,31.71,30.51,31.59,31.59,666487074
Sep 02, 2022,31.58,32.36,30.84,31.23,31.23,659575995
Sep 03, 2022,31.23,31.23,30.86,31.11,31.11,314531753
Sep 04, 2022,31.11,32.14,31.08,32.11,32.11,392954663
Sep 05, 2022,32.11,32.37,31.21,32.19,32.19,512588616
Sep 06, 2022,32.2,33.79,30.64,30.89,30.89,1196204019
Sep 07, 2022,30.88,32.9,30.49,32.71,32.71,779212909
Sep 08, 2022,32.71,33.8,32.1,33.61,33.61,978070646
Sep 09, 2022,33.61,35.8,33.61,34.74,34.74,1186140934
Sep 10, 2022,34.73,35.36,34.37,35.13,35.13,731145106
Sep 11, 2022,35.12,35.9,34.12,34.97,34.97,757216096
Sep 12, 2022,34.97,38.17,34.51,37.42,37.42,1701399970
Sep 13, 2022,37.42,38.87,32.87,33.43,33.43,1785181627
Sep 14, 2022,33.02,34.28,32.87,34.09,34.09,1003604224
Sep 15, 2022,34.09,34.72,32.72,33.05,33.05,1139377803
Sep 16, 2022,33.04,33.2,31.64,32.21,32.21,765952525
Sep 17, 2022,32.21,33.85,32.21,33.75,33.75,501302380
Sep 18, 2022,33.75,33.95,30.98,31.06,31.06,694870049
Sep 19, 2022,31.05,32.99,30.69,32.69,32.69,971182780
Sep 20, 2022,32.69,32.79,31.39,31.43,31.43,819978937
Sep 21, 2022,31.43,33.13,30.2,30.83,30.83,1193686258
Sep 22, 2022,30.82,32.81,30.64,32.41,32.41,833702543
Sep 23, 2022,32.41,33.91,31.36,33.68,33.68,982495447
Sep 24, 2022,33.68,34.7,33.27,33.46,33.46,872691785
Sep 25, 2022,33.46,33.99,32.01,32.34,32.34,610529879
Sep 26, 2022,32.34,33.88,31.96,33.88,33.88,936313674
Sep 27, 2022,33.88,35.24,32.27,32.75,32.75,1223724195
Sep 28, 2022,32.74,33.74,31.73,33.24,33.24,998520503
Sep 29, 2022,33.24,34.34,32.79,33.95,33.95,951223921
Sep 30, 2022,33.95,35.13,32.74,33.21,33.21,1210784941
Oct 01, 2022,33.22,33.23,32.47,32.47,32.47,572976679
Oct 02, 2022,32.47,33.0,32.0,32.06,32.06,532211084
Oct 03, 2022,32.06,33.2,31.95,32.97,32.97,633204077
Oct 04, 2022,32.96,34.34,32.88,34.12,34.12,717157069
Oct 05, 2022,34.12,34.31,33.28,34.07,34.07,655950188
Oct 06, 2022,34.07,34.46,33.33,33.34,33.34,712289836
Oct 07, 2022,33.34,33.73,32.55,33.0,33.0,649212486
Oct 08, 2022,33.0,33.04,32.45,32.58,32.58,367021196
Oct 09, 2022,32.58,33.1,32.48,32.91,32.91,405849928
Oct 10, 2022,32.91,33.34,31.97,31.97,31.97,640691958
Oct 11, 2022,31.97,31.97,30.58,30.78,30.78,733071932
Oct 12, 2022,30.78,31.46,30.73,31.17,31.17,490127096
Oct 13, 2022,31.16,31.18,28.2,30.54,30.54,1302451856
Oct 14, 2022,30.54,31.91,29.76,30.01,30.01,836283411
Oct 15, 2022,30.01,30.15,29.53,29.58,29.58,547825492
Oct 16, 2022,29.58,30.44,29.58,30.17,30.17,608389719
Oct 17, 2022,30.17,31.26,29.88,31.22,31.22,658840500
Oct 18, 2022,31.22,31.41,29.83,30.16,30.16,715092973
Oct 19, 2022,30.16,30.21,28.83,28.9,28.9,697269954
Oct 20, 2022,28.89,29.43,28.07,28.09,28.09,803871622
Oct 21, 2022,28.08,28.24,26.99,28.11,28.11,967208274
Oct 22, 2022,28.11,28.14,27.56,28.01,28.01,474234383
Oct 23, 2022,28.01,29.33,27.86,29.27,29.27,633157057
Oct 24, 2022,29.27,29.41,28.22,28.31,28.31,667625312
Oct 25, 2022,28.31,32.19,28.12,30.94,30.94,1336242036
Oct 26, 2022,30.93,31.84,30.77,31.28,31.28,1250974763
Oct 27, 2022,31.29,32.2,30.59,30.63,30.63,1275994871
Oct 28, 2022,30.63,32.45,30.19,32.11,32.11,1063403956
Oct 29, 2022,32.11,33.74,31.92,32.86,32.86,1165931963
Oct 30, 2022,32.86,33.48,32.06,32.97,32.97,731319297
Oct 31, 2022,32.96,34.31,32.29,32.61,32.61,1174404933
Nov 01, 2022,32.61,33.33,32.2,32.25,32.25,729292793
Nov 02, 2022,32.25,32.83,30.29,30.79,30.79,1166999748
Nov 03, 2022,30.79,32.14,30.68,30.84,30.84,832207929
Nov 04, 2022,30.84,34.1,30.73,33.78,33.78,1364403572
Nov 05, 2022,33.78,38.55,33.74,36.77,36.77,2470595904
Nov 06, 2022,36.77,36.9,32.55,32.68,32.68,1650006613
Nov 07, 2022,32.68,33.07,28.93,29.6,29.6,2545092967
Nov 08, 2022,29.6,31.06,21.78,24.15,24.15,6120104231
Nov 09, 2022,24.16,24.16,12.51,13.94,13.94,4647808136
Nov 10, 2022,13.99,18.68,13.41,17.68,17.68,4084381465
Nov 11, 2022,17.66,18.14,15.51,16.33,16.33,2191908978
Nov 12, 2022,16.34,16.41,14.54,14.54,14.54,866923655
Nov 13, 2022,14.54,14.66,13.12,13.16,13.16,880792311
Nov 14, 2022,13.17,14.89,12.25,14.0,14.0,1365413449
Nov 15, 2022,14.0,14.97,13.93,14.3,14.3,833458645
Nov 16, 2022,14.3,14.56,13.71,14.29,14.29,487495993
Nov 17, 2022,14.29,14.46,13.08,13.64,13.64,673219780
Nov 18, 2022,13.64,13.79,13.04,13.25,13.25,357193046
Nov 19, 2022,13.25,13.26,12.64,12.85,12.85,314294255
Nov 20, 2022,12.85,13.42,12.2,12.25,12.25,508411732
Nov 21, 2022,12.25,12.26,11.34,11.85,11.85,504498729
Nov 22, 2022,11.84,12.47,11.01,12.44,12.44,529418278
Nov 23, 2022,12.44,14.4,12.43,14.35,14.35,859905329
Nov 24, 2022,14.35,14.85,13.92,14.58,14.58,620159372
Nov 25, 2022,14.58,14.58,13.96,14.06,14.06,323667943
Nov 26, 2022,14.06,14.89,14.03,14.16,14.16,333271818
Nov 27, 2022,14.16,14.41,14.08,14.12,14.12,225035409
Nov 28, 2022,14.11,14.15,12.82,13.4,13.4,447463511
Nov 29, 2022,13.4,13.9,13.28,13.37,13.37,265372933
Nov 30, 2022,13.37,14.22,13.31,14.12,14.12,331594403
Dec 01, 2022,14.13,14.15,13.44,13.48,13.48,232200065
Dec 02, 2022,13.48,13.77,13.38,13.72,13.72,245049936
Dec 03, 2022,13.72,13.73,13.28,13.3,13.3,161314094
Dec 04, 2022,13.3,13.72,13.3,13.72,13.72,141802483
Dec 05, 2022,13.72,14.14,13.63,13.83,13.83,335440747
Dec 06, 2022,13.83,14.32,13.83,14.29,14.29,279979830
Dec 07, 2022,14.29,14.31,13.5,13.52,13.52,223134812
Dec 08, 2022,13.52,13.75,13.31,13.69,13.69,195918913
Dec 09, 2022,13.69,13.98,13.54,13.58,13.58,211833041
Dec 10, 2022,13.58,13.7,13.57,13.58,13.58,109293691
Dec 11, 2022,13.58,13.78,13.41,13.43,13.43,117436002
Dec 12, 2022,13.43,13.46,12.95,13.32,13.32,205298705
Dec 13, 2022,13.32,14.06,12.83,13.83,13.83,315949878
Dec 14, 2022,13.84,14.89,13.83,14.14,14.14,441479811
Dec 15, 2022,14.14,14.47,13.91,14.02,14.02,272679087
Dec 16, 2022,14.02,14.15,12.15,12.27,12.27,358747840
Dec 17, 2022,12.27,12.51,11.99,12.5,12.5,222801055
Dec 18, 2022,12.5,12.57,12.31,12.41,12.41,110722042
Dec 19, 2022,12.42,12.57,11.74,11.93,11.93,206060595
Dec 20, 2022,11.93,12.44,11.88,12.28,12.28,177388342
Dec 21, 2022,12.28,12.28,11.93,12.13,12.13,167974882
Dec 22, 2022,12.13,12.17,11.72,11.79,11.79,181200151
Dec 23, 2022,11.79,12.08,11.76,11.79,11.79,157181374
Dec 24, 2022,11.79,11.79,11.24,11.44,11.44,202780776
Dec 25, 2022,11.44,11.53,11.27,11.39,11.39,105389060
Dec 26, 2022,11.39,11.45,11.14,11.31,11.31,132410401
Dec 27, 2022,11.31,11.39,10.77,11.09,11.09,223332961
Dec 28, 2022,11.08,11.1,9.52,9.76,9.76,468728777
Dec 29, 2022,9.76,9.83,8.14,9.65,9.65,772500177
Dec 30, 2022,9.65,10.02,9.06,9.88,9.88,837030648
Dec 31, 2022,9.88,10.15,9.69,9.96,9.96,285758573
Jan 01, 2023,9.96,10.05,9.72,9.98,9.98,194221164
Jan 02, 2023,9.98,11.37,9.85,11.27,11.27,558570124
Jan 03, 2023,11.27,13.5,11.05,13.34,13.34,1149255381
Jan 04, 2023,13.35,14.1,12.92,13.44,13.44,1142852070
Jan 05, 2023,13.43,13.77,12.99,13.42,13.42,564255825
Jan 06, 2023,13.42,13.54,12.77,13.53,13.53,517147909
Jan 07, 2023,13.53,13.53,13.06,13.09,13.09,210349250
Jan 08, 2023,13.09,14.33,12.92,14.32,14.32,535020165
Jan 09, 2023,14.33,17.36,14.33,16.3,16.3,2029272608
Jan 10, 2023,16.3,16.64,15.71,16.2,16.2,833408341
Jan 11, 2023,16.2,16.45,15.37,16.36,16.36,630606082
Jan 12, 2023,16.79,16.81,15.74,16.62,16.62,884719784
Jan 13, 2023,16.62,18.51,16.38,18.29,18.29,1037251176
Jan 14, 2023,18.29,24.57,18.27,24.25,24.25,3399684035
Jan 15, 2023,24.26,24.65,22.12,22.87,22.87,1661787281
Jan 16, 2023,22.88,24.75,22.59,23.58,23.58,1596086615
Jan 17, 2023,23.58,23.8,22.88,22.88,22.88,926501252
Jan 18, 2023,22.89,23.48,20.69,20.85,20.85,1427677518
Jan 19, 2023,20.85,21.77,20.53,21.43,21.43,799641392
Jan 20, 2023,21.43,25.68,21.0,25.55,25.55,1419157455
Jan 21, 2023,25.55,26.41,24.61,24.63,24.63,1948796870
Jan 22, 2023,24.62,25.39,23.76,24.23,24.23,1029738787
Jan 23, 2023,24.23,24.89,23.97,24.36,24.36,874649827
Jan 24, 2023,24.35,25.17,22.65,22.8,22.8,837211317
Jan 25, 2023,22.8,25.22,22.4,24.57,24.57,1166026842
Jan 26, 2023,24.56,25.12,23.95,24.35,24.35,809826004
Jan 27, 2023,24.35,24.86,23.5,24.41,24.41,682926581
Jan 28, 2023,24.41,25.02,23.84,23.98,23.98,489857934
Jan 29, 2023,23.98,26.65,23.83,26.13,26.13,1131621628
Jan 30, 2023,26.14,26.25,23.49,23.95,23.95,1084170329
Jan 31, 2023,23.95,24.34,23.59,23.95,23.95,617019880
Feb 01, 2023,23.95,25.13,22.64,24.99,24.99,984317489
Feb 02, 2023,24.99,26.04,24.25,24.27,24.27,1017290364
Feb 03, 2023,24.26,25.0,24.12,24.68,24.68,643813200
Feb 04, 2023,24.68,24.89,24.32,24.32,24.32,321758043
Feb 05, 2023,24.32,24.43,23.12,23.49,23.49,578466008
Feb 06, 2023,23.49,23.69,22.6,22.71,22.71,449884793
Feb 07, 2023,22.7,23.9,22.61,23.86,23.86,625438600
Feb 08, 2023,23.86,24.15,22.88,23.19,23.19,534148944
Feb 09, 2023,23.2,23.28,20.2,20.45,20.45,797436250
Feb 10, 2023,20.45,21.12,19.84,20.13,20.13,654189930
Feb 11, 2023,20.13,20.86,20.12,20.83,20.83,267159267
Feb 12, 2023,20.83,22.26,20.65,21.49,21.49,532943787
Feb 13, 2023,21.49,21.53,19.87,20.79,20.79,693292656
Feb 14, 2023,20.78,22.25,20.71,21.82,21.82,865868623
Feb 15, 2023,21.82,23.9,21.5,23.88,23.88,747616299
Feb 16, 2023,23.88,24.03,22.26,22.29,22.29,885086333
Feb 17, 2023,22.28,23.49,22.15,23.17,23.17,580803415
Feb 18, 2023,23.17,23.76,22.97,23.48,23.48,370892073
Feb 19, 2023,23.48,25.52,23.27,24.84,24.84,993875671
Feb 20, 2023,24.85,26.93,24.34,26.18,26.18,1459545676
Feb 21, 2023,26.18,26.42,24.67,24.95,24.95,925847245
Feb 22, 2023,24.95,25.14,23.38,24.18,24.18,892548647
Feb 23, 2023,24.18,24.64,23.68,23.9,23.9,579213279
Feb 24, 2023,23.9,24.06,22.64,23.05,23.05,612377428
Feb 25, 2023,23.06,23.27,21.64,22.52,22.52,547286025
Feb 26, 2023,22.52,23.48,22.32,23.26,23.26,370371591
Feb 27, 2023,23.26,23.37,22.4,22.69,22.69,475987023
Feb 28, 2023,22.69,22.73,21.83,21.92,21.92,351065863
Mar 01, 2023,21.91,22.8,21.74,22.51,22.51,346532018
Mar 02, 2023,22.51,22.58,21.73,21.98,21.98,322545445
Mar 03, 2023,21.99,22.0,20.54,21.4,21.4,489228523
Mar 04, 2023,21.4,21.54,20.37,20.97,20.97,249364880
Mar 05, 2023,20.97,21.62,20.9,20.98,20.98,278729462
Mar 06, 2023,20.98,21.1,20.52,20.64,20.64,318022843
Mar 07, 2023,20.63,20.89,19.82,20.24,20.24,394901279
Mar 08, 2023,20.24,20.33,18.29,18.42,18.42,620543521
Mar 09, 2023,18.42,18.69,16.94,17.31,17.31,754162560
Mar 10, 2023,17.31,18.32,16.12,18.24,18.24,944032048
Mar 11, 2023,18.24,18.85,17.17,18.23,18.23,696894876
Mar 12, 2023,18.22,20.39,17.94,20.31,20.31,666940879
Mar 13, 2023,20.31,21.34,18.96,20.43,20.43,1161164364
Mar 14, 2023,20.43,22.11,19.91,20.93,20.93,1130224251
Mar 15, 2023,20.94,21.49,18.83,19.29,19.29,816614774
Mar 16, 2023,19.3,19.88,19.04,19.73,19.73,438673097
Mar 17, 2023,19.73,21.68,19.5,21.63,21.63,623518286
Mar 18, 2023,21.63,22.86,21.14,21.2,21.2,789771840
Mar 19, 2023,21.2,22.45,21.2,21.9,21.9,475166077
Mar 20, 2023,21.9,23.83,21.59,22.18,22.18,1147250538
Mar 21, 2023,22.18,23.22,21.64,22.62,22.62,745081556
Mar 22, 2023,22.61,23.07,21.15,21.48,21.48,851680842
Mar 23, 2023,21.48,22.7,21.22,22.22,22.22,555730954
Mar 24, 2023,22.21,22.26,20.36,20.68,20.68,547225198
Mar 25, 2023,20.68,20.95,20.18,20.45,20.45,272949711
Mar 26, 2023,20.44,21.13,20.35,20.98,20.98,226663968
Mar 27, 2023,20.98,20.98,19.51,19.92,19.92,359607077
Mar 28, 2023,19.92,20.76,19.67,20.47,20.47,347656506
Mar 29, 2023,20.47,21.51,20.46,21.11,21.11,378726667
Mar 30, 2023,21.11,21.59,20.23,20.55,20.55,472449267
Mar 31, 2023,20.55,21.44,20.16,21.17,21.17,352864960
Apr 01, 2023,21.17,21.31,20.86,20.98,20.98,209186327
Apr 02, 2023,21.09,21.29,20.32,20.54,20.54,229561591
Apr 03, 2023,20.54,20.93,20.02,20.44,20.44,437266506
Apr 04, 2023,20.44,21.24,20.35,20.92,20.92,305630170
Apr 05, 2023,20.92,21.32,20.67,20.97,20.97,324885702
Apr 06, 2023,20.97,20.97,20.51,20.61,20.61,222557225
Apr 07, 2023,20.61,20.77,20.27,20.47,20.47,171660856
Apr 08, 2023,20.47,20.71,19.95,20.04,20.04,194413927
Apr 09, 2023,20.04,20.42,19.96,20.3,20.3,152580905
Apr 10, 2023,20.3,20.94,20.12,20.88,20.88,224169192
Apr 11, 2023,20.88,23.64,20.86,23.02,23.02,1083533914
Apr 12, 2023,23.02,24.34,22.42,23.99,23.99,1204250258
Apr 13, 2023,23.81,25.24,23.7,24.43,24.43,792335438
Apr 14, 2023,24.44,25.46,23.82,24.77,24.77,859037933
Apr 15, 2023,24.77,24.77,23.87,24.08,24.08,379745930
Apr 16, 2023,24.08,25.45,23.95,25.36,25.36,466841333
Apr 17, 2023,25.36,25.94,24.41,24.56,24.56,789077237
Apr 18, 2023,24.56,25.42,24.1,24.85,24.85,487693856
Apr 19, 2023,24.85,24.94,22.27,22.71,22.71,836873906
Apr 20, 2023,22.7,23.12,21.66,22.18,22.18,658826580
Apr 21, 2023,22.18,22.38,21.13,21.28,21.28,489546774
Apr 22, 2023,21.28,21.95,21.11,21.82,21.82,246809009
Apr 23, 2023,21.82,22.22,21.07,21.48,21.48,314447869
Apr 24, 2023,21.48,21.95,21.08,21.39,21.39,358681450
Apr 25, 2023,21.39,21.94,20.78,21.93,21.93,367752382
Apr 26, 2023,21.93,22.92,20.57,21.28,21.28,690088236
Apr 27, 2023,21.28,22.48,21.23,22.34,22.34,509745191
Apr 28, 2023,22.34,23.46,22.21,23.37,23.37,511781472
Apr 29, 2023,23.37,23.75,22.99,23.18,23.18,369964075
Apr 30, 2023,23.18,23.93,22.83,22.83,22.83,368042267
May 01, 2023,22.83,22.88,21.64,21.99,21.99,438350469
May 02, 2023,21.99,22.37,21.77,22.26,22.26,296722866
May 03, 2023,22.27,22.27,21.28,22.22,22.22,445797367
May 04, 2023,22.22,22.44,21.65,21.73,21.73,291826693
May 05, 2023,21.73,23.03,21.71,22.83,22.83,423211212
May 06, 2023,22.83,23.22,21.73,21.97,21.97,351934449
May 07, 2023,21.97,22.74,21.81,21.84,21.84,303626005
May 08, 2023,21.81,21.81,20.26,20.66,20.66,553548056
May 09, 2023,20.66,20.96,20.46,20.68,20.68,272780907
May 10, 2023,20.68,21.3,20.17,20.95,20.95,490700208
May 11, 2023,20.96,20.96,19.86,20.23,20.23,376535594
May 12, 2023,20.23,20.93,19.86,20.91,20.91,362726295
May 13, 2023,20.92,21.25,20.82,20.87,20.87,224618367
May 14, 2023,20.87,21.24,20.67,20.95,20.95,184522451
May 15, 2023,20.95,21.49,20.65,21.01,21.01,307353987
May 16, 2023,21.01,21.12,20.48,20.68,20.68,279283146
May 17, 2023,20.68,21.17,20.5,21.07,21.07,279742763
May 18, 2023,21.07,21.07,20.17,20.35,20.35,293327002
May 19, 2023,20.35,20.56,20.31,20.35,20.35,149073606
May 20, 2023,20.35,20.36,20.15,20.29,20.29,121021517
May 21, 2023,20.29,20.38,19.51,19.61,19.61,210641913
May 22, 2023,19.61,19.98,19.38,19.54,19.54,216922971
May 23, 2023,19.54,20.15,19.45,20.04,20.04,258761187
May 24, 2023,20.04,20.06,18.91,19.22,19.22,297840141
May 25, 2023,19.22,19.53,18.89,19.26,19.26,194537149
May 26, 2023,19.26,19.54,19.12,19.37,19.37,140228468
May 27, 2023,19.37,20.5,19.35,20.43,20.43,179682882
May 28, 2023,20.43,21.15,20.34,20.8,20.8,291460886
May 29, 2023,20.8,20.97,20.3,20.59,20.59,228295637
May 30, 2023,20.59,21.38,20.52,21.25,21.25,367512387
May 31, 2023,21.26,21.32,20.47,20.82,20.82,246152341
Jun 01, 2023,20.82,20.97,20.46,20.5,20.5,209047110
Jun 02, 2023,20.5,21.36,20.38,21.26,21.26,237609887
Jun 03, 2023,21.26,21.34,21.02,21.16,21.16,144933830
Jun 04, 2023,21.16,22.28,21.06,21.82,21.82,317802167
Jun 05, 2023,21.82,22.04,19.42,20.08,20.08,594214946
Jun 06, 2023,20.06,20.68,19.32,20.4,20.4,441408235
Jun 07, 2023,20.4,20.49,18.55,18.63,18.63,390444801
Jun 08, 2023,18.64,19.08,18.29,18.91,18.91,258460307
Jun 09, 2023,18.91,19.3,17.16,17.38,17.38,463344687
Jun 10, 2023,17.38,17.39,13.38,15.66,15.66,1230339924
Jun 11, 2023,15.65,16.12,15.2,15.56,15.56,446176848
Jun 12, 2023,15.56,15.61,14.82,15.2,15.2,384209938
Jun 13, 2023,15.2,15.87,14.82,15.02,15.02,363876713
Jun 14, 2023,15.02,15.31,14.2,14.49,14.49,296502336
Jun 15, 2023,14.49,15.01,14.21,14.76,14.76,329864409
Jun 16, 2023,14.76,15.4,14.47,15.31,15.31,232544705
Jun 17, 2023,15.31,16.07,15.19,15.65,15.65,206436912
Jun 18, 2023,15.65,15.81,15.36,15.44,15.44,141612316
Jun 19, 2023,15.44,16.08,15.41,16.07,16.07,163949883
Jun 20, 2023,16.08,16.67,15.76,16.64,16.64,265787114
Jun 21, 2023,16.64,17.38,16.58,17.26,17.26,357788986
Jun 22, 2023,17.26,17.7,16.61,16.64,16.64,299233520
Jun 23, 2023,16.64,17.51,16.24,17.15,17.15,386994632
Jun 24, 2023,17.15,17.52,16.46,16.65,16.65,260480952
Jun 25, 2023,16.65,17.34,16.61,16.97,16.97,252839095
Jun 26, 2023,16.97,17.1,16.02,16.27,16.27,275948459
Jun 27, 2023,16.27,16.91,16.18,16.62,16.62,259041273
Jun 28, 2023,16.62,16.63,15.75,15.99,15.99,327399744
Jun 29, 2023,15.99,18.2,15.91,17.97,17.97,737633196
Jun 30, 2023,17.97,19.86,17.31,18.9,18.9,1120379648
Jul 01, 2023,18.9,18.97,17.95,18.68,18.68,349552752
Jul 02, 2023,18.69,19.7,18.58,19.45,19.45,497231250
Jul 03, 2023,19.45,19.61,18.94,19.24,19.24,324227812
Jul 04, 2023,19.24,19.88,19.1,19.14,19.14,345225951
Jul 05, 2023,19.15,19.36,18.5,18.99,18.99,260416081
Jul 06, 2023,18.99,20.92,18.89,19.73,19.73,903770571
Jul 07, 2023,19.73,21.6,19.32,21.48,21.48,988591308
Jul 08, 2023,21.49,22.4,21.36,21.86,21.86,693929963
Jul 09, 2023,21.85,22.32,21.09,21.35,21.35,405174806
Jul 10, 2023,21.35,21.78,20.57,21.31,21.31,543191863
Jul 11, 2023,21.31,22.29,21.24,22.09,22.09,453810523
Jul 12, 2023,22.09,22.71,21.83,21.98,21.98,541605988
Jul 13, 2023,21.98,26.62,21.49,26.03,26.03,1527996472
Jul 14, 2023,26.02,30.06,25.43,26.74,26.74,2184090884
Jul 15, 2023,26.73,29.06,26.69,27.39,27.39,1323279744
Jul 16, 2023,27.4,28.55,26.9,27.38,27.38,753056132
Jul 17, 2023,27.39,28.38,25.9,26.87,26.87,970813262
Jul 18, 2023,26.87,27.05,24.82,25.54,25.54,696782373
Jul 19, 2023,25.55,26.92,25.42,26.37,26.37,603189951
Jul 20, 2023,26.37,26.9,25.17,25.38,25.38,606255421
Jul 21, 2023,25.38,25.95,25.14,25.54,25.54,410907584
Jul 22, 2023,25.54,25.95,24.31,24.54,24.54,335432006
Jul 23, 2023,24.53,25.21,24.25,24.77,24.77,330741258
Jul 24, 2023,24.77,24.81,23.07,23.38,23.38,492344649
Jul 25, 2023,23.38,23.53,22.86,23.28,23.28,346742173
Jul 26, 2023,23.28,25.52,23.21,25.18,25.18,688135176
Jul 27, 2023,25.18,25.59,24.72,25.1,25.1,514211484
Jul 28, 2023,25.1,25.47,24.58,24.85,24.85,374045446
Jul 29, 2023,24.84,25.37,24.78,25.17,25.17,265061245
Jul 30, 2023,25.17,25.19,23.85,24.26,24.26,365262222
Jul 31, 2023,24.26,24.75,23.66,23.72,23.72,376948332
Aug 01, 2023,23.72,24.0,23.09,24.0,24.0,428254164
Aug 02, 2023,23.99,24.22,22.98,23.15,23.15,393185796
Aug 03, 2023,23.14,23.35,22.54,22.64,22.64,365983702
Aug 04, 2023,22.63,23.52,22.52,22.79,22.79,382245804
Aug 05, 2023,22.79,22.9,22.33,22.63,22.63,250613466
Aug 06, 2023,22.63,23.42,22.6,23.19,23.19,320595154
Aug 07, 2023,23.19,23.5,22.49,23.07,23.07,353804981
Aug 08, 2023,23.07,24.73,23.02,24.21,24.21,495649796
Aug 09, 2023,24.21,24.95,24.19,24.38,24.38,447009018
Aug 10, 2023,24.38,24.81,24.15,24.61,24.61,339616018
Aug 11, 2023,24.61,24.87,24.36,24.58,24.58,314045619
Aug 12, 2023,24.59,25.11,24.41,24.91,24.91,253389584
Aug 13, 2023,24.91,24.91,24.24,24.24,24.24,263449955
Aug 14, 2023,24.24,25.23,24.1,25.14,25.14,359715099
Aug 15, 2023,25.15,25.24,23.76,23.9,23.9,424193111
Aug 16, 2023,23.9,23.99,22.49,22.81,22.81,441171937
Aug 17, 2023,22.81,23.38,20.3,21.71,21.71,620931325
Aug 18, 2023,21.71,22.17,21.09,21.34,21.34,411279768
Aug 19, 2023,21.34,22.15,21.32,21.88,21.88,244048976
Aug 20, 2023,21.88,22.0,21.63,21.77,21.77,198853112
Aug 21, 2023,21.77,21.78,20.68,21.21,21.21,339125910
Aug 22, 2023,21.21,21.25,19.74,20.55,20.55,381594696
Aug 23, 2023,20.55,21.75,20.45,21.7,21.7,404686524
Aug 24, 2023,21.71,21.99,20.75,21.03,21.03,328472951
Aug 25, 2023,21.04,21.05,20.15,20.39,20.39,278312420
Aug 26, 2023,20.39,20.4,20.22,20.28,20.28,144065112
Aug 27, 2023,20.28,20.87,20.26,20.79,20.79,177496132
Aug 28, 2023,20.79,20.79,20.17,20.56,20.56,200600033
Aug 29, 2023,20.56,21.98,20.13,21.78,21.78,469679540
Aug 30, 2023,21.78,21.93,20.64,20.83,20.83,292322455
Aug 31, 2023,20.83,21.01,19.55,19.74,19.74,343649256
Sep 01, 2023,19.73,19.91,19.09,19.33,19.33,286842939
Sep 02, 2023,19.33,19.67,19.19,19.49,19.49,200858690
Sep 03, 2023,19.49,19.66,19.28,19.58,19.58,164570332
Sep 04, 2023,19.58,19.95,19.24,19.5,19.5,220024399
Sep 05, 2023,19.5,20.55,19.09,20.27,20.27,387328289
Sep 06, 2023,20.27,20.35,19.22,19.62,19.62,313630984
Sep 07, 2023,19.62,19.97,19.37,19.89,19.89,242438252
Sep 08, 2023,19.89,20.21,19.42,19.6,19.6,219114497
Sep 09, 2023,19.6,19.6,19.4,19.45,19.45,101925453
Sep 10, 2023,19.45,19.45,17.87,18.25,18.25,520683204
Sep 11, 2023,18.25,18.41,17.46,17.74,17.74,380225621
Sep 12, 2023,17.74,18.66,17.61,17.93,17.93,361388393
Sep 13, 2023,17.93,18.51,17.74,18.4,18.4,356729875
Sep 14, 2023,18.4,19.27,18.4,18.84,18.84,349380172
Sep 15, 2023,18.84,19.41,18.59,19.17,19.17,205202282
Sep 16, 2023,19.17,19.42,18.92,19.14,19.14,146477836
Sep 17, 2023,19.14,19.14,18.71,18.83,18.83,112594680
Sep 18, 2023,18.83,20.1,18.65,19.66,19.66,316245106
Sep 19, 2023,19.66,20.36,19.61,20.04,20.04,253895801
Sep 20, 2023,20.04,20.48,19.85,20.3,20.3,233206126
Sep 21, 2023,20.3,20.3,19.37,19.48,19.48,253809695
Sep 22, 2023,19.48,19.77,19.22,19.44,19.44,170874161
Sep 23, 2023,19.44,19.56,19.31,19.47,19.47,97379053
Sep 24, 2023,19.47,19.66,19.31,19.37,19.37,115380619
Sep 25, 2023,19.37,19.7,19.22,19.4,19.4,163848456
Sep 26, 2023,19.4,19.51,18.94,19.02,19.02,170201883
Sep 27, 2023,19.02,19.45,18.77,19.13,19.13,210385139
Sep 28, 2023,19.13,19.96,19.11,19.96,19.96,225954938
Sep 29, 2023,19.96,20.42,19.88,20.3,20.3,219571069
Sep 30, 2023,20.3,21.73,20.12,21.4,21.4,328987954
Oct 01, 2023,21.39,24.4,21.17,23.84,23.84,637123111
Oct 02, 2023,23.84,24.6,22.98,23.37,23.37,658084028
Oct 03, 2023,23.37,24.66,23.3,23.55,23.55,653491878
Oct 04, 2023,23.56,23.75,22.69,23.14,23.14,429268875
Oct 05, 2023,23.15,23.72,22.63,22.69,22.69,361288781
Oct 06, 2023,22.69,23.71,22.69,23.42,23.42,402665506
Oct 07, 2023,23.42,24.1,23.12,23.29,23.29,278403509
Oct 08, 2023,23.29,23.61,23.14,23.25,23.25,190670414
Oct 09, 2023,23.24,23.35,21.81,22.12,22.12,356967743
Oct 10, 2023,22.12,22.46,21.74,22.11,22.11,241087146
Oct 11, 2023,22.11,22.39,21.68,22.01,22.01,278925381
Oct 12, 2023,22.01,22.02,21.07,21.3,21.3,283320977
Oct 13, 2023,21.3,22.16,21.13,21.83,21.83,269268807
Oct 14, 2023,21.83,22.2,21.82,22.01,22.01,174004594
Oct 15, 2023,22.01,22.14,21.71,21.92,21.92,178940996
Oct 16, 2023,21.92,24.41,21.92,23.98,23.98,726713710
Oct 17, 2023,23.98,24.49,23.64,23.96,23.96,520830665
Oct 18, 2023,23.96,24.3,23.42,23.43,23.43,362606644
Oct 19, 2023,23.43,25.39,23.26,24.94,24.94,663249208
Oct 20, 2023,24.94,27.32,24.77,27.03,27.03,910991447
Oct 21, 2023,27.03,30.14,26.71,29.39,29.39,1160814433
Oct 22, 2023,29.38,29.97,28.21,29.04,29.04,665340924
Oct 23, 2023,29.26,32.47,28.9,31.85,31.85,1581590969
Oct 24, 2023,31.85,32.36,29.7,30.15,30.15,1450364573
Oct 25, 2023,30.15,33.69,30.06,32.46,32.46,1458706203
Oct 26, 2023,32.46,33.22,30.8,32.78,32.78,1015617285
Oct 27, 2023,32.78,33.3,31.53,31.74,31.74,870812666
Oct 28, 2023,31.74,32.48,31.51,31.65,31.65,380462073
Oct 29, 2023,31.65,33.13,31.43,32.82,32.82,507672244
Oct 30, 2023,32.82,35.17,32.39,34.96,34.96,1099930941
Oct 31, 2023,34.96,38.55,34.91,38.52,38.52,1577034191
Nov 01, 2023,38.51,46.25,37.96,41.46,41.46,3630725002
Nov 02, 2023,41.39,44.49,38.98,40.21,40.21,2583692673
Nov 03, 2023,40.21,40.23,38.22,39.52,39.52,1755955299
Nov 04, 2023,39.52,42.7,39.17,42.35,42.35,1454107898
Nov 05, 2023,42.37,42.8,40.38,41.24,41.24,884855278
Nov 06, 2023,41.24,42.16,39.83,42.13,42.13,1010459088
Nov 07, 2023,42.14,44.43,40.32,43.09,43.09,1780187159
Nov 08, 2023,43.09,43.81,42.39,43.19,43.19,1009177437
Nov 09, 2023,43.18,48.7,42.61,45.44,45.44,2830770419
Nov 10, 2023,45.44,57.35,45.22,56.64,56.64,3795204638
Nov 11, 2023,56.64,63.42,54.04,56.1,56.1,4182963132
Nov 12, 2023,56.13,61.71,54.94,56.15,56.15,2987356952
Nov 13, 2023,56.18,59.71,51.91,51.91,51.91,2942685126
Nov 14, 2023,51.9,57.73,51.71,56.84,56.84,3195616616
Nov 15, 2023,56.84,66.87,56.31,65.53,65.53,3793937162
Nov 16, 2023,65.54,67.99,56.81,57.87,57.87,3922608772
Nov 17, 2023,57.92,60.42,54.55,58.42,58.42,3185454735
Nov 18, 2023,58.39,59.28,55.06,58.51,58.51,1942321169
Nov 19, 2023,58.52,62.02,56.88,61.39,61.39,1998656461
Nov 20, 2023,61.37,61.37,56.35,56.53,56.53,1937313546
Nov 21, 2023,56.54,57.37,51.56,52.0,52.0,2440890238
Nov 22, 2023,52.0,58.79,51.74,57.59,57.59,1985653842
Nov 23, 2023,57.58,59.47,56.29,56.6,56.6,1379316733
Nov 24, 2023,56.58,58.69,56.35,56.87,56.87,1146346831
Nov 25, 2023,56.87,59.65,56.33,58.85,58.85,1183793273
Nov 26, 2023,58.85,58.96,56.51,57.64,57.64,871154750
Nov 27, 2023,57.63,58.02,53.71,55.06,55.06,1237763215
Nov 28, 2023,55.06,58.61,54.09,58.19,58.19,1412314015
Nov 29, 2023,58.19,61.65,57.86,59.25,59.25,1941361674
Nov 30, 2023,59.25,61.44,58.95,59.24,59.24,1263841021
Dec 01, 2023,59.24,61.76,58.78,59.8,59.8,1376669760
Dec 02, 2023,59.8,63.83,59.77,63.83,63.83,1346327049
Dec 03, 2023,63.82,65.4,62.42,63.04,63.04,1368876645
Dec 04, 2023,63.04,65.13,60.28,61.53,61.53,2211865569
Dec 05, 2023,61.53,62.54,59.25,60.99,60.99,1693517649
Dec 06, 2023,60.98,66.38,60.98,61.9,61.9,3030993886
Dec 07, 2023,61.93,69.3,61.87,67.84,67.84,3002455075
Dec 08, 2023,67.85,75.13,67.84,75.0,75.0,3612712432
Dec 09, 2023,74.99,77.5,72.04,72.26,72.26,2893248364
Dec 10, 2023,72.27,74.72,70.92,74.71,74.71,1849363354
Dec 11, 2023,74.71,74.84,67.22,70.37,70.37,3729540309
Dec 12, 2023,70.34,72.34,65.97,68.54,68.54,2366453484
Dec 13, 2023,68.53,72.35,64.37,70.77,70.77,2414610075
Dec 14, 2023,70.75,76.18,69.86,75.62,75.62,2464938440
Dec 15, 2023,75.64,79.15,72.37,72.37,72.37,2821390652
Dec 16, 2023,72.43,77.08,71.57,73.47,73.47,1781972898
Dec 17, 2023,73.47,74.72,70.82,71.0,71.0,1552380672
Dec 18, 2023,70.93,75.38,67.33,74.35,74.35,2281865174
Dec 19, 2023,74.35,76.27,72.01,72.99,72.99,1900875405
Dec 20, 2023,72.99,83.96,72.99,82.19,82.19,3745738278
Dec 21, 2023,82.19,95.32,81.24,93.85,93.85,4711493441
Dec 22, 2023,93.86,99.12,90.8,98.0,98.0,5284203995
Dec 23, 2023,98.0,109.51,93.11,107.59,107.59,3957434568
Dec 24, 2023,107.73,117.38,107.73,112.49,112.49,6365529251
Dec 25, 2023,112.56,125.19,108.9,121.15,121.15,5951791518
Dec 26, 2023,121.08,121.14,104.73,112.68,112.68,6117657160
Dec 27, 2023,112.65,115.03,105.43,107.02,107.02,4267938569
Dec 28, 2023,107.02,109.42,97.67,102.1,102.1,4492625126
Dec 29, 2023,102.07,109.67,100.06,106.31,106.31,4445797973
Dec 30, 2023,106.3,107.33,101.07,101.85,101.85,1863177830
Dec 31, 2023,101.84,105.13,99.89,101.51,101.51,1748630533
Jan 01, 2024,101.51,109.51,101.51,109.51,109.51,2157671990
Jan 02, 2024,109.55,116.88,106.39,106.61,106.61,3782057553
Jan 03, 2024,106.62,109.85,92.92,98.59,98.59,5472216595
Jan 04, 2024,98.59,107.98,97.11,105.08,105.08,3272723247
Jan 05, 2024,105.05,105.24,95.94,99.98,99.98,3022127826
Jan 06, 2024,99.99,100.04,92.02,93.86,93.86,2235902092
Jan 07, 2024,93.86,96.69,88.22,89.28,89.28,2288061692
Jan 08, 2024,89.28,99.76,85.65,97.79,97.79,4152448360
Jan 09, 2024,97.82,103.8,95.89,99.41,99.41,4070131683
Jan 10, 2024,99.38,105.08,92.56,102.03,102.03,4216429514
Jan 11, 2024,102.1,106.94,98.41,99.91,99.91,4174026719
Jan 12, 2024,99.91,100.25,88.31,91.72,91.72,2868799888
Jan 13, 2024,91.76,96.92,89.75,95.73,95.73,1880329065
Jan 14, 2024,95.73,102.17,93.89,94.13,94.13,2736734725
Jan 15, 2024,94.04,96.82,93.24,94.49,94.49,1755858499
Jan 16, 2024,94.44,98.6,94.4,97.63,97.63,1806576879
Jan 17, 2024,97.62,102.43,97.06,102.06,102.06,3220344763
Jan 18, 2024,102.03,102.92,92.14,94.25,94.25,2684524713
Jan 19, 2024,94.25,95.16,87.48,93.39,93.39,2631067383
Jan 20, 2024,93.39,94.03,90.49,92.57,92.57,1204443546
Jan 21, 2024,92.59,93.71,90.85,90.85,90.85,894963197
Jan 22, 2024,90.9,91.64,82.66,83.62,83.62,2662287481
Jan 23, 2024,83.62,85.84,79.07,84.27,84.27,2990436327
Jan 24, 2024,84.29,89.27,83.42,88.73,88.73,2352477736
Jan 25, 2024,88.74,89.38,85.27,86.89,86.89,1674093024
Jan 26, 2024,86.89,93.53,86.15,92.44,92.44,2027305107
Jan 27, 2024,92.39,94.44,90.84,94.16,94.16,1256585307
Jan 28, 2024,94.18,99.38,93.54,95.94,95.94,2425625612
Jan 29, 2024,95.94,101.77,95.18,101.57,101.57,2604890575
Jan 30, 2024,101.57,106.21,101.11,101.47,101.47,3328090833
Jan 31, 2024,101.45,102.55,96.1,97.03,97.03,3814467068
Feb 01, 2024,97.02,97.94,93.38,97.85,97.85,2951395444
Feb 02, 2024,97.83,102.41,97.57,100.44,100.44,2574044077
Feb 03, 2024,100.45,101.06,96.81,97.88,97.88,1349320819
Feb 04, 2024,97.89,98.46,95.27,95.48,95.48,1304106726
Feb 05, 2024,95.47,98.54,94.29,95.55,95.55,1635327054
Feb 06, 2024,95.55,97.79,93.28,96.86,96.86,1699997346
Feb 07, 2024,96.86,101.24,94.72,100.98,100.98,1733607189
Feb 08, 2024,101.0,104.8,100.55,102.79,102.79,2288429230
Feb 09, 2024,102.79,108.99,102.79,106.93,106.93,2852770180
Feb 10, 2024,106.93,110.74,106.93,109.13,109.13,1836561570
Feb 11, 2024,109.12,110.56,107.36,107.5,107.5,1370383843
Feb 12, 2024,107.49,112.07,103.61,111.99,111.99,2650731894
Feb 13, 2024,111.98,114.81,108.49,112.58,112.58,2709494768
Feb 14, 2024,112.57,118.33,110.88,116.98,116.98,2391239729
Feb 15, 2024,116.99,118.31,111.78,113.7,113.7,2471486178
Feb 16, 2024,113.67,114.25,108.35,110.45,110.45,1921299579
Feb 17, 2024,110.44,111.07,106.13,108.98,108.98,1370606631
Feb 18, 2024,108.99,114.0,107.61,112.17,112.17,1516321334
Feb 19, 2024,112.18,114.72,111.08,111.49,111.49,1898655220
Feb 20, 2024,111.48,112.04,104.89,108.46,108.46,2656976089
Feb 21, 2024,108.45,108.45,100.41,105.13,105.13,2246861647
Feb 22, 2024,105.12,107.0,101.64,101.67,101.67,1830636004
Feb 23, 2024,101.67,103.02,98.96,99.95,99.95,1483285120
Feb 24, 2024,99.95,104.65,98.59,104.13,104.13,1083637514
Feb 25, 2024,104.13,104.33,102.17,103.45,103.45,909662462
Feb 26, 2024,103.45,110.58,100.46,109.92,109.92,2334408023
Feb 27, 2024,109.92,112.2,105.9,108.39,108.39,2723995106
Feb 28, 2024,108.4,118.05,107.46,118.05,118.05,5029492553
Feb 29, 2024,118.24,134.47,117.67,125.71,125.71,6950123902
Mar 01, 2024,125.64,137.6,125.64,129.99,129.99,4743077738
Mar 02, 2024,129.98,131.45,127.68,129.7,129.7,2741772676
Mar 03, 2024,129.79,132.06,125.77,130.45,130.45,2875614168
Mar 04, 2024,130.42,134.87,127.8,133.19,133.19,4429758300
Mar 05, 2024,133.16,142.65,109.54,125.71,125.71,8980294607
Mar 06, 2024,125.7,134.81,120.32,130.74,130.74,5146680159
Mar 07, 2024,130.74,149.22,130.7,143.98,143.98,7111178325
Mar 08, 2024,143.98,152.42,142.54,145.24,145.24,5474659974
Mar 09, 2024,145.24,149.35,144.29,144.61,144.61,2946261381
Mar 10, 2024,144.61,148.67,140.84,144.52,144.52,3407621981
Mar 11, 2024,144.51,150.02,137.63,148.75,148.75,5383624184
Mar 12, 2024,148.75,154.94,142.87,151.02,151.02,6413617983
Mar 13, 2024,151.02,166.45,148.95,163.84,163.84,5917471836
Mar 14, 2024,163.84,177.89,160.23,176.68,176.68,8399967972
Mar 15, 2024,176.68,188.5,165.41,182.96,182.96,14093348410
Mar 16, 2024,182.97,197.66,177.46,181.88,181.88,11794134069
Mar 17, 2024,181.88,204.29,179.23,202.12,202.12,10876218562
Mar 18, 2024,202.12,209.7,194.85,195.99,195.99,11137647410
Mar 19, 2024,195.99,198.24,166.18,170.02,170.02,11658593922
Mar 20, 2024,170.02,192.91,163.3,191.55,191.55,8673957460
Mar 21, 2024,191.55,195.31,176.28,179.22,179.22,5613811275
Mar 22, 2024,179.24,181.32,167.88,174.36,174.36,4150938142
Mar 23, 2024,174.36,178.8,171.02,172.9,172.9,2711581881
Mar 24, 2024,172.9,186.63,171.67,183.57,183.57,2661231893
Mar 25, 2024,183.57,194.43,181.25,189.08,189.08,4066489821
Mar 26, 2024,189.08,196.29,186.75,190.7,190.7,3520179571
Mar 27, 2024,190.7,192.5,180.42,186.36,186.36,3844985014
Mar 28, 2024,186.36,190.88,181.0,189.62,189.62,2910414256
Mar 29, 2024,189.62,192.97,183.65,192.23,192.23,3031009580
Mar 30, 2024,192.23,199.73,191.22,194.39,194.39,2999311846
Mar 31, 2024,194.38,203.03,194.04,202.87,202.87,2342185476
Apr 01, 2024,202.87,204.18,187.49,192.57,192.57,3872515434
Apr 02, 2024,192.57,192.57,176.13,181.17,181.17,4553269015
Apr 03, 2024,181.17,191.69,177.4,185.25,185.25,4160370221
Apr 04, 2024,185.25,190.07,180.51,183.96,183.96,4101220964
Apr 05, 2024,183.96,184.98,168.24,174.5,174.5,7398400404
Apr 06, 2024,174.5,179.7,173.87,178.92,178.92,4672922789
Apr 07, 2024,178.92,182.54,177.07,179.65,179.65,1854793003
Apr 08, 2024,179.65,184.3,175.59,180.78,180.78,2744377905
Apr 09, 2024,180.78,180.83,169.37,172.41,172.41,2688188866
Apr 10, 2024,172.41,175.32,163.81,173.44,173.44,3344074648
Apr 11, 2024,173.44,176.24,170.39,172.58,172.58,2712334365
Apr 12, 2024,172.58,175.81,145.52,153.64,153.64,4727185451
Apr 13, 2024,153.63,154.94,119.83,139.34,139.34,8976793985
Apr 14, 2024,139.34,152.5,131.29,151.28,151.28,7110974218
Apr 15, 2024,151.3,155.96,134.57,138.51,138.51,5699439234
Apr 16, 2024,138.51,140.28,126.87,136.28,136.28,5156084639
Apr 17, 2024,136.28,142.6,127.53,131.87,131.87,4888546522
Apr 18, 2024,131.87,143.73,128.08,142.08,142.08,4193561506
Apr 19, 2024,142.08,147.33,128.86,142.68,142.68,5857667913
Apr 20, 2024,142.68,152.1,140.01,151.13,151.13,2795892211
Apr 21, 2024,151.13,153.42,147.17,148.61,148.61,2211663291
Apr 22, 2024,148.61,158.37,146.99,157.03,157.03,2959650502
Apr 23, 2024,157.03,159.94,153.32,154.7,154.7,2750685937
Apr 24, 2024,154.7,159.58,145.77,147.75,147.75,3932336720
Apr 25, 2024,147.75,149.3,142.26,144.89,144.89,3674969172
Apr 26, 2024,144.89,145.85,138.91,139.1,139.1,2564389027
Apr 27, 2024,139.1,142.87,134.03,141.29,141.29,2373155947
Apr 28, 2024,141.29,144.51,137.23,137.86,137.86,1959005342
Apr 29, 2024,137.86,138.74,133.71,137.78,137.78,2464951751
Apr 30, 2024,137.78,139.67,121.64,126.96,126.96,3407320371
May 01, 2024,126.96,135.11,119.38,134.63,134.63,4136407963
May 02, 2024,134.63,140.28,128.26,137.81,137.81,3380078368
May 03, 2024,137.81,144.96,136.12,143.77,143.77,3216962298
May 04, 2024,143.77,148.94,142.57,146.14,146.14,3050187811
May 05, 2024,146.14,147.92,143.48,145.71,145.71,2034794725
May 06, 2024,145.71,156.63,145.58,152.8,152.8,2926902880
May 07, 2024,152.81,159.05,148.08,148.13,148.13,2687619013
May 08, 2024,148.13,149.81,140.17,142.29,142.29,2502237557
May 09, 2024,142.29,153.09,140.79,152.85,152.85,2249863780
May 10, 2024,152.85,155.41,144.94,146.22,146.22,2471594251
May 11, 2024,146.22,147.43,143.33,145.31,145.31,1243751505
May 12, 2024,145.31,147.57,142.88,143.52,143.52,936690341
May 13, 2024,143.52,150.55,138.03,147.28,147.28,2556255769
May 14, 2024,147.28,148.83,141.91,142.03,142.03,2586166419
May 15, 2024,142.03,158.64,141.35,158.19,158.19,3585715674
May 16, 2024,158.19,164.32,156.77,159.12,159.12,3498272951
May 17, 2024,159.12,171.61,159.12,169.53,169.53,3371355809
May 18, 2024,169.53,175.78,168.93,172.54,172.54,2479657643
May 19, 2024,172.54,175.19,166.73,170.09,170.09,2300080451
May 20, 2024,170.09,187.45,168.03,186.52,186.52,4636864705
May 21, 2024,186.52,188.49,174.71,178.12,178.12,4568414163
May 22, 2024,178.12,183.07,175.45,176.86,176.86,3833758536
May 23, 2024,176.86,180.17,167.4,175.99,175.99,5117258940
May 24, 2024,175.99,176.03,162.87,167.8,167.8,4013502065
May 25, 2024,167.8,170.36,166.11,168.44,168.44,1875205755
May 26, 2024,168.44,168.44,161.26,163.35,163.35,2543881488
May 27, 2024,163.35,171.99,163.34,170.0,170.0,2745440475
May 28, 2024,170.0,173.02,164.97,168.65,168.65,3342283019
May 29, 2024,168.65,173.64,167.32,168.07,168.07,2852496248
May 30, 2024,168.07,172.42,163.68,166.98,166.98,2932316784
May 31, 2024,166.98,170.63,163.93,165.64,165.64,2415920333
Jun 01, 2024,165.64,167.74,165.59,166.03,166.03,1058869941
Jun 02, 2024,166.03,166.92,161.65,163.25,163.25,1562269041
Jun 03, 2024,163.25,167.04,161.85,164.92,164.92,2182487608
Jun 04, 2024,164.93,171.82,164.52,171.8,171.8,2057558426
Jun 05, 2024,171.8,175.48,171.38,173.48,173.48,2405906612
Jun 06, 2024,173.48,174.3,167.86,170.02,170.02,1965442993
Jun 07, 2024,170.02,172.44,155.8,162.51,162.51,3298527575
Jun 08, 2024,162.5,163.62,157.54,157.97,157.97,1722237785
Jun 09, 2024,157.96,162.92,156.77,162.08,162.08,1475878151
Jun 10, 2024,162.08,162.83,157.77,158.93,158.93,1815361482
Jun 11, 2024,158.93,159.52,145.87,149.43,149.43,2812642453
Jun 12, 2024,149.42,161.51,145.82,155.18,155.18,2853692260
Jun 13, 2024,155.19,155.19,146.17,147.31,147.31,2085097655
Jun 14, 2024,147.28,148.79,140.12,143.09,143.09,2330458883
Jun 15, 2024,143.07,145.54,143.02,145.41,145.41,1065293341
Jun 16, 2024,145.42,151.13,143.18,151.13,151.13,1147997523
Jun 17, 2024,151.14,151.58,140.14,143.33,143.33,2244770232
Jun 18, 2024,143.31,143.61,130.29,137.5,137.5,4046511952
Jun 19, 2024,137.48,141.67,134.73,135.61,135.61,2241396569
Jun 20, 2024,135.61,141.08,132.09,133.47,133.47,2343938226
Jun 21, 2024,133.47,135.23,128.92,134.59,134.59,2214701928
Jun 22, 2024,134.57,136.46,133.14,133.67,133.67,948392979
Jun 23, 2024,133.66,135.01,128.27,128.59,128.59,1063910411
Jun 24, 2024,128.6,132.31,123.67,132.24,132.24,3420423301
Jun 25, 2024,132.27,139.73,131.3,136.56,136.56,2517391150
Jun 26, 2024,136.55,140.17,134.93,136.61,136.61,1670038554
Jun 27, 2024,136.61,150.77,135.24,149.45,149.45,2831651846
Jun 28, 2024,149.45,150.05,139.31,139.7,139.7,2396070692
Jun 29, 2024,139.72,142.82,139.67,140.01,140.01,1139066175
Jun 30, 2024,140.01,147.2,137.14,146.49,146.49,1567841881
Jul 01, 2024,146.48,148.8,145.82,146.6,146.6,1814659116
Jul 02, 2024,146.59,154.71,146.12,153.7,153.7,2024773533
Jul 03, 2024,153.71,154.2,139.52,140.73,140.73,2813419415
Jul 04, 2024,140.72,142.51,127.55,127.55,127.55,3243822145
Jul 05, 2024,127.61,135.85,122.44,134.37,134.37,4644036182
Jul 06, 2024,134.36,144.01,132.61,143.24,143.24,2078535871
Jul 07, 2024,143.19,143.19,131.77,131.77,131.77,1842515124
Jul 08, 2024,131.8,141.63,128.56,139.46,139.46,3692404575
Jul 09, 2024,139.54,143.93,136.74,141.35,141.35,2418798702
Jul 10, 2024,141.37,145.85,138.86,141.97,141.97,1952272010
Jul 11, 2024,141.98,145.32,135.85,135.88,135.88,2286890972
Jul 12, 2024,135.86,140.42,134.16,139.53,139.53,1990173458
Jul 13, 2024,139.53,143.37,138.18,141.92,141.92,1131518484
Jul 14, 2024,141.93,148.55,141.93,147.62,147.62,2009294488
Jul 15, 2024,147.67,159.94,147.2,159.93,159.93,2580623500
Jul 16, 2024,159.77,162.47,153.05,160.55,160.55,3034234774
Jul 17, 2024,160.56,163.6,155.07,155.58,155.58,2255652667
Jul 18, 2024,155.59,161.59,155.57,159.07,159.07,2044591406
Jul 19, 2024,159.09,171.51,156.61,169.19,169.19,3617009839
Jul 20, 2024,169.18,174.83,167.56,173.89,173.89,1908476088
Jul 21, 2024,173.89,184.87,171.12,184.54,184.54,3080452915
Jul 22, 2024,184.55,184.79,177.04,178.98,178.98,2808509242
Jul 23, 2024,178.98,180.5,170.99,172.76,172.76,3230351478
Jul 24, 2024,172.76,182.36,171.21,178.03,178.03,3112174836
Jul 25, 2024,178.03,179.52,165.93,171.96,171.96,4067186719
Jul 26, 2024,171.96,183.54,171.88,183.14,183.14,2816314095
Jul 27, 2024,183.14,188.14,178.6,184.09,184.09,3248901126
Jul 28, 2024,184.09,186.51,181.4,184.89,184.89,1852374783
Jul 29, 2024,184.89,193.73,181.89,182.78,182.78,3654304391
Jul 30, 2024,182.77,184.18,176.02,179.11,179.11,2766172800
Jul 31, 2024,179.11,184.18,171.82,171.83,171.83,3055204208
Aug 01, 2024,171.83,172.69,157.99,167.67,167.67,4402828194
Aug 02, 2024,167.66,169.04,150.08,152.64,152.64,4507521137
Aug 03, 2024,152.64,153.78,140.22,142.92,142.92,3620526646
Aug 04, 2024,142.92,145.84,132.14,138.06,138.06,4333596296
Aug 05, 2024,138.05,139.14,110.61,129.86,129.86,14114308949
Aug 06, 2024,129.86,149.35,129.79,144.09,144.09,5813459735
Aug 07, 2024,144.09,155.01,142.75,144.63,144.63,5529725414
Aug 08, 2024,144.63,163.03,142.02,162.93,162.93,5385642745
Aug 09, 2024,162.93,163.25,151.23,156.46,156.46,3217916997
Aug 10, 2024,156.46,158.59,152.87,153.96,153.96,1662980960
Aug 11, 2024,153.96,157.93,141.35,141.53,141.53,2411765937
Aug 12, 2024,141.53,150.81,141.44,146.45,146.45,3380174341
Aug 13, 2024,146.45,149.61,143.15,146.71,146.71,2224488388
Aug 14, 2024,146.71,151.73,142.72,143.92,143.92,2714536693
Aug 15, 2024,143.92,147.35,138.16,142.75,142.75,3032770371
Aug 16, 2024,142.74,144.8,136.38,139.33,139.33,2707615564
Aug 17, 2024,139.33,141.96,137.87,141.8,141.8,1199702073
Aug 18, 2024,141.8,146.96,140.96,142.59,142.59,1866239536
Aug 19, 2024,142.59,145.92,140.75,144.34,144.34,2077549615
Aug 20, 2024,144.35,148.65,141.36,143.17,143.17,2124392770
Aug 21, 2024,142.33,144.16,139.27,142.71,142.71,1923259439
Aug 22, 2024,142.71,144.81,140.93,143.26,143.26,1368400829
Aug 23, 2024,143.26,153.77,143.16,153.11,153.11,2560976300
Aug 24, 2024,153.11,162.17,152.15,160.73,160.73,2749419604
Aug 25, 2024,160.73,161.95,155.51,158.91,158.91,2085078554
Aug 26, 2024,158.91,161.91,155.88,157.24,157.24,2588808155
Aug 27, 2024,157.24,159.62,145.66,146.9,146.9,2783392784
Aug 28, 2024,146.9,148.69,140.97,143.89,143.89,2932401182
Aug 29, 2024,143.89,147.22,138.27,140.05,140.05,2098251665
Aug 30, 2024,140.05,141.01,132.45,138.1,138.1,2683385690
Aug 31, 2024,138.1,138.99,134.64,135.37,135.37,892155699
Sep 01, 2024,135.37,136.0,128.24,128.69,128.69,1974170865
Sep 02, 2024,128.69,135.35,127.27,135.0,135.0,2092221241
Sep 03, 2024,135.0,137.14,127.57,127.58,127.58,1787700523
Sep 04, 2024,127.58,134.87,123.61,133.6,133.6,2663812153
Sep 05, 2024,133.6,135.09,128.14,129.33,129.33,1926178088
Sep 06, 2024,129.33,134.17,121.06,124.99,124.99,3520537699
Sep 07, 2024,124.99,129.29,124.27,127.72,127.72,1321261949
Sep 08, 2024,127.72,131.52,126.81,129.99,129.99,1317794291
Sep 09, 2024,129.99,136.19,127.22,135.03,135.03,2443769044
Sep 10, 2024,135.03,137.81,132.63,135.64,135.64,1642358500
Sep 11, 2024,135.63,135.8,128.43,132.5,132.5,2122617674
Sep 12, 2024,132.5,136.61,132.44,136.14,136.14,1597055803
Sep 13, 2024,136.14,139.83,131.86,139.1,139.1,1668690414
Sep 14, 2024,139.1,139.73,135.94,137.18,137.18,952465288
Sep 15, 2024,137.18,137.92,130.97,131.5,131.5,1358403273
Sep 16, 2024,131.5,132.3,129.14,131.47,131.47,1623218789
Sep 17, 2024,131.47,135.49,130.48,131.54,131.54,1726861492
Sep 18, 2024,131.54,133.99,127.25,133.99,133.99,2260675347
Sep 19, 2024,133.99,143.9,133.99,142.84,142.84,2884543933
Sep 20, 2024,142.84,151.76,141.32,146.57,146.57,3241123621
Sep 21, 2024,146.57,149.84,144.8,149.53,149.53,1385610390
Sep 22, 2024,149.53,149.87,141.38,144.8,144.8,1597826979
Sep 23, 2024,144.8,148.97,142.64,144.81,144.81,2344229720
Sep 24, 2024,144.81,153.54,143.3,152.89,152.89,2927238360
Sep 25, 2024,152.89,153.55,147.45,148.02,148.02,2138602628
Sep 26, 2024,148.02,157.86,146.87,155.58,155.58,3009969111
Sep 27, 2024,155.58,160.98,154.13,157.75,157.75,2765830721
Sep 28, 2024,157.75,159.35,155.3,156.91,156.91,1300870644
Sep 29, 2024,156.91,161.62,155.24,158.63,158.63,1773980028
Sep 30, 2024,158.63,159.51,152.02,152.62,152.62,2376780676
Oct 01, 2024,152.62,157.26,142.84,145.29,145.29,3656164855
Oct 02, 2024,145.29,148.83,138.92,140.39,140.39,2892264150
Oct 03, 2024,140.38,142.81,133.55,136.79,136.79,2914986844
Oct 04, 2024,136.79,144.43,136.08,143.17,143.17,2361841303
Oct 05, 2024,143.17,144.83,141.17,142.71,142.71,1113937760
Oct 06, 2024,142.71,146.62,142.11,146.44,146.44,1168715645
Oct 07, 2024,146.44,152.1,143.6,143.99,143.99,2678803498
Oct 08, 2024,143.99,145.45,141.24,143.39,143.39,1710617951
Oct 09, 2024,143.4,145.13,138.8,139.32,139.32,1697499287
Oct 10, 2024,139.31,140.58,135.58,138.89,138.89,1770157917
Oct 11, 2024,138.89,146.43,138.76,145.38,145.38,1797846253
Oct 12, 2024,145.38,147.14,144.76,146.5,146.5,1118630507
Oct 13, 2024,146.5,148.71,144.62,147.57,147.57,1294444111
Oct 14, 2024,147.57,157.75,147.01,157.45,157.45,2929339176
Oct 15, 2024,157.45,158.72,150.91,154.72,154.72,3451652506
Oct 16, 2024,154.72,158.14,153.08,154.23,154.23,2397546608
Oct 17, 2024,154.24,155.55,147.94,150.32,150.32,2157747733
Oct 18, 2024,150.32,156.54,149.7,154.98,154.98,1754226839
Oct 19, 2024,154.98,159.71,153.91,159.64,159.64,1440375026
Oct 20, 2024,159.64,167.59,157.77,166.94,166.94,2579198899
Oct 21, 2024,166.94,171.43,161.81,166.22,166.22,3924173188
Oct 22, 2024,166.22,170.76,163.29,167.26,167.26,3470792372
Oct 23, 2024,167.26,173.82,164.19,170.93,170.93,3861697575
Oct 24, 2024,171.11,179.0,170.52,177.16,177.16,3529481044
Oct 25, 2024,177.16,177.19,160.04,164.76,164.76,4869966180
Oct 26, 2024,164.76,172.82,162.44,170.71,170.71,2755373492
Oct 27, 2024,170.71,177.9,170.19,176.55,176.55,2427933420
Oct 28, 2024,176.55,179.41,172.87,178.1,178.1,3623055701
Oct 29, 2024,178.1,183.04,176.86,179.36,179.36,3919545873
Oct 30, 2024,179.36,181.15,173.4,174.92,174.92,2772422773
Oct 31, 2024,174.93,176.28,167.58,168.43,168.43,2652620406
Nov 01, 2024,168.43,173.85,164.03,166.26,166.26,3157093060
Nov 02, 2024,166.26,168.46,162.39,166.01,166.01,1618170398
Nov 03, 2024,166.01,166.38,158.14,162.55,162.55,2645801646
Nov 04, 2024,162.55,164.71,155.17,157.75,157.75,2809006700
Nov 05, 2024,157.75,169.13,156.99,166.72,166.72,3243848057
Nov 06, 2024,166.72,189.92,166.7,186.95,186.95,9822932731
Nov 07, 2024,186.95,197.9,186.14,196.33,196.33,4700842780
Nov 08, 2024,196.33,204.97,196.02,199.94,199.94,5673142495
Nov 09, 2024,199.94,203.35,195.47,200.19,200.19,3363617004
Nov 10, 2024,200.2,215.18,198.98,210.61,210.61,8564655765
Nov 11, 2024,210.61,223.22,204.56,222.64,222.64,10290809023
Nov 12, 2024,222.64,225.01,205.45,212.23,212.23,11308516682
Nov 13, 2024,212.21,220.34,201.47,215.18,215.18,11296665808
Nov 14, 2024,215.18,222.64,207.5,209.22,209.22,8094554275
Nov 15, 2024,209.24,219.54,204.83,218.09,218.09,6109860311
Nov 16, 2024,218.57,221.66,213.8,215.85,215.85,4698955745
Nov 17, 2024,215.85,241.24,212.73,237.58,237.58,9981076722
Nov 18, 2024,237.58,248.19,234.4,239.79,239.79,8798714213
Nov 19, 2024,239.8,247.09,234.15,238.1,238.1,6711919414
Nov 20, 2024,238.09,242.11,230.91,235.42,235.42,6454141445
Nov 21, 2024,235.43,259.05,230.34,257.07,257.07,10735314060
Nov 22, 2024,257.08,263.7,252.14,256.52,256.52,7249493783
Nov 23, 2024,256.52,263.83,253.19,255.18,255.18,6234742858
Nov 24, 2024,255.18,259.63,243.12,252.92,252.92,5330146683
Nov 25, 2024,252.92,256.42,231.55,234.45,234.45,6616015635
Nov 26, 2024,234.45,239.64,222.96,230.98,230.98,6996936265
Nov 27, 2024,230.97,243.12,228.13,242.3,242.3,5381404312
Nov 28, 2024,242.3,245.2,233.2,237.76,237.76,4047310070
Nov 29, 2024,237.76,246.78,236.82,243.55,243.55,4152396835
Nov 30, 2024,243.55,245.24,237.72,237.74,237.74,3549156564
Dec 01, 2024,237.74,239.81,234.53,237.07,237.07,3726118866
Dec 02, 2024,237.07,237.88,220.55,225.76,225.76,7374176295
Dec 03, 2024,225.77,239.27,216.47,234.2,234.2,8404095315
Dec 04, 2024,234.2,240.72,225.25,229.12,229.12,6569129896
Dec 05, 2024,229.12,244.68,223.46,234.0,234.0,8820663279
